VaMe,time
-7.897359419194928e-05,0.001
-0.002377122986124247,0.002
-0.004560964565305784,0.003
-0.0064955180259928524,0.004
-0.008020286265727258,0.005
-0.008974494004312,0.006
-0.009259806499715065,0.007
-0.008905080538120167,0.008
-0.00807884964221346,0.009
-0.007028666993023722,0.01
-0.005982497370018938,0.011
-0.005090208565113471,0.012
-0.004433082185946314,0.013
-0.004028835324548473,0.014
-0.0037864007599731713,0.015
-0.003474264542227856,0.016
-0.0027726917977939965,0.017
-0.001413499945013628,0.018
0.0006434139842802316,0.019
0.0031068321783495087,0.02
0.005430559005386945,0.021
0.007045932811990043,0.022
0.007608495667274233,0.023
0.00713111760193802,0.024
0.005950748153501964,0.025
0.004551112825549237,0.026
0.00334500302842011,0.027
0.0025478124336008137,0.028
0.002196161510498232,0.029
0.0022401662960247135,0.03
0.0026001452955079045,0.031
0.003155605840131127,0.032
0.0037041283075196145,0.033
0.003940345544182321,0.034
0.0035077291580425675,0.035
0.0021443550738363404,0.036
-0.0001574443925766531,0.037
-0.0030990711020088715,0.038
-0.006158093300037135,0.039
-0.00875402197460983,0.04
-0.010426209079477665,0.041
-0.010920158528297402,0.042
-0.010131024846279531,0.043
-0.00801288132251663,0.044
-0.0046202392188756545,0.045
-0.0002814538546973497,0.046
0.00431224495530603,0.047
0.008272595498326856,0.048
0.010817971846016147,0.049
0.011488725120799438,0.05
0.010235485159241688,0.051
0.0074399272245092365,0.052
0.003819330787587805,0.053
0.00018189624244734057,0.054
-0.0028322720803854342,0.055
-0.004868211143839961,0.056
-0.005816627733675588,0.057
-0.005722235094069092,0.058
-0.004742970775115262,0.059
-0.003165204687202476,0.06
-0.001405222551114667,0.061
7.097103933782214e-05,0.062
0.0009135709130253905,0.063
0.001038045315322985,0.064
0.0006342731125090551,0.065
3.78151774417238e-05,0.066
-0.00043652167149442266,0.067
-0.0006148410473674541,0.068
-0.0004923901119275928,0.069
-0.00016900741771171362,0.07
0.0002451140177786941,0.071
0.0006791539998437041,0.072
0.0010881122027108646,0.073
0.0014033143164892913,0.074
0.0014986581762870756,0.075
0.0012413211841213892,0.076
0.0006156696284316787,0.077
-0.00022561150301899074,0.078
-0.0010621099904552732,0.079
-0.0017364917552255942,0.08
-0.002189738975185729,0.081
-0.002417152306444067,0.082
-0.002411858346138203,0.083
-0.0021289656941752785,0.084
-0.0014963701018968988,0.085
-0.000490867130218997,0.086
0.0007742945072232884,0.087
0.002036686405258763,0.088
0.0029682274362488794,0.089
0.0033256976488907435,0.09
0.0030951819356366942,0.091
0.002514336346028054,0.092
0.0019401209111239307,0.093
0.0016700547465670148,0.094
0.0018335324286731024,0.095
0.0023819265502627823,0.096
0.003139754995131252,0.097
0.00385470148323378,0.098
0.004218131596844669,0.099
0.003898872039970106,0.1
0.0026361558480845976,0.101
0.00036449218738794805,0.102
-0.002692806520900839,0.103
-0.006009938930928716,0.104
-0.008860830144840005,0.105
-0.010538107614172532,0.106
-0.010610847795018084,0.107
-0.009083117362440014,0.108
-0.006369270596522707,0.109
-0.0031273143928963023,0.11
-3.0380520925466863e-05,0.111
0.002459579957429194,0.112
0.004209574898949889,0.113
0.005338880789740739,0.114
0.006005999825489851,0.115
0.006220793980150831,0.116
0.0058241803834893704,0.117
0.004636626588554268,0.118
0.0026270995745731125,0.119
-8.872854623414069e-06,0.12
-0.0028519115246748543,0.121
-0.005327805186878412,0.122
-0.006855154431400969,0.123
-0.007027921548527139,0.124
-0.005738109718350339,0.125
-0.003193584154330723,0.126
0.00013707665833676883,0.127
0.0036168176756063088,0.128
0.006560332519938798,0.129
0.008367965833784304,0.13
0.0086495113830723,0.131
0.007334273040575053,0.132
0.004736980612304992,0.133
0.0014915713573990651,0.134
-0.0016423394566343345,0.135
-0.003972497353619479,0.136
-0.005011455124022211,0.137
-0.0045922502503132475,0.138
-0.002941410092303179,0.139
-0.0006457381174317823,0.14
0.0015085564901919733,0.141
0.0028085680611291837,0.142
0.0029138205804265915,0.143
0.0019936908902951165,0.144
0.0005917422901002504,0.145
-0.0006737707968909869,0.146
-0.0013807631176222513,0.147
-0.0014235011655091623,0.148
-0.0009657946951468179,0.149
-0.00030498920334576306,0.15
0.0002647347514379623,0.151
0.000561074505492531,0.152
0.0005792057006512234,0.153
0.0004684807028792191,0.154
0.0004154234712525467,0.155
0.0005141603687787315,0.156
0.0007040839557638115,0.157
0.0007953081610000301,0.158
0.000566106659003007,0.159
-0.00012293471553370572,0.16
-0.0012607952394089,0.161
-0.0026765959242098145,0.162
-0.004085810775944595,0.163
-0.005187865892805976,0.164
-0.005768110836460442,0.165
-0.005750156793523572,0.166
-0.005184933280240815,0.167
-0.004191241950412008,0.168
-0.002890094887034334,0.169
-0.0013823493777968255,0.17
0.00023262328369575075,0.171
0.0018289792748015662,0.172
0.0032242681026296927,0.173
0.004179065182428934,0.174
0.004469153207517544,0.175
0.003974896869096385,0.176
0.0027122341186039556,0.177
0.0008434206405490145,0.178
-0.0012782493741421317,0.179
-0.003086389772829596,0.18
-0.003908842621317289,0.181
-0.0032211569409495793,0.182
-0.0009225413475386854,0.183
0.0025436979688934695,0.184
0.006326868993727046,0.185
0.009509960223501972,0.186
0.011460918203696453,0.187
0.011987570177438843,0.188
0.011239434011596078,0.189
0.009492363154033586,0.19
0.007021049133283823,0.191
0.004097887584935414,0.192
0.0009683484420185165,0.193
-0.0022170588690356946,0.194
-0.005361816592516025,0.195
-0.00828670953227275,0.196
-0.010692538958408014,0.197
-0.012273721217076003,0.198
-0.01282560890768398,0.199
-0.01224483346688809,0.2
-0.010499451603554599,0.201
-0.00766515128304209,0.202
-0.004006183503490126,0.203
3.73223906530167e-06,0.204
0.0037812874499377827,0.205
0.006794176643749489,0.206
0.008671468004775702,0.207
0.009221720900897512,0.208
0.00838027665425896,0.209
0.006130358425992466,0.21
0.002498939380434534,0.211
-0.002294651576242998,0.212
-0.007628725059805202,0.213
-0.012409137911529537,0.214
-0.015264582754608898,0.215
-0.014978374016730082,0.216
-0.010998891503423355,0.217
-0.0037892668290406845,0.218
0.005171306411538733,0.219
0.013732534579380399,0.22
0.01967186013527037,0.221
0.021450332579550074,0.222
0.018825003725904586,0.223
0.01288549359460823,0.224
0.005460429560408791,0.225
-0.0016769773366290038,0.226
-0.007347563203220722,0.227
-0.011092106586965921,0.228
-0.012987644326865505,0.229
-0.013339553529972957,0.23
-0.012420864810103788,0.231
-0.01038466190530946,0.232
-0.0073456783122526955,0.233
-0.003500196142175082,0.234
0.0007948356681045918,0.235
0.004971189147584157,0.236
0.0083082435052392,0.237
0.010209245190050871,0.238
0.01051206535337342,0.239
0.009503370379674332,0.24
0.007667489454411356,0.241
0.0054840055270033786,0.242
0.003376078186171234,0.243
0.001685589295636387,0.244
0.0005995766907903311,0.245
8.489506889047468e-05,0.246
-7.808945948452683e-05,0.247
-0.00017732752030089966,0.248
-0.00046353209027856507,0.249
-0.0011068169409293583,0.25
-0.002187512658158865,0.251
-0.003684852731291337,0.252
-0.00546157284995803,0.253
-0.007245708455339159,0.254
-0.008605351839304845,0.255
-0.008979827522095243,0.256
-0.007882381927971725,0.257
-0.005211997581769888,0.258
-0.001415631468216319,0.259
0.0025958831852073644,0.26
0.00568303206495556,0.261
0.0068761624943108795,0.262
0.00585519734605252,0.263
0.0031056401732382334,0.264
-0.0004043606684968679,0.265
-0.003660667551402376,0.266
-0.005886537738679092,0.267
-0.006701448923713269,0.268
-0.006161749105174923,0.269
-0.004663526984534476,0.27
-0.002754399139481274,0.271
-0.0009088641842987361,0.272
0.00066521698132448,0.273
0.0020715523534745326,0.274
0.00357970298366695,0.275
0.005397277451923173,0.276
0.007495449769531721,0.277
0.009566226112242684,0.278
0.011113635105656976,0.279
0.011618071765393975,0.28
0.01070523570972672,0.281
0.008289239681319992,0.282
0.004688483245235545,0.283
0.0006408696596955547,0.284
-0.002884975534042403,0.285
-0.005037146622032431,0.286
-0.0054272032560992835,0.287
-0.004319323036265587,0.288
-0.0025309057016413106,0.289
-0.0010440804920396694,0.29
-0.0005424639423168265,0.291
-0.0011524560480292577,0.292
-0.0025169622682690317,0.293
-0.0041041168902260505,0.294
-0.005509265247917614,0.295
-0.006565068323020559,0.296
-0.007268926737331851,0.297
-0.007658704053169046,0.298
-0.007734194050994201,0.299
-0.007430290439579655,0.3
-0.0066269692753279374,0.301
-0.005208132612200131,0.302
-0.003153445833833484,0.303
-0.0006080702633133894,0.304
0.0021029045100954217,0.305
0.004524549410402929,0.306
0.0062014341728993385,0.307
0.006865690099589873,0.308
0.00658044233621164,0.309
0.005726690952809892,0.31
0.004843243013392431,0.311
0.004429022621430211,0.312
0.004781765398213008,0.313
0.005894092503633705,0.314
0.007439717120647326,0.315
0.008863535777551819,0.316
0.00952378981389829,0.317
0.008844117999834564,0.318
0.006483464286265899,0.319
0.002495459823540898,0.32
-0.0025961541903714827,0.321
-0.00785801009245243,0.322
-0.012158914193627668,0.323
-0.014490558452604295,0.324
-0.014288714276005372,0.325
-0.011652301772326148,0.326
-0.00740802200507136,0.327
-0.0029543546915347624,0.328
0.00018207798898493705,0.329
0.0009595381376588333,0.33
-0.0007092632104211253,0.331
-0.003854769514836291,0.332
-0.006774009613634826,0.333
-0.007723635651193075,0.334
-0.005655812316799045,0.335
-0.0005984012938606181,0.336
0.006364714847549437,0.337
0.013372131204516408,0.338
0.018352829945756825,0.339
0.019836492969109894,0.34
0.017549150089606426,0.341
0.012379974233241825,0.342
0.005855099072214424,0.343
-0.0004875260736235888,0.344
-0.005536264573128596,0.345
-0.008726997548531854,0.346
-0.00993928469068755,0.347
-0.009374926786218324,0.348
-0.007495421872121097,0.349
-0.004958805414823189,0.35
-0.002485783375211241,0.351
-0.0006547941180989462,0.352
0.00026435864706483267,0.353
0.00030848287315574834,0.354
-0.000347092266928201,0.355
-0.0015662660212520639,0.356
-0.0032725285562760138,0.357
-0.005305359500115856,0.358
-0.00726806155611784,0.359
-0.0085307291091508,0.36
-0.008431994026010364,0.361
-0.006578378904585851,0.362
-0.0030656829033800462,0.363
0.0015036082112237293,0.364
0.006206995070638421,0.365
0.01010557019084073,0.366
0.01255500157727806,0.367
0.013398807365733272,0.368
0.012927878269920997,0.369
0.011623589360536082,0.37
0.009882745573894534,0.371
0.007906081543648039,0.372
0.005744108337691709,0.373
0.003387620715797832,0.374
0.0008367557812679524,0.375
-0.0018653108383628002,0.376
-0.0046573076963876935,0.377
-0.007518234804208037,0.378
-0.010453060131172982,0.379
-0.013349019031897712,0.38
-0.015797428683657765,0.381
-0.017061497451200464,0.382
-0.01628880337870121,0.383
-0.012907078135448061,0.384
-0.007034012448360229,0.385
0.00033432230809131333,0.386
0.007542221605094821,0.387
0.012853457282447993,0.388
0.015114779541471597,0.389
0.014165819794422264,0.39
0.010786639015099728,0.391
0.006261720896159916,0.392
0.0018776177127063042,0.393
-0.0013976872278635218,0.394
-0.0030415917548419053,0.395
-0.002980316222242028,0.396
-0.0015227776155846157,0.397
0.0007388053006174052,0.398
0.0030693350371160544,0.399
0.004770579025617844,0.4
0.005356585108549939,0.401
0.004672248035494141,0.402
0.002901781142450995,0.403
0.00046680017649000476,0.404
-0.002096512696211359,0.405
-0.0042155314379474385,0.406
-0.0053704616303109475,0.407
-0.005264558421981339,0.408
-0.0040215168415603,0.409
-0.002260518675874098,0.41
-0.0009171204791090766,0.411
-0.0008293834336176042,0.412
-0.002309775166192726,0.413
-0.004976780638989962,0.414
-0.007931928089365332,0.415
-0.010106369718802705,0.416
-0.010579953301830923,0.417
-0.008821890592032689,0.418
-0.004843725343204189,0.419
0.0007568032248067547,0.42
0.006905717010687724,0.421
0.012365506026044892,0.422
0.01614154392218121,0.423
0.01773192371507367,0.424
0.017123338821139186,0.425
0.014647118479837453,0.426
0.010794984782882072,0.427
0.006041523369910729,0.428
0.0007588225015861192,0.429
-0.004723872363232836,0.43
-0.009996897886340617,0.431
-0.014513923243856332,0.432
-0.017642006058510955,0.433
-0.018795674731028805,0.434
-0.01763490388528152,0.435
-0.01425545124731555,0.436
-0.009254839010913684,0.437
-0.003610806832970527,0.438
0.0016240559815063524,0.439
0.0057374841492945396,0.44
0.008649702980929706,0.441
0.010804091641234142,0.442
0.012695831593809367,0.443
0.014421036721127744,0.444
0.01558345660878796,0.445
0.015610648224494138,0.446
0.014185768549690746,0.447
0.011379757948084648,0.448
0.007478860737723634,0.449
0.0028559708177922274,0.45
-0.002006105740538515,0.451
-0.006535244479683547,0.452
-0.010218853361996088,0.453
-0.012741370148013641,0.454
-0.014002876918465143,0.455
-0.014057890735598733,0.456
-0.013075095554376024,0.457
-0.011365866314824238,0.458
-0.009375941947663653,0.459
-0.00750733435945975,0.46
-0.005863336163424537,0.461
-0.004192891170002415,0.462
-0.0021260137240568136,0.463
0.0005065456525268729,0.464
0.003487487634925787,0.465
0.006266891562021885,0.466
0.008221478096472406,0.467
0.008909406533173432,0.468
0.008178077716741996,0.469
0.006170319916033349,0.47
0.0033006205862494992,0.471
0.00020868370296600323,0.472
-0.002377493429050955,0.473
-0.003880091334992748,0.474
-0.004067203853722348,0.475
-0.0030881919698787486,0.476
-0.0013727795295290434,0.477
0.000519530036716682,0.478
0.0020437625652936497,0.479
0.0028134422184539288,0.48
0.002732572157899515,0.481
0.0020466739819267688,0.482
0.0012659425066343763,0.483
0.0009990219395543778,0.484
0.0017864934529662332,0.485
0.0039693135234429005,0.486
0.007558995821001119,0.487
0.012133397084329749,0.488
0.016874244091519407,0.489
0.020791803242938403,0.49
0.023023355777320755,0.491
0.02304895776996288,0.492
0.020728427142593316,0.493
0.01617268119058482,0.494
0.009579000099130125,0.495
0.0011688961532229539,0.496
-0.008709111335092461,0.497
-0.019343501711932286,0.498
-0.029460487930827915,0.499
-0.037330360490353445,0.5
-0.041335806986753605,0.501
-0.04077433744421821,0.502
-0.0363226067414899,0.503
-0.029761563178444698,0.504
-0.023084210270464457,0.505
-0.017527588520909878,0.506
-0.013180073871056262,0.507
-0.009346244459763018,0.508
-0.0052035800972788345,0.509
-0.0002863538097628477,0.51
0.005290095747907716,0.511
0.01085390809313993,0.512
0.015504941329079348,0.513
0.018633359950158836,0.514
0.020225388604792522,0.515
0.020703140372673044,0.516
0.02054906027326486,0.517
0.020082414756911575,0.518
0.019440058882272147,0.519
0.018625582054493373,0.52
0.017568955027498986,0.521
0.016228402465286895,0.522
0.014682030615805503,0.523
0.013073327582648274,0.524
0.011450108682022868,0.525
0.00969038412960478,0.526
0.00757366115622036,0.527
0.004910254957726888,0.528
0.0016330096226412512,0.529
-0.0021999458295483523,0.53
-0.006453602855028151,0.531
-0.010928157093527374,0.532
-0.015312131204889598,0.533
-0.019135131804664342,0.534
-0.021776882597021156,0.535
-0.022560848604160588,0.536
-0.020951593260767204,0.537
-0.016814324341863654,0.538
-0.010609949894398093,0.539
-0.0034035471935349925,0.54
0.0033426619191248056,0.541
0.008143514947652211,0.542
0.009959381811602967,0.543
0.00862115469140951,0.544
0.004963735770803837,0.545
0.0004903206642631924,0.546
-0.003267837208475661,0.547
-0.005283272087085383,0.548
-0.005206214989231868,0.549
-0.0032653774801853956,0.55
-8.567107550497879e-05,0.551
0.0035101367502462116,0.552
0.006712632386823229,0.553
0.0089018957599662,0.554
0.009747084153206268,0.555
0.009217697481500212,0.556
0.007509179821496186,0.557
0.004946312907396076,0.558
0.001944365831203492,0.559
-0.0009903414386689703,0.56
-0.003312741880191929,0.561
-0.0045846081478313075,0.562
-0.004653937295757772,0.563
-0.0037644740724798965,0.564
-0.0025185026855372257,0.565
-0.0016730218600197835,0.566
-0.0018197450917544855,0.567
-0.0031016498967098936,0.568
-0.005151498523423178,0.569
-0.007264984731083829,0.57
-0.008650141408937731,0.571
-0.008659382509821588,0.572
-0.00699131712732112,0.573
-0.003812805422305698,0.574
0.00023878815729316737,0.575
0.004199119320096298,0.576
0.007084668006608683,0.577
0.008249829365003533,0.578
0.007589726185746979,0.579
0.005512382967254559,0.58
0.0027679374855057014,0.581
0.00022412013554242103,0.582
-0.0014018111198246515,0.583
-0.0017778636172228327,0.584
-0.0010032504620723652,0.585
0.0005390799557512948,0.586
0.00237552697976167,0.587
0.004078005120785233,0.588
0.005334628589852319,0.589
0.005974447673455821,0.59
0.005955335193877339,0.591
0.005328987188614188,0.592
0.004206135230831857,0.593
0.0027339552325352694,0.594
0.0010777857135332318,0.595
-0.0006055305755173963,0.596
-0.0021872846623549563,0.597
-0.0035570065272534355,0.598
-0.004597953976654424,0.599
-0.005176434613635828,0.6
-0.005157917356856027,0.601
-0.0044555239160524295,0.602
-0.003097228710477121,0.603
-0.0012660819194411541,0.604
0.0007175141800670941,0.605
0.0024512245461827844,0.606
0.0035336402576094583,0.607
0.0037001119918067503,0.608
0.00295590264679095,0.609
0.0015638652096217171,0.61
-0.0001228159059673527,0.611
-0.0018185857011900983,0.612
-0.003351096153238471,0.613
-0.004634377339095251,0.614
-0.005628476212064546,0.615
-0.006307308931839184,0.616
-0.006640772053896553,0.617
-0.006589622320505841,0.618
-0.006116789597680806,0.619
-0.005206523606155966,0.62
-0.0038753836798559394,0.621
-0.0021821856720220393,0.622
-0.0002186334661051142,0.623
0.0019100680240561037,0.624
0.004030186089193986,0.625
0.005813340799149858,0.626
0.006835779114195835,0.627
0.006774221124994915,0.628
0.005553051365798271,0.629
0.0034053554996983197,0.63
0.0009005469238781111,0.631
-0.001161165602899728,0.632
-0.00204631269269722,0.633
-0.0013824244483593713,0.634
0.0007440682886548592,0.635
0.0038582520937352747,0.636
0.007236758271969719,0.637
0.010061548669990787,0.638
0.011556927533712975,0.639
0.011139394796042354,0.64
0.008615108738917859,0.641
0.0043271644930499694,0.642
-0.0009018221808223262,0.643
-0.006015822886871919,0.644
-0.01000185806994156,0.645
-0.012112631086947805,0.646
-0.012025012409490488,0.647
-0.00990451709921108,0.648
-0.006370896776341576,0.649
-0.0023733384251238216,0.65
0.0010610506776605906,0.651
0.0031698968975733886,0.652
0.003697121214391518,0.653
0.0028827180568453425,0.654
0.00126840766403157,0.655
-0.0005283248869561077,0.656
-0.0019992756648068645,0.657
-0.002863048067780975,0.658
-0.0030889794322766003,0.659
-0.0028299396476278546,0.66
-0.0022971857649519223,0.661
-0.0016427470205404586,0.662
-0.0009398921872830204,0.663
-0.00026991778652449375,0.664
0.0002094773883195834,0.665
0.0003186732501704082,0.666
-1.6033024201207817e-05,0.667
-0.00069312470870767,0.668
-0.0014705512990158122,0.669
-0.0020378434562978737,0.67
-0.0020911745799729554,0.671
-0.0014334462223188518,0.672
-7.05283571557203e-05,0.673
0.0017595139733296407,0.674
0.0036353737143729917,0.675
0.0050740401904393,0.676
0.005731766148626343,0.677
0.005589538644838738,0.678
0.004952610273062693,0.679
0.004246219028795719,0.68
0.0037758559517132623,0.681
0.0036104533284330126,0.682
0.00361678640569209,0.683
0.0035775701383464024,0.684
0.0033046153855384574,0.685
0.0026939045970125436,0.686
0.0017277402161530496,0.687
0.0004580635463800491,0.688
-0.0010075800224750666,0.689
-0.002519661618252131,0.69
-0.003907755215619257,0.691
-0.005007910134155518,0.692
-0.005696578238148315,0.693
-0.0059277693571313335,0.694
-0.005749402210011324,0.695
-0.0052736943892693,0.696
-0.004610799376856347,0.697
-0.003810699208733221,0.698
-0.002856513455173021,0.699
-0.0017215978184113613,0.7
-0.00045793593201922083,0.701
0.0007585633831506981,0.702
0.0016797142072151822,0.703
0.0021068938254000373,0.704
0.001996178732096068,0.705
0.0014858161362040166,0.706
0.000844186630310362,0.707
0.0003526197929102346,0.708
0.00018234100886730908,0.709
0.00034852583746072444,0.71
0.0007368832884032914,0.711
0.0011543908285887956,0.712
0.0013869372321956214,0.713
0.0012442631542446975,0.714
0.0005803999809620833,0.715
-0.0006825109803809608,0.716
-0.0025070198713395097,0.717
-0.004690915621638529,0.718
-0.006833163182720572,0.719
-0.008340951906636444,0.72
-0.008555238641268824,0.721
-0.007020719178020402,0.722
-0.0037638320785577757,0.723
0.0006163554178633419,0.724
0.005117028563259275,0.725
0.008680639633821345,0.726
0.010595294696530099,0.727
0.010797717093950776,0.728
0.00988834509777926,0.729
0.008787132300241198,0.73
0.008214038112980207,0.731
0.008308045777643745,0.732
0.008624439850358157,0.733
0.00848771790812856,0.734
0.0074116302241627584,0.735
0.005326408588343404,0.736
0.0025567657846136075,0.737
-0.0003852037203465391,0.738
-0.003045925202829003,0.739
-0.0051664998785772845,0.74
-0.006688483343424062,0.741
-0.007686791800410137,0.742
-0.008283415669808208,0.743
-0.008582111893706003,0.744
-0.008639895998454964,0.745
-0.008465869456383895,0.746
-0.008027837600401332,0.747
-0.007266729398573836,0.748
-0.006132172687865875,0.749
-0.00463322062556012,0.75
-0.0028842672496149726,0.751
-0.0011305452946475533,0.752
0.0002716828566317157,0.753
0.0009484690257338745,0.754
0.0006478338469766488,0.755
-0.0006392825298136951,0.756
-0.002610496395951547,0.757
-0.004666060055580125,0.758
-0.0060464292655315515,0.759
-0.006076766508533016,0.76
-0.004418906552804821,0.761
-0.001209216964473199,0.762
0.0029597311303234644,0.763
0.0071798583271196125,0.764
0.010489988482968858,0.765
0.012236478256864807,0.766
0.012334651658965004,0.767
0.011201348372317394,0.768
0.009423063205709289,0.769
0.0074692978951737795,0.77
0.00561138266767071,0.771
0.003957015423706692,0.772
0.0025075074450773742,0.773
0.001236899819110245,0.774
0.00015961477013183277,0.775
-0.0006775191728909052,0.776
-0.001250577498276817,0.777
-0.0015908687776885412,0.778
-0.001789760745178843,0.779
-0.0019890760266736843,0.78
-0.0023442202533878916,0.781
-0.0029603775994456,0.782
-0.0038295234073625934,0.783
-0.004809977734783303,0.784
-0.005663329007889727,0.785
-0.0061113968194884925,0.786
-0.005889782583756571,0.787
-0.004831266174650373,0.788
-0.0029874454323504025,0.789
-0.0007070384570121833,0.79
0.0014165739459138526,0.791
0.002731649231859939,0.792
0.002783702264301308,0.793
0.001519210880486462,0.794
-0.0006914139893150438,0.795
-0.003216216206742942,0.796
-0.005389246386772207,0.797
-0.006689464443980697,0.798
-0.0068267989576436,0.799
-0.0057588639885075964,0.8
-0.003680349356527843,0.801
-0.0009664616024692258,0.802
0.0019575071657132017,0.803
0.00473210629479201,0.804
0.007049801937792375,0.805
0.008587832864252043,0.806
0.009076642928412535,0.807
0.008489911478252012,0.808
0.007117125770155036,0.809
0.005393386774788432,0.81
0.003655348626967165,0.811
0.0020505391786390876,0.812
0.0006254895521679557,0.813
-0.0005564157206281517,0.814
-0.0013948106011642055,0.815
-0.0018091740479501738,0.816
-0.00179564439455711,0.817
-0.0014567481193062568,0.818
-0.00098417373228029,0.819
-0.0005856577978962567,0.82
-0.0004011354187234032,0.821
-0.00045910749774322104,0.822
-0.0006926063476730185,0.823
-0.0010012635308223545,0.824
-0.0013043716298740207,0.825
-0.0015461360531156133,0.826
-0.0016812312785577765,0.827
-0.0016765174899272739,0.828
-0.0015319945855389223,0.829
-0.0013134467195383224,0.83
-0.001175000748007234,0.831
-0.001337466776447782,0.832
-0.0020116381053024626,0.833
-0.0032923782893115442,0.834
-0.005063238119405076,0.835
-0.00694531387552403,0.836
-0.008324990494295534,0.837
-0.00849526054173143,0.838
-0.006904143467273707,0.839
-0.0034272735361504116,0.84
0.0014644596380566685,0.841
0.006750597172155197,0.842
0.011158542275787999,0.843
0.013614751448831001,0.844
0.01361296932413591,0.845
0.011328545186386353,0.846
0.007499556759237983,0.847
0.003152879087175671,0.848
-0.0007321914006365044,0.849
-0.0034823857140000637,0.85
-0.0048221857414746765,0.851
-0.004810961711226361,0.852
-0.0037056309511525574,0.853
-0.0018604613505415234,0.854
0.0002966451428299978,0.855
0.0022950114451939165,0.856
0.0037226692486900296,0.857
0.00433534660061228,0.858
0.004099630287980948,0.859
0.0031740522214007538,0.86
0.0018348262290253316,0.861
0.00035948144235751817,0.862
-0.0010541017345636525,0.863
-0.0022870786356354754,0.864
-0.003269925709427385,0.865
-0.003977537586446561,0.866
-0.00443716516672884,0.867
-0.004717259887701292,0.868
-0.004890667971090376,0.869
-0.004978794502687226,0.87
-0.004914923077296652,0.871
-0.004586084393315044,0.872
-0.003930031202645621,0.873
-0.0029990563327169295,0.874
-0.001955542807669945,0.875
-0.001011930703498989,0.876
-0.0003338490626717469,0.877
5.355739196581539e-05,0.878
0.000293775294909933,0.879
0.000622476921557363,0.88
0.0012274954128448663,0.881
0.0021375145236916474,0.882
0.0032035509584539042,0.883
0.004172637041897133,0.884
0.004796098882321885,0.885
0.004920253888686348,0.886
0.004529675452061455,0.887
0.003712924009042687,0.888
0.002579313117277968,0.889
0.001216850812928192,0.89
-0.00026345433331631047,0.891
-0.0016505280826046274,0.892
-0.00261604730089188,0.893
-0.0027995168162275683,0.894
-0.0019692513783707856,0.895
-0.000177889250154149,0.896
0.002200432402502547,0.897
0.004603945934768259,0.898
0.006489796225916338,0.899
0.007451733589091258,0.9
0.007245951268914644,0.901
0.005838559018163551,0.902
0.0034517334857117926,0.903
0.000510174077549775,0.904
-0.002490149174065007,0.905
-0.005108630001360046,0.906
-0.007036570070751209,0.907
-0.008118656501105671,0.908
-0.008342363125357114,0.909
-0.007813154355043102,0.91
-0.006723708285051536,0.911
-0.0053261445186760185,0.912
-0.0039013308058691016,0.913
-0.0027096830021984468,0.914
-0.0019247368733674116,0.915
-0.001569845084103333,0.916
-0.0014830895910117729,0.917
-0.001349748340173691,0.918
-0.0008241542136225953,0.919
0.0003172431491916162,0.92
0.0020725848915510506,0.921
0.00419081569101619,0.922
0.006237863956295092,0.923
0.007743671647812262,0.924
0.008361964124752107,0.925
0.007969051634379547,0.926
0.006685333806208881,0.927
0.00482617737590375,0.928
0.002791006997597588,0.929
0.0009208919212681915,0.93
-0.0006148075536582877,0.931
-0.0018273929971463479,0.932
-0.002814485371468217,0.933
-0.0036605830839433334,0.934
-0.0043907785061172815,0.935
-0.0049530816178522735,0.936
-0.005223028191096208,0.937
-0.00505805716276537,0.938
-0.004387023888398526,0.939
-0.0032726808564628724,0.94
-0.0019076208251278585,0.941
-0.0005558043110797713,0.942
0.0005416682782754489,0.943
0.0012764171780344376,0.944
0.001724006004013334,0.945
0.002067993506638792,0.946
0.0024513841217832823,0.947
0.0028736068910194196,0.948
0.0031898744657026775,0.949
0.0032013764117643294,0.95
0.0027733843326056863,0.951
0.0018972582302478108,0.952
0.0006776619398619712,0.953
-0.0006976299826653031,0.954
-0.001977929587261354,0.955
-0.002895200577368891,0.956
-0.0032374332313412336,0.957
-0.002914718030310725,0.958
-0.0020127941785425215,0.959
-0.0008143684618613575,0.96
0.00027423461892966245,0.961
0.0009100289354785598,0.962
0.0009993330434263635,0.963
0.0007141069849299689,0.964
0.00035120663114740817,0.965
0.00019402707655767073,0.966
0.0004223831687736385,0.967
0.001036503171931148,0.968
0.0018416400286002045,0.969
0.0025510331042820572,0.97
0.002945522423134893,0.971
0.0029581855116721607,0.972
0.0026431188363441613,0.973
0.002093800030281978,0.974
0.0013853402313955068,0.975
0.0005743586980301845,0.976
-0.0002736815504100855,0.977
-0.001082204988265892,0.978
-0.0017873539688798201,0.979
-0.0023535603432609828,0.98
-0.002770594697978224,0.981
-0.0030460486012296793,0.982
-0.0031895396728416005,0.983
-0.0031905968382254877,0.984
-0.0030195119687813896,0.985
-0.002651782532801533,0.986
-0.002087868362242353,0.987
-0.0013546701132674914,0.988
-0.0005013459687192259,0.989
0.00039011232746196734,0.99
0.0011941596142549323,0.991
0.0017611200490182462,0.992
0.0019651899710185546,0.993
0.0017555926202708358,0.994
0.0011754018691671065,0.995
0.0003343280027197167,0.996
-0.0006248895705415453,0.997
-0.0015380538584102122,0.998
-0.0022369128980658268,0.999
-0.002585132794180909,1.0
-0.0025076069344317155,1.001
-0.002001375223288927,1.002
-0.0011353742938490228,1.003
-3.491178883914979e-05,1.004
0.0011565640544343636,1.005
0.0023022862430976164,1.006
0.003263998779821851,1.007
0.00392392580720262,1.008
0.004237130595323229,1.009
0.00422029536566879,1.01
0.0038920222295049664,1.011
0.003281304744540094,1.012
0.0025077845782580173,1.013
0.001798235379057743,1.014
0.001377922672086559,1.015
0.0013423719422483414,1.016
0.001617788628038938,1.017
0.0020249525646329845,1.018
0.002384791194294493,1.019
0.002562911862817511,1.02
0.00243282720880347,1.021
0.0018450410727723061,1.022
0.0006750599805860358,1.023
-0.0010767175154503502,1.024
-0.0032368490630359506,1.025
-0.005504925322736551,1.026
-0.00754144121117283,1.027
-0.009050775629547867,1.028
-0.009827568152502766,1.029
-0.009759027485878454,1.03
-0.008828728405344488,1.031
-0.007138136475495225,1.032
-0.00490103902031994,1.033
-0.002395181172412371,1.034
9.570213450105572e-05,1.035
0.0023321695455356963,1.036
0.004158100346265661,1.037
0.00550413006897736,1.038
0.006349745742070758,1.039
0.006696418986812254,1.04
0.006593684559794181,1.041
0.006164695691362124,1.042
0.005559181243589353,1.043
0.004868156031917951,1.044
0.004086967391636532,1.045
0.00315090257350184,1.046
0.0020002945548018383,1.047
0.0006252833301089533,1.048
-0.0009127736121928901,1.049
-0.0024694319003514056,1.05
-0.003832239594800356,1.051
-0.004773581007700936,1.052
-0.005121877892568574,1.053
-0.004825416698396138,1.054
-0.003990355813375124,1.055
-0.002878886673149535,1.056
-0.0018409439559012193,1.057
-0.0011720713466579146,1.058
-0.0009737614400006917,1.059
-0.0011271161361067403,1.06
-0.0013948686601074846,1.061
-0.00155243612362445,1.062
-0.0014393818932420816,1.063
-0.0009042292928878609,1.064
0.0002622824955050537,1.065
0.0022550979084764544,1.066
0.005043678188432239,1.067
0.008222638017878052,1.068
0.011090451673789203,1.069
0.012891362243126328,1.07
0.01303520356766641,1.071
0.011238723180195273,1.072
0.0076213240904794075,1.073
0.0026995937336492565,1.074
-0.002760234044518803,1.075
-0.00794233930617275,1.076
-0.01212526031681806,1.077
-0.01475402320656744,1.078
-0.015492972283983391,1.079
-0.014279334394655587,1.08
-0.011348682563302395,1.081
-0.007224566448691367,1.082
-0.002669139291191311,1.083
0.0014475105464555097,1.084
0.004374432253223864,1.085
0.005725571835341994,1.086
0.005603017665980412,1.087
0.004494147612928023,1.088
0.0029863881554441137,1.089
0.0014822904523606763,1.09
9.948574006570329e-05,1.091
-0.0011946653427110914,1.092
-0.0023587059984472897,1.093
-0.003188062416749681,1.094
-0.003405901493655868,1.095
-0.0027940306617620044,1.096
-0.001272556718419096,1.097
0.0010754019412532105,1.098
0.004003563432307891,1.099
0.007094253936281944,1.1
0.00977408506038446,1.101
0.011425533873458868,1.102
0.011609848513780299,1.103
0.010274071161576696,1.104
0.007755914618713834,1.105
0.00458940644597637,1.106
0.0012900260644970636,1.107
-0.0017690711328883365,1.108
-0.004395634502499497,1.109
-0.006557298896464867,1.11
-0.008313745651869646,1.111
-0.009720948583472772,1.112
-0.010742223774454258,1.113
-0.011217582365908753,1.114
-0.010923898402380807,1.115
-0.009689304886425965,1.116
-0.007488449307190444,1.117
-0.0044782016090408475,1.118
-0.000987716834492138,1.119
0.002509765832101646,1.12
0.005461436222227609,1.121
0.00736545468747703,1.122
0.007940314399083128,1.123
0.007249471615273781,1.124
0.005682281680916072,1.125
0.00378166981261013,1.126
0.0020461068767113396,1.127
0.0008143962551889718,1.128
0.00021803941238956372,1.129
0.0001776792629044323,1.13
0.00047177003200715885,1.131
0.0008665603105293124,1.132
0.0012244106738030253,1.133
0.0015097386436213889,1.134
0.0017119975747379838,1.135
0.0017953006899447833,1.136
0.0017263810479571,1.137
0.0015105926500775075,1.138
0.0011628900764487798,1.139
0.0006482391512570475,1.14
-0.00012364354253180772,1.141
-0.0012390393153949787,1.142
-0.0027187029647578837,1.143
-0.004490773735663246,1.144
-0.006381336016209007,1.145
-0.008108405125125175,1.146
-0.009311614399788589,1.147
-0.009644045588679736,1.148
-0.008875966007703403,1.149
-0.006943495528647591,1.15
-0.003948852940034439,1.151
-0.00016041591898940773,1.152
0.003987970546151485,1.153
0.00795346009592293,1.154
0.011197197102543686,1.155
0.01325554544585786,1.156
0.01374022187245665,1.157
0.012430384131760267,1.158
0.009531894378454862,1.159
0.005800389300405714,1.16
0.0022421246346972356,1.161
-0.00037459390426111027,1.162
-0.0017808445164199246,1.163
-0.0021551814735803164,1.164
-0.0019163678891152855,1.165
-0.001513567489701694,1.166
-0.0012875908229755672,1.167
-0.0014088951583886163,1.168
-0.0018833670277883857,1.169
-0.002612122751554544,1.17
-0.0034572121770459216,1.171
-0.004273138396658537,1.172
-0.004914767948553692,1.173
-0.0052439660096501,1.174
-0.005150136895128491,1.175
-0.004589511329467298,1.176
-0.003617752117261969,1.177
-0.0023900015241753864,1.178
-0.0011366224720168476,1.179
-0.00012976229374831819,1.18
0.0003787284766981074,1.181
0.0002676687531959808,1.182
-0.0003607057033637689,1.183
-0.0012085014937746497,1.184
-0.0019208863784578704,1.185
-0.002224614856122357,1.186
-0.00199108225580069,1.187
-0.001235630662818628,1.188
-9.735064871384757e-05,1.189
0.001186239270693226,1.19
0.00233184612282241,1.191
0.003106417193052971,1.192
0.0034277075815024056,1.193
0.003391203930301444,1.194
0.0032021717101850646,1.195
0.0030694471519147537,1.196
0.003106802978046977,1.197
0.0032671009169745395,1.198
0.00334240543829862,1.199
0.003053816479436882,1.2
0.002234905958281853,1.201
0.001014809871805913,1.202
-0.00019599286830056464,1.203
-0.0009683341552654315,1.204
-0.0011429011280561386,1.205
-0.0008958856831380697,1.206
-0.0005551363051952232,1.207
-0.00035914469980828943,1.208
-0.00037452345677204844,1.209
-0.0005726801956421123,1.21
-0.0008960627656117765,1.211
-0.0012445977947890513,1.212
-0.001465169839924489,1.213
-0.0014037117972986843,1.214
-0.0009753306362608072,1.215
-0.00019561702190911627,1.216
0.0008230415869679115,1.217
0.0018780459182467556,1.218
0.0026945435780228472,1.219
0.003014340955675475,1.22
0.002738626024654904,1.221
0.001985408069671454,1.222
0.0009981198595489895,1.223
7.374421169106501e-06,1.224
-0.0008457630533390247,1.225
-0.0015089829366385576,1.226
-0.00197398034622555,1.227
-0.002239911385592857,1.228
-0.0023243837396052405,1.229
-0.0022921829125954734,1.23
-0.0022442715238627743,1.231
-0.0022714371669604995,1.232
-0.0024164768505595675,1.233
-0.0026674486066788285,1.234
-0.002972574998311885,1.235
-0.0032536766803465235,1.236
-0.0034139975882515267,1.237
-0.003348931373378135,1.238
-0.0029588279846508555,1.239
-0.002172282753038929,1.24
-0.0010034177763003282,1.241
0.0003672695559263585,1.242
0.0015841414641446334,1.243
0.0022578334066840912,1.244
0.0021593439818403393,1.245
0.0013086952860472244,1.246
-4.9720481561760817e-05,1.247
-0.0014911262343505855,1.248
-0.002449839334705769,1.249
-0.0023327255911957567,1.25
-0.0007481248320750964,1.251
0.002258310758797123,1.252
0.00613082903950299,1.253
0.009950767599188632,1.254
0.012717409427728784,1.255
0.013658558619071122,1.256
0.012494876321150724,1.257
0.009542972315898892,1.258
0.005564896900559663,1.259
0.001437993434461969,1.26
-0.002148486402823207,1.261
-0.0048207756776475616,1.262
-0.006481355515678194,1.263
-0.007202800511552492,1.264
-0.007148965801179915,1.265
-0.0065469426333730095,1.266
-0.0056524014082710355,1.267
-0.004679333019774159,1.268
-0.0037553899766094427,1.269
-0.0029459428109191907,1.27
-0.002294549013454324,1.271
-0.001821230945550732,1.272
-0.0015071231175624326,1.273
-0.0013152663652333226,1.274
-0.001226421260812055,1.275
-0.0012435021022351874,1.276
-0.0013629803842882498,1.277
-0.001544876246577681,1.278
-0.0017091732250918562,1.279
-0.0017563841830243478,1.28
-0.0015978277193798892,1.281
-0.0011887742437360256,1.282
-0.0005409150848813846,1.283
0.0002924592939944688,1.284
0.001223879094314321,1.285
0.002128304035939128,1.286
0.002865844391044617,1.287
0.0033306434470376845,1.288
0.003479168665793266,1.289
0.0033206521706081044,1.29
0.0029067553338551926,1.291
0.0023325047310005184,1.292
0.001713366437684334,1.293
0.0011412290248644622,1.294
0.0006683311532622346,1.295
0.0003261667673764833,1.296
0.00013728352762757583,1.297
0.00010526337070204869,1.298
0.00020142805152358758,1.299
0.0003579649914863247,1.3
0.0004867096770514602,1.301
0.000535292861628145,1.302
0.0005239856572320354,1.303
0.0005122320541770115,1.304
0.0005390630155214411,1.305
0.0005998430864632863,1.306
0.0006600526759644622,1.307
0.0006760658782784476,1.308
0.0006112159659843803,1.309
0.0004487192211429828,1.31
0.0001900991509400503,1.311
-0.00016362977620608358,1.312
-0.00062149237380488,1.313
-0.0011859222669512858,1.314
-0.0018311451427968962,1.315
-0.002500332901004774,1.316
-0.003118195845079747,1.317
-0.003607017879230345,1.318
-0.003892313798925017,1.319
-0.003889142833132858,1.32
-0.0034950544901745633,1.321
-0.0026302429218543737,1.322
-0.001311991414295357,1.323
0.00030447432074079335,1.324
0.001957174175934718,1.325
0.0033560783228239227,1.326
0.0042689192876739345,1.327
0.004580169418388172,1.328
0.004296940663951747,1.329
0.003507112564294192,1.33
0.0023336115596734983,1.331
0.0009192630213534529,1.332
-0.0005699346067271871,1.333
-0.001951304761742956,1.334
-0.0030501206798468575,1.335
-0.0037290845979340024,1.336
-0.0039084682466955685,1.337
-0.003576752576473099,1.338
-0.002797459455595925,1.339
-0.0017108672897981252,1.34
-0.0005145121879590242,1.341
0.0005897425360694518,1.342
0.001461314191780925,1.343
0.002054565673969538,1.344
0.0023932161525375586,1.345
0.0025127891104942523,1.346
0.0024327872802029924,1.347
0.0021807800839124484,1.348
0.0018260225018476256,1.349
0.0014712341656763555,1.35
0.0012025673132560518,1.351
0.0010499179233155224,1.352
0.000996233128447544,1.353
0.0010119680542664807,1.354
0.0010748002672351586,1.355
0.0011688226666067682,1.356
0.001272795896047085,1.357
0.0013513378174550678,1.358
0.0013603379179171465,1.359
0.0012572977075287197,1.36
0.0010044175440917706,1.361
0.0005663787536272145,1.362
-9.330940064376419e-05,1.363
-0.0010078466089558894,1.364
-0.002180444607028625,1.365
-0.0035546568727328623,1.366
-0.0050126123235411,1.367
-0.006384956895227804,1.368
-0.007448986885648576,1.369
-0.00794083124555337,1.37
-0.007618455415395555,1.371
-0.00635256989515726,1.372
-0.0041779684785386685,1.373
-0.0012935179337927184,1.374
0.0019441072155246145,1.375
0.005046911518604017,1.376
0.0075046021916162,1.377
0.008954238060467022,1.378
0.009291555904031407,1.379
0.00864392780261154,1.38
0.007262361371138232,1.381
0.005436644983302168,1.382
0.003444674670503179,1.383
0.001505005536441448,1.384
-0.00023999174929962563,1.385
-0.0016903109824187477,1.386
-0.0027560806898169633,1.387
-0.0033702959379556473,1.388
-0.0035252676911514185,1.389
-0.0032929751253605874,1.39
-0.0028067761605954224,1.391
-0.0022146262587044935,1.392
-0.0016427306935623538,1.393
-0.001190171118595445,1.394
-0.0009382899098730159,1.395
-0.0009489502338874611,1.396
-0.0012394464286357226,1.397
-0.001750960706579812,1.398
-0.002347368144961793,1.399
-0.002855419747584565,1.4
-0.003108921678213072,1.401
-0.0029749511977717144,1.402
-0.002387805766368954,1.403
-0.0013825759892959217,1.404
-9.018781178958606e-05,1.405
0.001298628730574221,1.406
0.002575243763904186,1.407
0.003552935619388548,1.408
0.004106867889724338,1.409
0.004207809793735079,1.41
0.0039214167747222755,1.411
0.0033733683819669176,1.412
0.00271435834376418,1.413
0.0020927822079101245,1.414
0.001629909627120429,1.415
0.0014030098567610065,1.416
0.0014225761479248354,1.417
0.0015944237733616117,1.418
0.001713216190220706,1.419
0.0015313432841584684,1.42
0.0008733120449720385,1.421
-0.00027324989827736263,1.422
-0.0017412211030058346,1.423
-0.003239902620491712,1.424
-0.004444328098527227,1.425
-0.005089296492151952,1.426
-0.005036853986885708,1.427
-0.004299922330550218,1.428
-0.003038308474311016,1.429
-0.0015213529260561496,1.43
-5.144228389324423e-05,1.431
0.0011108936316888164,1.432
0.0017890774502015772,1.433
0.0019126081026764226,1.434
0.0015346803087328473,1.435
0.0008269453347709955,1.436
2.6611076541191177e-05,1.437
-0.000641909363269596,1.438
-0.0010248105576712533,1.439
-0.0010643391092109323,1.44
-0.0007961179350523672,1.441
-0.0003151175738940094,1.442
0.00027677310457343673,1.443
0.0009140557535505418,1.444
0.0015765334425179838,1.445
0.002253081333785467,1.446
0.002884742153868182,1.447
0.0033364182566086534,1.448
0.003428288890025161,1.449
0.0030150390571479667,1.45
0.0020702640683031613,1.451
0.0007191236324416805,1.452
-0.0008273341898893277,1.453
-0.0023869377734577583,1.454
-0.0038290641790139253,1.455
-0.004976852579432042,1.456
-0.0055511969534466025,1.457
-0.00527621409952141,1.458
-0.004049653423570389,1.459
-0.002017230722337381,1.46
0.00047532032352696384,1.461
0.0029730643185800158,1.462
0.004992701411438689,1.463
0.006112736837874761,1.464
0.006089427337426977,1.465
0.004945287011591888,1.466
0.0029647591268868677,1.467
0.000596845585970644,1.468
-0.0016814466998485366,1.469
-0.003481273669796826,1.47
-0.0045643275424126625,1.471
-0.004859283959864106,1.472
-0.004445776829135186,1.473
-0.0035020303010299945,1.474
-0.002244413014244562,1.475
-0.0008945590448772088,1.476
0.00033663702024620877,1.477
0.0012667546381635733,1.478
0.001777055168914558,1.479
0.001860789603445393,1.48
0.0016303170799437606,1.481
0.0012616760715584558,1.482
0.0009231048723210901,1.483
0.0007238819866350145,1.484
0.0006974097872577656,1.485
0.0008293000604627527,1.486
0.0010989474207631015,1.487
0.0014786403209416446,1.488
0.0018997515712903543,1.489
0.0022479987150237895,1.49
0.0024042132386838913,1.491
0.002286187688320824,1.492
0.0018589460900942292,1.493
0.0011368772652445814,1.494
0.00020166212538846843,1.495
-0.0007968151273453183,1.496
-0.001683807956285143,1.497
-0.002305998874951086,1.498
-0.002543193350809538,1.499
-0.002324084099248607,1.5
-0.0016820091727965082,1.501
-0.0007964691034496531,1.502
4.995588560778253e-05,1.503
0.0005860113694519469,1.504
0.0006595343390819782,1.505
0.0002728859386265638,1.506
-0.00045314651713712173,1.507
-0.0013426408074166058,1.508
-0.002221768871773008,1.509
-0.0029467010105894156,1.51
-0.003396222186802138,1.511
-0.003468872748087352,1.512
-0.0031141389795533185,1.513
-0.0023581941410232275,1.514
-0.001295178136085987,1.515
-7.770633916011768e-05,1.516
0.00109289610230789,1.517
0.0020193912609729973,1.518
0.0025854821263677228,1.519
0.002787577197344301,1.52
0.0026976000019262977,1.521
0.002399906985687763,1.522
0.001962386051928888,1.523
0.00145619951436512,1.524
0.0009808041726786937,1.525
0.0006506697789797773,1.526
0.0005432708191538348,1.527
0.0006462885019165787,1.528
0.0008505532872573823,1.529
0.0010075723868000425,1.53
0.0010233525170764545,1.531
0.0009171066605467087,1.532
0.0007913445782175687,1.533
0.0007436742228758389,1.534
0.0008078382829798482,1.535
0.0009702816545363715,1.536
0.001204118334944769,1.537
0.0014512291629353278,1.538
0.0015967595583841192,1.539
0.0015056097464472061,1.54
0.0010761156325557015,1.541
0.000242970451460971,1.542
-0.0010326799185197627,1.543
-0.0027270410531607713,1.544
-0.00469411395227515,1.545
-0.006644598356110341,1.546
-0.008189160884481158,1.547
-0.008921068293481138,1.548
-0.008519053320614756,1.549
-0.0068664071350718935,1.55
-0.004120216177038798,1.551
-0.0006586961065054673,1.552
0.0030334999329772717,1.553
0.006429504885252555,1.554
0.008979164478508352,1.555
0.010186057390160617,1.556
0.00979459239347207,1.557
0.007972231782932038,1.558
0.005279661487300284,1.559
0.002414273274623417,1.56
-4.0713640886761434e-05,1.561
-0.0017186713890523608,1.562
-0.002495057751748344,1.563
-0.0024955314559345176,1.564
-0.0020387219692043755,1.565
-0.001485742357843481,1.566
-0.0010876398364204397,1.567
-0.0009359044647870114,1.568
-0.0009975909958314646,1.569
-0.0011695712765124123,1.57
-0.0013310617321754892,1.571
-0.0013822070553751347,1.572
-0.001268307109929095,1.573
-0.0010073681965709514,1.574
-0.0007019549405903009,1.575
-0.0004960258296233166,1.576
-0.0004943179990678685,1.577
-0.0007013130732398387,1.578
-0.0010003037776242165,1.579
-0.0011698864677417262,1.58
-0.0009524031034768415,1.581
-0.0001717190523604454,1.582
0.0011520191120504052,1.583
0.002755765873238456,1.584
0.004182528181273228,1.585
0.004909030293711749,1.586
0.004515171656810043,1.587
0.002848931908228514,1.588
0.00011821885254246413,1.589
-0.003143428714076276,1.59
-0.006215392330278991,1.591
-0.008372080466734773,1.592
-0.009070896759331122,1.593
-0.008108622685565786,1.594
-0.005673824652739579,1.595
-0.002250372863310705,1.596
0.0015540937413899268,1.597
0.005129279761973645,1.598
0.007916497438286743,1.599
0.009477269935842528,1.6
0.009617592875067657,1.601
0.008490269608966832,1.602
0.006527264128572288,1.603
0.004211921867775148,1.604
0.0019056715062734317,1.605
-0.0001748548361625375,1.606
-0.0019288490364729176,1.607
-0.0033398111013779774,1.608
-0.0044269972573029925,1.609
-0.005205417597277364,1.61
-0.005674031695965199,1.611
-0.005812712859556416,1.612
-0.0055797892442527594,1.613
-0.004930356337458112,1.614
-0.0038605919765736726,1.615
-0.002438607985839988,1.616
-0.0007910331508523876,1.617
0.0009184873637466703,1.618
0.0024782059197483546,1.619
0.003622252927355847,1.62
0.00409351897238973,1.621
0.003773127761941711,1.622
0.0027971864522329556,1.623
0.001542905437252192,1.624
0.00044601652267639656,1.625
-0.00021062790535610051,1.626
-0.00037044836598119603,1.627
-0.00013119699671098204,1.628
0.0003665293398674468,1.629
0.0009943019062104035,1.63
0.001625368223424438,1.631
0.0021224948504541263,1.632
0.0023602839960139674,1.633
0.0022654184291107326,1.634
0.001842401950398518,1.635
0.0011604243044073435,1.636
0.0003139495826158172,1.637
-0.0006087896251468509,1.638
-0.0015317856856542447,1.639
-0.0023809673871538362,1.64
-0.0030753625340813402,1.641
-0.003522901631906624,1.642
-0.0036266731008098877,1.643
-0.0033094213637512274,1.644
-0.0025471617877627756,1.645
-0.0014027529160779582,1.646
-4.6291956714362546e-05,1.647
0.001264037088598632,1.648
0.002249549287468821,1.649
0.0026984389378731924,1.65
0.002528562028956777,1.651
0.0018014173093343147,1.652
0.0006952906095269893,1.653
-0.0005472887542390511,1.654
-0.0016832563143577392,1.655
-0.002511543834020379,1.656
-0.0028863650144544005,1.657
-0.0027401610488807316,1.658
-0.002113541375228963,1.659
-0.0011356685233779404,1.66
3.546140752759326e-05,1.661
0.001238206804070665,1.662
0.0022892460415773097,1.663
0.00298165989816054,1.664
0.003129617088458382,1.665
0.0026398780341605507,1.666
0.0015708829006424526,1.667
0.00014414972275082186,1.668
-0.0013085983921153623,1.669
-0.0024460535915087098,1.67
-0.0030184341542563065,1.671
-0.0029205785031854213,1.672
-0.002186074298598329,1.673
-0.0009514638083832505,1.674
0.0005843971014487168,1.675
0.0021929014591014354,1.676
0.0036257308189704,1.677
0.004616683170987782,1.678
0.004923767587915066,1.679
0.004425763756892116,1.68
0.0032053537379017395,1.681
0.0015351951234179244,1.682
-0.00023083602610132563,1.683
-0.0017761892549785143,1.684
-0.002883526737238218,1.685
-0.003444657164935111,1.686
-0.0034443979751085365,1.687
-0.0029356566377173226,1.688
-0.002025096401309566,1.689
-0.0008814326520958461,1.69
0.00025432976193957786,1.691
0.0011080210182730314,1.692
0.0014659317718999107,1.693
0.0012577294332775477,1.694
0.0005817974269371456,1.695
-0.0003283089092207777,1.696
-0.0011817196068734063,1.697
-0.0017239575540395884,1.698
-0.0018183922496914353,1.699
-0.0014823671866830519,1.7
-0.0008436918354547435,1.701
-4.513202943395066e-05,1.702
0.0008167029145198145,1.703
0.0016697613393101293,1.704
0.0024082551189479524,1.705
0.002883233466117544,1.706
0.002960953444423187,1.707
0.0025861317829954655,1.708
0.0017961229725124677,1.709
0.0006873902048269722,1.71
-0.0006332939887850563,1.711
-0.002066486780337199,1.712
-0.0034849178947945706,1.713
-0.004687823475708731,1.714
-0.005410739083886429,1.715
-0.005413264085456436,1.716
-0.0045975969142630696,1.717
-0.0030774347541509114,1.718
-0.0011644653031937478,1.719
0.0007118548648566474,1.72
0.002145858496563347,1.721
0.002913083621113553,1.722
0.0030328440665081486,1.723
0.0027014031033685405,1.724
0.002174685779685868,1.725
0.0016673591766816975,1.726
0.0012945880405024499,1.727
0.0010770640509833627,1.728
0.0009967990217578538,1.729
0.001050179394037536,1.73
0.0012597934698171743,1.731
0.0016515453983166474,1.732
0.00221686158254975,1.733
0.0028763994309635803,1.734
0.0034660823821961364,1.735
0.0037696256789238928,1.736
0.003601560817098679,1.737
0.0028904288994624854,1.738
0.0017026918810593991,1.739
0.0002123998834706735,1.74
-0.0013431293342154485,1.741
-0.0027119458109776187,1.742
-0.003691921281389423,1.743
-0.004190482691767095,1.744
-0.004242060515925573,1.745
-0.0039763026463835865,1.746
-0.0035522639917650307,1.747
-0.0030934638735166525,1.748
-0.002667173410419918,1.749
-0.0023085087000828167,1.75
-0.0020457457585913146,1.751
-0.0018892754199228534,1.752
-0.0018021469228157111,1.753
-0.001703746031836074,1.754
-0.00150979927796119,1.755
-0.0011750623785115027,1.756
-0.000712673634204199,1.757
-0.00016565161020558222,1.758
0.0004464248626247674,1.759
0.0011382690337941126,1.76
0.0019232799511963517,1.761
0.0027815392267853266,1.762
0.0036472122100598635,1.763
0.004415194977376491,1.764
0.004970761983887498,1.765
0.005220197498442028,1.766
0.005103061510364025,1.767
0.0046014598852602276,1.768
0.0037570880362557623,1.769
0.0026716992404894214,1.77
0.001471433544312237,1.771
0.00025677064624819804,1.772
-0.0009187651781188252,1.773
-0.002020605212176909,1.774
-0.0029896834815370493,1.775
-0.003735524525060453,1.776
-0.004169638228817837,1.777
-0.0042461066833158695,1.778
-0.003990091627285724,1.779
-0.0035102379834223837,1.78
-0.002983058216687156,1.781
-0.002597953784977346,1.782
-0.0024752041132605034,1.783
-0.002601006062261682,1.784
-0.0028267555789933986,1.785
-0.0029297567007717236,1.786
-0.002689698974868959,1.787
-0.0019603362745143297,1.788
-0.0007500785822962731,1.789
0.0007266554029502598,1.79
0.0021205885445898147,1.791
0.003136415336482831,1.792
0.003684077280823971,1.793
0.003862723969890392,1.794
0.003830784150995336,1.795
0.003705184057499328,1.796
0.0035456188680288068,1.797
0.0033794197107318907,1.798
0.0032082261730666042,1.799
0.002996787296871382,1.8
0.002679561419083114,1.801
0.0021837417019845476,1.802
0.001458938661368246,1.803
0.0005117644004024427,1.804
-0.0005822405867246476,1.805
-0.001698763138299278,1.806
-0.002683033736067745,1.807
-0.0033566095160205006,1.808
-0.0035558822153667806,1.809
-0.0032100312241229085,1.81
-0.002377941583683129,1.811
-0.0012053436798453762,1.812
0.00012222016792054073,1.813
0.0013833800057551715,1.814
0.0023281597840571055,1.815
0.0027303391634338884,1.816
0.0024618542500318323,1.817
0.0015379635066297308,1.818
0.00012251407909821124,1.819
-0.001494174482051842,1.82
-0.002956164796661616,1.821
-0.0039340463513322845,1.822
-0.004207291390778854,1.823
-0.003710502971036211,1.824
-0.002542156388533885,1.825
-0.000937390657534615,1.826
0.0007913944565998674,1.827
0.002324350725757993,1.828
0.003398048757570645,1.829
0.003864177051010867,1.83
0.003721293109986974,1.831
0.003092854652480273,1.832
0.002170490210482145,1.833
0.0011595254488373776,1.834
0.00023299126586194224,1.835
-0.0005110930461102626,1.836
-0.0010683623802172785,1.837
-0.001505597892534894,1.838
-0.0019168851132544847,1.839
-0.00237603970427803,1.84
-0.002888817636522596,1.841
-0.003370841689692865,1.842
-0.0036754807161439545,1.843
-0.003654967629503846,1.844
-0.003221768635012404,1.845
-0.002386854893425598,1.846
-0.0012636942373276969,1.847
-4.3283740793243634e-05,1.848
0.0010545622969551725,1.849
0.0018525230353421763,1.85
0.002278386301712132,1.851
0.0023738204671527046,1.852
0.002253729388707918,1.853
0.002061327577322446,1.854
0.0019377243394604038,1.855
0.0019847471758196295,1.856
0.0022209276547856985,1.857
0.002574883064183123,1.858
0.0029298012748803785,1.859
0.003176286836979529,1.86
0.0032352276374608747,1.861
0.003054551070496872,1.862
0.0026160767680053158,1.863
0.001961448643371964,1.864
0.0011985608245135403,1.865
0.00046314511246621943,1.866
-0.00014664064468676693,1.867
-0.000614216352078916,1.868
-0.0009887207095643097,1.869
-0.0013393879047216663,1.87
-0.0017388442719947176,1.871
-0.0022600993239370788,1.872
-0.002937945311416409,1.873
-0.003720995454026821,1.874
-0.004477311736398439,1.875
-0.005057395471808105,1.876
-0.005359881212334024,1.877
-0.005347620740475634,1.878
-0.005018607019310284,1.879
-0.004383114267787862,1.88
-0.00347319732052586,1.881
-0.0023549144442139166,1.882
-0.0011165634106502231,1.883
0.00014820332535913166,1.884
0.0013465432904302354,1.885
0.0023969680276875413,1.886
0.003247498663877557,1.887
0.0038799597077906443,1.888
0.004289748331456547,1.889
0.004465157105817418,1.89
0.004388745340215545,1.891
0.004041865799827431,1.892
0.0034090617581012477,1.893
0.002513045549081448,1.894
0.0014540941406817297,1.895
0.0003960703160305035,1.896
-0.000487290076911336,1.897
-0.0010549465324484915,1.898
-0.0012171189805595653,1.899
-0.0009457102476094786,1.9
-0.00028753754695713245,1.901
0.0006310064128380796,1.902
0.0016335062328504699,1.903
0.0025411734381476274,1.904
0.0031874688029743317,1.905
0.0034174888402814215,1.906
0.003133899220315886,1.907
0.0023607295495826856,1.908
0.0012435038912920378,1.909
-1.7486225658120487e-05,1.91
-0.0012418682839154705,1.911
-0.002308616378308401,1.912
-0.00315186665851041,1.913
-0.003733162948676049,1.914
-0.00401593811754155,1.915
-0.003961200565071404,1.916
-0.0035505929769071402,1.917
-0.0028151951102120512,1.918
-0.0018428763271249268,1.919
-0.0007604231869599435,1.92
0.0002962837634401936,1.921
0.0012088370566089484,1.922
0.0018921586225001718,1.923
0.0023005210050920334,1.924
0.002419494972244116,1.925
0.0022389316299651495,1.926
0.0017282043285580886,1.927
0.0008425246861919162,1.928
-0.0004349836564470385,1.929
-0.0020300087490639964,1.93
-0.003734014226048995,1.931
-0.005230294365443653,1.932
-0.006182480589022719,1.933
-0.0063332898541953245,1.934
-0.0055826748717630065,1.935
-0.00402887030214623,1.936
-0.0019396701637811277,1.937
0.0003423149976887503,1.938
0.0024926083662159177,1.939
0.004247809592458144,1.94
0.0054238872418530355,1.941
0.005938598731044794,1.942
0.005810653150582976,1.943
0.0051188658037662075,1.944
0.0039735100688153,1.945
0.0025406437986378897,1.946
0.001071688684130571,1.947
-0.0001366409560497621,1.948
-0.0008538141022128783,1.949
-0.0010164607345222567,1.95
-0.0007373935303694694,1.951
-0.0002195546371506108,1.952
0.0003544804979930939,1.953
0.0008736123625243404,1.954
0.0012695982807930286,1.955
0.0014753960894074766,1.956
0.0014379492110318606,1.957
0.0011645665851579175,1.958
0.0007426273632854009,1.959
0.000319895640688655,1.96
6.0865196565789376e-05,1.961
8.686145745272032e-05,1.962
0.00041787809861779714,1.963
0.0009510880155030298,1.964
0.0014850567254297894,1.965
0.0017645247713903324,1.966
0.0015406573543778482,1.967
0.0006489167510067268,1.968
-0.0009189749966130628,1.969
-0.002974473746919864,1.97
-0.005150765368086731,1.971
-0.0070014725099231566,1.972
-0.008142782344493052,1.973
-0.008357967811921165,1.974
-0.0076218464660014916,1.975
-0.006071584727165828,1.976
-0.003967503782241752,1.977
-0.0016452008746347712,1.978
0.0005621770475916273,1.979
0.002412828873252517,1.98
0.003805982732713545,1.981
0.004758464159419941,1.982
0.005327033743224876,1.983
0.005542891631364926,1.984
0.005403305592648874,1.985
0.0049054895674072885,1.986
0.004079264869745097,1.987
0.0029902341843076156,1.988
0.0017254338426337845,1.989
0.0003885769597513254,1.99
-0.0008975740182127434,1.991
-0.0019990539287356485,1.992
-0.0027860856328634494,1.993
-0.0031479211272253662,1.994
-0.003008374262187603,1.995
-0.0023501090925317526,1.996
-0.001254911008240064,1.997
7.186245496950994e-05,1.998
0.0013483398168572145,1.999
0.0023201063561268066,2.0
0.0028326450765520875,2.001
0.002830943056503552,2.002
0.002338570388949467,2.003
0.0014646754296026093,2.004
0.0004131542067018314,2.005
-0.0005527560971559502,2.006
-0.0011913991525586418,2.007
-0.0013664842800845953,2.008
-0.0010828393335443262,2.009
-0.0004625994390171538,2.01
0.00030192631446047475,2.011
0.0009936819951425072,2.012
0.0014199730673511836,2.013
0.0014606050428874193,2.014
0.0010963761151014113,2.015
0.0004074797490803472,2.016
-0.0004545600463784587,2.017
-0.0013084364031341516,2.018
-0.001989551350897071,2.019
-0.0023862859712074354,2.02
-0.00244934771384832,2.021
-0.002187617994376942,2.022
-0.0016675068066046188,2.023
-0.0010136201069596395,2.024
-0.00039104400713970767,2.025
5.4335576447671715e-05,2.026
0.000263346593107532,2.027
0.0002769072342594038,2.028
0.0002010496537524831,2.029
0.00015763347644175507,2.03
0.0002259683438762271,2.031
0.00039953841299481766,2.032
0.0005995237957552641,2.033
0.0007359641697364468,2.034
0.0007696228923980372,2.035
0.00073161959710687,2.036
0.0006748019175378046,2.037
0.0006056696652876029,2.038
0.0004800553652923618,2.039
0.0002555557729033212,2.04
-6.118591745343145e-05,2.041
-0.00040408978269619556,2.042
-0.0006680311704728318,2.043
-0.0007410753557433178,2.044
-0.0005456399483435867,2.045
-7.829253948199426e-05,2.046
0.0005810375150664316,2.047
0.001296720413317554,2.048
0.0019140674557661204,2.049
0.0022819490946889526,2.05
0.0022740628644890904,2.051
0.0018215484906382534,2.052
0.0009343526915383273,2.053
-0.00030240846449584185,2.054
-0.0017392696267989904,2.055
-0.003175577305128869,2.056
-0.004385693217762374,2.057
-0.0051558090860109465,2.058
-0.005322929385270209,2.059
-0.004813051311844725,2.06
-0.0036784858470843528,2.061
-0.0021170362980289822,2.062
-0.0004365540418750817,2.063
0.001040955010846871,2.064
0.002087144315835578,2.065
0.0026297840777116128,2.066
0.0027500550913335583,2.067
0.0026273208667529826,2.068
0.0024576752017985122,2.069
0.0023789419712059393,2.07
0.002435416347996835,2.071
0.002602847329017838,2.072
0.0028432687315208148,2.073
0.0031263350744190265,2.074
0.003405662415417702,2.075
0.0036000553800784713,2.076
0.0036175450855357757,2.077
0.0033956405111194607,2.078
0.0029068541566689707,2.079
0.0021355947352746933,2.08
0.0010781721292848119,2.081
-0.000221335337595531,2.082
-0.0016466498928368824,2.083
-0.0030246776334119825,2.084
-0.00415708562968308,2.085
-0.0048585056240034825,2.086
-0.005016977181669509,2.087
-0.004652920246502687,2.088
-0.003913851456747109,2.089
-0.0030008731202995605,2.09
-0.002097279352924098,2.091
-0.0013387231534216575,2.092
-0.0008152146107108156,2.093
-0.0005862515572143404,2.094
-0.0006806014337643635,2.095
-0.0010662012609746166,2.096
-0.0016136578007041869,2.097
-0.002100029862932208,2.098
-0.0022779764798988053,2.099
-0.00197186833583031,2.1
-0.0011395351773424518,2.101
0.00011722061272856498,2.102
0.0015811335856274313,2.103
0.0029785193324071697,2.104
0.004053843459800586,2.105
0.004636257873562908,2.106
0.004679765594162551,2.107
0.004264402615338395,2.108
0.003548816827528931,2.109
0.0026889595800637465,2.11
0.001771373061261166,2.111
0.0008028661569468922,2.112
-0.00023778633162135858,2.113
-0.001325216302005553,2.114
-0.00235543287383244,2.115
-0.0031707360066749995,2.116
-0.003601869239811181,2.117
-0.003510924755101674,2.118
-0.0028390279577551834,2.119
-0.0016444411220662139,2.12
-0.00011001804270543259,2.121
0.00148200128778435,2.122
0.0028069752178063114,2.123
0.003592285823361127,2.124
0.0037154316767202857,2.125
0.0032449071803947113,2.126
0.0024057398553510396,2.127
0.0014941457555961144,2.128
0.0007708166130654611,2.129
0.00036407630479113153,2.13
0.00022886506525018205,2.131
0.00019720300077483548,2.132
9.320653914687285e-05,2.133
-0.0001586392537137062,2.134
-0.0004980440848064314,2.135
-0.0007951660840987524,2.136
-0.0009588993177474685,2.137
-0.0009893114583701176,2.138
-0.0009555166136970762,2.139
-0.000951381129311868,2.14
-0.0010678541804991705,2.141
-0.0013706102242049606,2.142
-0.0018706978973970073,2.143
-0.0025134829994372778,2.144
-0.0032014065936342008,2.145
-0.0038279103154210134,2.146
-0.004291513966705522,2.147
-0.004490267881868871,2.148
-0.004330850955270692,2.149
-0.0037635934668172745,2.15
-0.0028125609234702378,2.151
-0.0015773880331858426,2.152
-0.00021039234746803766,2.153
0.0011218156736875244,2.154
0.0022806423856025775,2.155
0.0031776112875060666,2.156
0.0037611247450041125,2.157
0.003997373062216502,2.158
0.003897298979059863,2.159
0.0035705055686494525,2.16
0.00320676163547281,2.161
0.0029723297934917785,2.162
0.002937329046811405,2.163
0.003088169936388415,2.164
0.0033661720917939407,2.165
0.0036881785033580305,2.166
0.003954420944749536,2.167
0.00405400913247824,2.168
0.0038764291946327125,2.169
0.0033378607231940405,2.17
0.0024080193567678015,2.171
0.0011204894465161829,2.172
-0.00042263729825177637,2.173
-0.002057227669241685,2.174
-0.0035942621942628666,2.175
-0.004864297559134273,2.176
-0.005739251676287896,2.177
-0.0061455299633374205,2.178
-0.006079053142638668,2.179
-0.005598635246028417,2.18
-0.004795345137847779,2.181
-0.0037747914130037367,2.182
-0.0026665471745912586,2.183
-0.0016240804748505714,2.184
-0.0007809609415920257,2.185
-0.0001921486528359637,2.186
0.00017912076826499113,2.187
0.00042465467184513937,2.188
0.0006411714886995034,2.189
0.000878469754933922,2.19
0.0011082135578605733,2.191
0.0012540972495423432,2.192
0.001260768403097875,2.193
0.0011283070276106402,2.194
0.000895290789089888,2.195
0.000623006659972124,2.196
0.00040158224798417095,2.197
0.00033980677180880296,2.198
0.0005322908525101324,2.199
0.0010282979110608679,2.2
0.0017927080850284177,2.201
0.0026707449490328584,2.202
0.0034155260870067537,2.203
0.003783702196170737,2.204
0.0036283749558378123,2.205
0.002936376280037657,2.206
0.0018157473503384515,2.207
0.00046366292543162087,2.208
-0.000863558167843871,2.209
-0.0018850147670749532,2.21
-0.0023626769198180006,2.211
-0.0021978534946233206,2.212
-0.001492495850821723,2.213
-0.0005175676819627594,2.214
0.00039210592224093126,2.215
0.0009454372814209503,2.216
0.0009601169311912944,2.217
0.0003957192929635951,2.218
-0.0006316441681626912,2.219
-0.0018681500176952264,2.22
-0.002980606181507536,2.221
-0.00365083294544945,2.222
-0.0036891246880663598,2.223
-0.0031029690700367586,2.224
-0.002072112968210118,2.225
-0.0008574168357890589,2.226
0.0002999563004423901,2.227
0.0012511047767160154,2.228
0.0019637956422161366,2.229
0.0024831619700441936,2.23
0.0028418888166255587,2.231
0.002997948368949206,2.232
0.002864640515380595,2.233
0.002381233916369328,2.234
0.001541281750669296,2.235
0.00039731223377486105,2.236
-0.0009136499449136359,2.237
-0.0021630736365932926,2.238
-0.003092117371432812,2.239
-0.003513556570520775,2.24
-0.003381584149340086,2.241
-0.0027884684760542513,2.242
-0.0019071987444152306,2.243
-0.000925187788191816,2.244
-7.244701939864376e-06,2.245
0.0007075128940631111,2.246
0.001108224607658518,2.247
0.0011409820614482044,2.248
0.0008489745993195498,2.249
0.0003796570154649702,2.25
-6.853732524260043e-05,2.251
-0.0003287479680187718,2.252
-0.000313070019516237,2.253
-1.0432510269751556e-06,2.254
0.0005859573150692215,2.255
0.0013761975775112463,2.256
0.002229696303072766,2.257
0.0029748849655761764,2.258
0.0034932522530263604,2.259
0.00376258679346061,2.26
0.003814077185660231,2.261
0.003667520316180251,2.262
0.003315832011500125,2.263
0.002748988466947811,2.264
0.001963919106041004,2.265
0.0009467014702361821,2.266
-0.00032607193262777285,2.267
-0.0018374427261268094,2.268
-0.0034778420511282814,2.269
-0.0050457539530803985,2.27
-0.006291031934707115,2.271
-0.0069641331323659185,2.272
-0.00686904485803987,2.273
-0.0059278037792116324,2.274
-0.004235935976112284,2.275
-0.0020785517050883134,2.276
0.00011309957930568563,2.277
0.001877024436506223,2.278
0.002881804582559049,2.279
0.0030505985943685625,2.28
0.0025748871457646413,2.281
0.0018161660449871975,2.282
0.001149658798471466,2.283
0.0008239355423828472,2.284
0.0008988540455466841,2.285
0.00127937630176357,2.286
0.0017904644376988213,2.287
0.0022225627932721246,2.288
0.002364578133425039,2.289
0.0020774456115887612,2.29
0.0013716650710130047,2.291
0.0004121372914374143,2.292
-0.000551593091006703,2.293
-0.00128296988596227,2.294
-0.0016422878835826993,2.295
-0.0016201894217326195,2.296
-0.001311540232465565,2.297
-0.0008496709096086426,2.298
-0.0003267641403766359,2.299
0.0002485183923851966,2.3
0.0009049189060744532,2.301
0.0016108538451923523,2.302
0.0022246057057336826,2.303
0.002536601816701936,2.304
0.0023606810504348515,2.305
0.0016061885428075324,2.306
0.000310175900466728,2.307
-0.0013495295092388494,2.308
-0.003066401263270954,2.309
-0.004470112618682649,2.31
-0.005232194443086445,2.311
-0.005164649650327262,2.312
-0.004284219232408382,2.313
-0.002827374540523513,2.314
-0.0011784165206146302,2.315
0.00027319710556809743,2.316
0.0012529608896466149,2.317
0.0016619065365053563,2.318
0.0015991985873285504,2.319
0.001317395698371895,2.32
0.0010966841304163304,2.321
0.0011209530791127884,2.322
0.0014303686303152891,2.323
0.001937624512883755,2.324
0.0024701164819745823,2.325
0.0028367639132711184,2.326
0.0029111209292346446,2.327
0.0026710830078643527,2.328
0.0021665672633347202,2.329
0.0014640978413415272,2.33
0.0006238330903296086,2.331
-0.00027834711971299307,2.332
-0.00112603274625725,2.333
-0.001777378910388693,2.334
-0.002096766623683246,2.335
-0.0019737465782534635,2.336
-0.0013467805941648038,2.337
-0.00024922817606585416,2.338
0.0011407976732019185,2.339
0.0024914584613984856,2.34
0.003390902394709777,2.341
0.003504172508375748,2.342
0.002732258271550593,2.343
0.0012536258787916755,2.344
-0.000575833675346697,2.345
-0.0023783553534151504,2.346
-0.0038785644849958782,2.347
-0.0049516941005384885,2.348
-0.005595719015717406,2.349
-0.0058737875372464,2.35
-0.005869551711842171,2.351
-0.00564910042190167,2.352
-0.005216134693321774,2.353
-0.004495919673569471,2.354
-0.003381047830766866,2.355
-0.0018070216511358534,2.356
0.00019556918823242816,2.357
0.002483795582796589,2.358
0.004808337288222899,2.359
0.006848835970859012,2.36
0.008283190981381963,2.361
0.00887315390011054,2.362
0.008532544122012866,2.363
0.007349747724172908,2.364
0.0055633563280453715,2.365
0.0035006782816434465,2.366
0.0015010880032848874,2.367
-0.00014404257895313596,2.368
-0.0012326658257589185,2.369
-0.001687207193683263,2.37
-0.001577064329666736,2.371
-0.0011113992906545997,2.372
-0.0005812960819375403,2.373
-0.0002564514072060687,2.374
-0.00029351893307910285,2.375
-0.0007060049453064843,2.376
-0.0013925913841355978,2.377
-0.0021960031358595434,2.378
-0.0029632310341868974,2.379
-0.003582035212225512,2.38
-0.003990102476666861,2.381
-0.004182131188011023,2.382
-0.00421345720940349,2.383
-0.004161466291110717,2.384
-0.004068936467100837,2.385
-0.003939642727452242,2.386
-0.0037750182554189497,2.387
-0.0035794953343767583,2.388
-0.003325148044553163,2.389
-0.002934992339300738,2.39
-0.0023052057124523973,2.391
-0.0013424538128528423,2.392
-1.5292257336714108e-05,2.393
0.0016030996136142696,2.394
0.0033537714270009088,2.395
0.005053119971561397,2.396
0.0065220727979979866,2.397
0.007582931157776143,2.398
0.00808434032016086,2.399
0.00795878327988436,2.4
0.007265503580432332,2.401
0.006184372762495276,2.402
0.004946944048204314,2.403
0.003730668209369109,2.404
0.0025866183244641384,2.405
0.0014544847016343871,2.406
0.0002553115056282859,2.407
-0.0010057895409808215,2.408
-0.0022112301508684486,2.409
-0.003196177394765467,2.41
-0.0038374570637421655,2.411
-0.004099772028263933,2.412
-0.004039807521822462,2.413
-0.0037923445269185097,2.414
-0.0035318389674174463,2.415
-0.003394331146787737,2.416
-0.003401881697178806,2.417
-0.0034562515523869227,2.418
-0.003398332788903367,2.419
-0.0030800402028782646,2.42
-0.0024215973822814345,2.421
-0.0014503447458655647,2.422
-0.000301888742496845,2.423
0.0008324468857740698,2.424
0.0017803606989827798,2.425
0.0024384623109746043,2.426
0.0027869475539023243,2.427
0.0028768214462663567,2.428
0.0027983212899671617,2.429
0.0026435765143879297,2.43
0.0024663794947955577,2.431
0.002246849765559733,2.432
0.0018966685364110736,2.433
0.00132234402417513,2.434
0.000497981337753246,2.435
-0.0005130942674474593,2.436
-0.001588530479962283,2.437
-0.0025953195617046485,2.438
-0.0034332531006532226,2.439
-0.004056250996892655,2.44
-0.004452899307285225,2.441
-0.004587590088213661,2.442
-0.00436480192308156,2.443
-0.003679633944760957,2.444
-0.0025046406792484724,2.445
-0.0009300517421934933,2.446
0.0008494277846185926,2.447
0.0025856696960470625,2.448
0.004037507477627846,2.449
0.005001366886700917,2.45
0.0053362570347401305,2.451
0.005009148701804597,2.452
0.004113457969247275,2.453
0.002836671442467438,2.454
0.0014164100456742418,2.455
0.00010887825404415271,2.456
-0.0008378929240028576,2.457
-0.001225460592599655,2.458
-0.0009766246246306412,2.459
-0.00019808642611213694,2.46
0.0008427571726198949,2.461
0.0018300224214515923,2.462
0.0025150536345249744,2.463
0.002763575003470878,2.464
0.002532310165212232,2.465
0.0018258707288633627,2.466
0.0006863994097931033,2.467
-0.0007759586513544554,2.468
-0.002351082272603158,2.469
-0.003750606889640001,2.47
-0.004691870448658933,2.471
-0.004986567157146953,2.472
-0.004589647171086425,2.473
-0.00360943298424502,2.474
-0.0022810153751100237,2.475
-0.0009057913628718714,2.476
0.0002288767299981269,2.477
0.0009353251664220334,2.478
0.0011899250669336334,2.479
0.0011343651308892,2.48
0.0010009241559753694,2.481
0.0010028571992188647,2.482
0.0012399640937962924,2.483
0.0016559771152285564,2.484
0.0020735820635329936,2.485
0.002282904247147835,2.486
0.002127761500967376,2.487
0.0015610811901412007,2.488
0.0006537558720342716,2.489
-0.00044802160098564867,2.49
-0.0015782950518212688,2.491
-0.0025728095470640704,2.492
-0.003263857940231127,2.493
-0.0034933298573162973,2.494
-0.003159952045532198,2.495
-0.002276798638310387,2.496
-0.001003599576927862,2.497
0.00037601854590018816,2.498
0.0015333270889358258,2.499
0.0021954689826452754,2.5
0.0022255387038755334,2.501
0.0016524231881530674,2.502
0.0006432194211077759,2.503
-0.0005620357640029385,2.504
-0.001715042310711025,2.505
-0.002598243599253033,2.506
-0.003039442408509138,2.507
-0.002918877562982233,2.508
-0.002190796393947131,2.509
-0.0009168109066396657,2.51
0.0007259153234614914,2.511
0.0024867041437744057,2.512
0.004111365244352227,2.513
0.005391352933333671,2.514
0.006180088591448545,2.515
0.006410276082817531,2.516
0.006118593447949364,2.517
0.005438512533625069,2.518
0.004534786225906979,2.519
0.003514329168605304,2.52
0.0023857745697197555,2.521
0.0010962304509594414,2.522
-0.000397928804419797,2.523
-0.0020848750429398066,2.524
-0.0038852398369839474,2.525
-0.0056432064829275925,2.526
-0.007122250112366034,2.527
-0.008046363041956932,2.528
-0.008188950495476514,2.529
-0.00746417002587535,2.53
-0.005977603993177115,2.531
-0.004006316982997553,2.532
-0.0019156569840552123,2.533
-6.171384405472116e-05,2.534
0.001282652540700456,2.535
0.001976183539179625,2.536
0.0020358085757198672,2.537
0.0016199808305714719,2.538
0.0009629914941209804,2.539
0.0003042186988488267,2.54
-0.00015909599276515168,2.541
-0.000305084559816344,2.542
-0.00010143625355348533,2.543
0.00041070508960669547,2.544
0.0011470444912779355,2.545
0.0020054016562597895,2.546
0.002891759801598897,2.547
0.003747624180041571,2.548
0.0045454063829654156,2.549
0.005235453650987732,2.55
0.005688504975793105,2.551
0.005704458293725403,2.552
0.00511529322015085,2.553
0.003904186684021308,2.554
0.00222773558118078,2.555
0.0003413249998798995,2.556
-0.0014898727133233873,2.557
-0.0030513822088876013,2.558
-0.004209809088539317,2.559
-0.004916273307861397,2.56
-0.005192910541329962,2.561
-0.005117416985631463,2.562
-0.004805292905253948,2.563
-0.004371033578262336,2.564
-0.0038701120372622885,2.565
-0.0032646311813756494,2.566
-0.002458970546956627,2.567
-0.0013930621691786566,2.568
-0.00011784969211887488,2.569
0.001204668135344598,2.57
0.0023637961627888376,2.571
0.0031744508260402966,2.572
0.0035355889238224197,2.573
0.003464877245052404,2.574
0.0030883234919293154,2.575
0.0025807823255541928,2.576
0.0020915676927562507,2.577
0.0017000863719396698,2.578
0.0014177104647787196,2.579
0.0012021951339575036,2.58
0.0009544532595225004,2.581
0.0005223087169985324,2.582
-0.00025169817448974076,2.583
-0.0014531927811124847,2.584
-0.0030330562430916194,2.585
-0.004780564221701542,2.586
-0.006348522150782367,2.587
-0.007331777688537349,2.588
-0.007376522596443116,2.589
-0.006302060751156351,2.59
-0.004193529267747572,2.591
-0.0014027384998076407,2.592
0.0015672453340302096,2.593
0.0042452375448648,2.594
0.006323288285346795,2.595
0.007656280486182298,2.596
0.008195313737342235,2.597
0.007953124475885167,2.598
0.0070029266714967614,2.599
0.005473277880734334,2.6
0.0035320758552610655,2.601
0.001373961190056254,2.602
-0.0007799944375742325,2.603
-0.002686797821239473,2.604
-0.004111064909917009,2.605
-0.004872905922836952,2.606
-0.004893960982355077,2.607
-0.004224643603604781,2.608
-0.0030311145562541804,2.609
-0.0015413927996867438,2.61
5.168135278638153e-06,2.611
0.001378252195811637,2.612
0.002380249113253123,2.613
0.002889037533474788,2.614
0.0028812217675233598,2.615
0.002424969858647884,2.616
0.0016697124870964464,2.617
0.0008212704800988544,2.618
7.758434656096112e-05,2.619
-0.00044226131035489256,2.62
-0.0007273716170808479,2.621
-0.00085810441671934,2.622
-0.0009637714930393239,2.623
-0.0011748025456269787,2.624
-0.001580170267984763,2.625
-0.002193968638240849,2.626
-0.002942701253300796,2.627
-0.003689442842384473,2.628
-0.004280430549062153,2.629
-0.004572093760496075,2.63
-0.004430783524330309,2.631
-0.003737113862825123,2.632
-0.0024193138643752127,2.633
-0.0005139258016520024,2.634
0.0017800292235609888,2.635
0.004103086689022479,2.636
0.00601205346701641,2.637
0.007104661072449436,2.638
0.00714510193684022,2.639
0.006136498920718043,2.64
0.004310821809481158,2.641
0.002059862709248174,2.642
-0.00015815708707869793,2.643
-0.0019252331007035093,2.644
-0.0029672532339840687,2.645
-0.003214238014810066,2.646
-0.002785956967169821,2.647
-0.001924266446446674,2.648
-0.0009179395899682511,2.649
-2.8216795884605598e-05,2.65
0.0005774251474233982,2.651
0.0008385944012841325,2.652
0.0007633434809521167,2.653
0.0003936032243906851,2.654
-0.00021047587113908543,2.655
-0.0009780854494189234,2.656
-0.001818977341096301,2.657
-0.0026164343050126236,2.658
-0.003250142850319678,2.659
-0.0036271100304051548,2.66
-0.00368113230244813,2.661
-0.0033512857658069633,2.662
-0.002587355760031014,2.663
-0.0013817847108922253,2.664
0.00020958238909158405,2.665
0.0020508790679997606,2.666
0.003910777706914355,2.667
0.005493872105173757,2.668
0.006531899776270307,2.669
0.006876908905611426,2.67
0.006527798516729377,2.671
0.005589760516524575,2.672
0.0042247428646210415,2.673
0.0026249697499583307,2.674
0.001002287693909241,2.675
-0.0004226419480024182,2.676
-0.0014531204547888086,2.677
-0.00197370462088806,2.678
-0.0020005222537037206,2.679
-0.0016910782481382562,2.68
-0.0012992836211832132,2.681
-0.0010890765394499832,2.682
-0.0012447475067044647,2.683
-0.0018117272720174816,2.684
-0.002688625521380566,2.685
-0.0036758878137158058,2.686
-0.004544962660342992,2.687
-0.005084300786128852,2.688
-0.005141211421300469,2.689
-0.004682231256916775,2.69
-0.003818706335701929,2.691
-0.0027575536244112504,2.692
-0.001709749230303231,2.693
-0.000799993209271105,2.694
-2.826365471358767e-05,2.695
0.0006766669987562788,2.696
0.0013590236073610861,2.697
0.001987632109533837,2.698
0.0024892793402233443,2.699
0.002813563923807083,2.7
0.0029616317205098572,2.701
0.002966099072247088,2.702
0.002865549821052692,2.703
0.0027071527620860475,2.704
0.0025594591614239077,2.705
0.002500592194538184,2.706
0.0025827114241423425,2.707
0.0027973230740641606,2.708
0.0030596646441111925,2.709
0.003220841805715351,2.71
0.0031040551517146466,2.711
0.00255975646980714,2.712
0.0015305661317769515,2.713
9.251829193920316e-05,2.714
-0.0015572718595605942,2.715
-0.003157913105319463,2.716
-0.00445818361217416,2.717
-0.0052780319798398844,2.718
-0.005534301825643286,2.719
-0.005229573647780311,2.72
-0.004429226657896914,2.721
-0.0032528029936180498,2.722
-0.0018826752156032368,2.723
-0.0005498665009653454,2.724
0.0005388852942181004,2.725
0.001276519659659559,2.726
0.0016539194080792568,2.727
0.0017085737690139538,2.728
0.0014933090978107896,2.729
0.0010715257564813472,2.73
0.0005181790405971857,2.731
-7.773575172325165e-05,2.732
-0.0006084699079810049,2.733
-0.0009488354049834776,2.734
-0.0009757145308923764,2.735
-0.0006099495603409439,2.736
0.00012991044132527828,2.737
0.001102986705952406,2.738
0.00209246883308784,2.739
0.00289749331869737,2.74
0.003399191802986539,2.741
0.003569700693375595,2.742
0.0034488975518813412,2.743
0.003117206787815103,2.744
0.002663982460008316,2.745
0.002146313972536394,2.746
0.0015577864386339022,2.747
0.0008357669547152572,2.748
-8.221034702948063e-05,2.749
-0.001176568514724379,2.75
-0.0023002252677972513,2.751
-0.0032161116114773525,2.752
-0.0036930295843865795,2.753
-0.0036009580792118892,2.754
-0.0029690783184401523,2.755
-0.001986078581017793,2.756
-0.0009242417368289048,2.757
-2.119190498401996e-05,2.758
0.0005835395450200262,2.759
0.0008218142874348046,2.76
0.0006568223478744646,2.761
0.00010117875247089419,2.762
-0.0007272671507965559,2.763
-0.0015943970862224745,2.764
-0.0022313220421465033,2.765
-0.0024544577460764846,2.766
-0.002223430308541086,2.767
-0.001608149821408542,2.768
-0.000731346830088294,2.769
0.00025328067023281043,2.77
0.0011670403927555109,2.771
0.0018424537795845451,2.772
0.0021773765520948242,2.773
0.002157647631523812,2.774
0.001839837359445012,2.775
0.0013192688517263756,2.776
0.0006972584111466293,2.777
6.587801718787353e-05,2.778
-0.00048073434610351913,2.779
-0.0008414705853283875,2.78
-0.000931433702266891,2.781
-0.0007175131701700181,2.782
-0.00025021463776769723,2.783
0.000330516101202517,2.784
0.0008360009663542862,2.785
0.0010941899379265602,2.786
0.0009943506768378373,2.787
0.0004961757025362676,2.788
-0.0003708270715230122,2.789
-0.0014942925699386812,2.79
-0.002667874798068906,2.791
-0.0036165430174340627,2.792
-0.004070464630902524,2.793
-0.0038501512495013805,2.794
-0.002905053880476085,2.795
-0.001300380939704772,2.796
0.0008071010532203451,2.797
0.003185542304601937,2.798
0.005551112008725772,2.799
0.0076116611289807415,2.8
0.009109708711270292,2.801
0.009828307434816585,2.802
0.009585362788021436,2.803
0.008278393265065525,2.804
0.005965940395593456,2.805
0.0029035955102086814,2.806
-0.0005071937672238003,2.807
-0.003821565620160854,2.808
-0.006650171361313526,2.809
-0.008723703786247839,2.81
-0.009907602523622853,2.811
-0.010172853129952709,2.812
-0.009562299764719232,2.813
-0.008185890619220324,2.814
-0.006230063042575024,2.815
-0.003948212619986285,2.816
-0.0016198800036645233,2.817
0.0005085480464481157,2.818
0.0022685085197499464,2.819
0.003577327336116122,2.82
0.00441691534345798,2.821
0.0047972744626179195,2.822
0.004724668169425286,2.823
0.004202948401300647,2.824
0.0032675244295485386,2.825
0.0020162716987037668,2.826
0.0006131252321247041,2.827
-0.0007370172669686674,2.828
-0.0018329804598366897,2.829
-0.0025239760736666846,2.83
-0.002747085107847783,2.831
-0.0025487339518304648,2.832
-0.002069882566595078,2.833
-0.0014813946908046806,2.834
-0.0009060302465610642,2.835
-0.0003897376389770848,2.836
7.29920816293766e-05,2.837
0.0005019993770585909,2.838
0.000897288024875626,2.839
0.001221709954945865,2.84
0.0014311044440776031,2.841
0.0015230528383279858,2.842
0.0015404003194847866,2.843
0.0015375032469973802,2.844
0.0015608781012646001,2.845
0.0016464457893897875,2.846
0.0018053744175971305,2.847
0.002004320032506312,2.848
0.0021651353561033967,2.849
0.002189710997854784,2.85
0.0020025066713881966,2.851
0.00159160441107327,2.852
0.001018405133068177,2.853
0.00039361738191952034,2.854
-0.00015722010032596682,2.855
-0.0005302139891058906,2.856
-0.0006819758426857571,2.857
-0.0006539198122812429,2.858
-0.0005590212554071813,2.859
-0.0005422667803640637,2.86
-0.0007377423674271047,2.861
-0.0012122800927038989,2.862
-0.0019095174746324773,2.863
-0.002649876841787626,2.864
-0.0032012410639556186,2.865
-0.0033769664130102453,2.866
-0.0031076186299516945,2.867
-0.0024640107814433523,2.868
-0.0016398833886303063,2.869
-0.0008886525889719339,2.87
-0.00041201554316576893,2.871
-0.0002560007397557965,2.872
-0.0002867141526087138,2.873
-0.0002628517060106866,2.874
3.5209094223725205e-05,2.875
0.0006833978936396593,2.876
0.0015671998821736833,2.877
0.0024381495269769214,2.878
0.0030121443994584078,2.879
0.0030466849024930113,2.88
0.0024130744029372308,2.881
0.001165891180466726,2.882
-0.00044475115226268327,2.883
-0.002045494360995242,2.884
-0.0032552110889097563,2.885
-0.0037820836138257106,2.886
-0.003482752171866963,2.887
-0.0023932385151415915,2.888
-0.0007247370007480968,2.889
0.0011894079903438022,2.89
0.0029826623901084543,2.891
0.004344484504589602,2.892
0.005079932018427181,2.893
0.005126602629346429,2.894
0.004537711168194615,2.895
0.0034541237486422033,2.896
0.002067826575373256,2.897
0.0005718061717567215,2.898
-0.0008778889725882411,2.899
-0.002158610506364434,2.9
-0.0031481677562163832,2.901
-0.0037111668217582406,2.902
-0.0037461090732957406,2.903
-0.003264623688257502,2.904
-0.002413705033492366,2.905
-0.0014167574611108518,2.906
-0.0004984333882743271,2.907
0.00017733631417232162,2.908
0.0005608307715083831,2.909
0.0007256209961016355,2.91
0.0008184136587614364,2.911
0.000988016202891401,2.912
0.0013143923236710515,2.913
0.0017522132327133582,2.914
0.002131241627495998,2.915
0.002225655709347934,2.916
0.0018515868724903006,2.917
0.0009484659154922769,2.918
-0.00038890358217690224,2.919
-0.0019439007232298113,2.92
-0.00344666662055937,2.921
-0.004621706219844359,2.922
-0.00520921025850985,2.923
-0.005008344013992987,2.924
-0.0039511788185875,2.925
-0.00215506811452429,2.926
8.281495138783647e-05,2.927
0.00234892592274063,2.928
0.004224158381293216,2.929
0.005407824933812773,2.93
0.005790288862594852,2.931
0.005435780886251041,2.932
0.004517350290002735,2.933
0.0032600218974394198,2.934
0.001892391046204869,2.935
0.0006065468390799502,2.936
-0.0004597742972062147,2.937
-0.001236200004451119,2.938
-0.0017371269455758026,2.939
-0.0020580932024977655,2.94
-0.0023454850050681417,2.941
-0.0027432273763555418,2.942
-0.0033028678782189326,2.943
-0.0039081385617820335,2.944
-0.004314015375124409,2.945
-0.0042843772560616205,2.946
-0.0037051913152050617,2.947
-0.0026117462788808454,2.948
-0.0011514353670766754,2.949
0.0004880147171759728,2.95
0.0021429329585896206,2.951
0.0036829576187943675,2.952
0.004974693201461268,2.953
0.005852266812780105,2.954
0.006111377607457574,2.955
0.005525352611196946,2.956
0.003919015014486598,2.957
0.00131232997463139,2.958
-0.001961812622295549,2.959
-0.0052892378407155966,2.96
-0.007955211559408464,2.961
-0.00936972498457381,2.962
-0.009231863123676961,2.963
-0.007557641180976179,2.964
-0.004594926648656264,2.965
-0.0007489636164527832,2.966
0.003442586247357962,2.967
0.0073636518790270436,2.968
0.01042437566817844,2.969
0.012164707574598331,2.97
0.012341699239399566,2.971
0.010992827433248486,2.972
0.00841876380100215,2.973
0.0050771884887454615,2.974
0.0014749859755937588,2.975
-0.001889570057595736,2.976
-0.004579113535223191,2.977
-0.00630652773092036,2.978
-0.007020645956053424,2.979
-0.006906443781499574,2.98
-0.006278478300435927,2.981
-0.005428170734342895,2.982
-0.004510971145736711,2.983
-0.0035349919478429685,2.984
-0.0024455610596162713,2.985
-0.001230575208943227,2.986
1.2255115435350383e-05,2.987
0.001053605129191381,2.988
0.0015701831121129298,2.989
0.0012558747896488918,2.99
-1.9300726930690503e-05,2.991
-0.0020691241804018045,2.992
-0.004357617466294838,2.993
-0.006123292697709407,2.994
-0.006625233612604295,2.995
-0.005399948807438325,2.996
-0.0024260398850812436,2.997
0.0018296960945087886,2.998
0.006482244884821448,2.999
0.010439334257000462,3.0
0.012735671565979252,3.001
0.012846654546160335,3.002
0.010803296355381303,3.003
0.007089284904978236,3.004
0.0024462597869149617,3.005
-0.0023272429426773058,3.006
-0.0065519354474325815,3.007
-0.009764374127536593,3.008
-0.01170937899210306,3.009
-0.012279577835681163,3.01
-0.011469622681751604,3.011
-0.009369909210210125,3.012
-0.006177150543490833,3.013
-0.002198150062713952,3.014
0.0021490883693803015,3.015
0.0063565542177215755,3.016
0.009898862322633418,3.017
0.012321789636735251,3.018
0.013310426776332925,3.019
0.012766432564016373,3.02
0.010884741906518072,3.021
0.008126043269028632,3.022
0.0050502362855648604,3.023
0.0021270319330516283,3.024
-0.00036686546517071533,3.025
-0.0023531457545601137,3.026
-0.003902672981575311,3.027
-0.005179371674729265,3.028
-0.006379637105631046,3.029
-0.007648626919523751,3.03
-0.008995737964736818,3.031
-0.010240898228173605,3.032
-0.011017461684441827,3.033
-0.010879374132954839,3.034
-0.009496607403408281,3.035
-0.006814192712880559,3.036
-0.0030858189769982125,3.037
0.0011881371690418828,3.038
0.0053619712519343415,3.039
0.008771329093299854,3.04
0.010880643828339675,3.041
0.011429644637808514,3.042
0.010525510489224729,3.043
0.00860893938525925,3.044
0.006288622235225747,3.045
0.004126673072687114,3.046
0.002467910773790124,3.047
0.001367723645338333,3.048
0.0006433110534749175,3.049
2.1533302227005973e-05,3.05
-0.0007245359255365316,3.051
-0.0017457657587009005,3.052
-0.0031613716274745763,3.053
-0.005076250649738085,3.054
-0.007526108306845079,3.055
-0.010371821286335674,3.056
-0.013193320197508067,3.057
-0.015267768161507708,3.058
-0.015731725034074738,3.059
-0.013916573920751765,3.06
-0.009653434463081586,3.061
-0.003355282190361211,3.062
0.0040816533560606195,3.063
0.011435647924085156,3.064
0.017385412740844815,3.065
0.02084536521093954,3.066
0.021315640461625887,3.067
0.01904692238921351,3.068
0.01490321732306901,3.069
0.009998708125435437,3.07
0.005285638674152878,3.071
0.0012732470070811312,3.072
-0.0019966079808447596,3.073
-0.0047305042030740575,3.074
-0.00707388243458803,3.075
-0.008934875309251905,3.076
-0.010072733195592235,3.077
-0.010316986512233933,3.078
-0.009688236468776128,3.079
-0.008386305947789397,3.08
-0.006733549212628707,3.081
-0.005079782629502583,3.082
-0.0036564721908952224,3.083
-0.002475596486508359,3.084
-0.0013765519174661223,3.085
-0.0001738711833192968,3.086
0.001235572776747172,3.087
0.0028545296615558303,3.088
0.004584925179589805,3.089
0.0062064598958088,3.09
0.007384617037272401,3.091
0.007747124555659049,3.092
0.007014963720756475,3.093
0.005137303618915625,3.094
0.0023627442437393824,3.095
-0.0007855741479928101,3.096
-0.003632727097734373,3.097
-0.005544165711198085,3.098
-0.006100978229232681,3.099
-0.005198604638148052,3.1
-0.0030748802209841697,3.101
-0.0002656031896667719,3.102
0.0025084570202464048,3.103
0.004497166759470497,3.104
0.00511829284297592,3.105
0.004171888954312507,3.106
0.0019570369080958014,3.107
-0.0008250074628829194,3.108
-0.0033478279789549057,3.109
-0.004933282414205737,3.11
-0.005183383902435451,3.111
-0.00400610543562543,3.112
-0.0016186913581747995,3.113
0.001460602218435775,3.114
0.004467896257033576,3.115
0.006544394698455091,3.116
0.006987394885469608,3.117
0.0055022004148772225,3.118
0.00232580602394928,3.119
-0.001833829031850929,3.12
-0.0060167633282770545,3.121
-0.009285591175975653,3.122
-0.010959404958363426,3.123
-0.010777392491441086,3.124
-0.008934255611363436,3.125
-0.005943313217898207,3.126
-0.002414272062805962,3.127
0.001118482395849722,3.128
0.0042446410539489126,3.129
0.006632526736044464,3.13
0.008017543328357295,3.131
0.008308849669910873,3.132
0.0076895152282556115,3.133
0.006548542829114091,3.134
0.005306701033000929,3.135
0.004269506252270212,3.136
0.0035430417047489686,3.137
0.0030409052204208218,3.138
0.002570164687847777,3.139
0.001922725510375896,3.14
0.0009619839158042984,3.141
-0.0003014764685162639,3.142
-0.0017226169655481039,3.143
-0.003127197491695024,3.144
-0.0044034864031702444,3.145
-0.00550996833288078,3.146
-0.0064166276651503335,3.147
-0.0070357906150287815,3.148
-0.00720177632421295,3.149
-0.006732437948313728,3.15
-0.00552932675331946,3.151
-0.0036333913220273346,3.152
-0.0012340432179362413,3.153
0.0013313738040021995,3.154
0.003623094040546852,3.155
0.005230543491616006,3.156
0.0059401087882527135,3.157
0.00581831852127809,3.158
0.005134974968235034,3.159
0.00420271850294212,3.16
0.0032678807718469535,3.161
0.002471798246982197,3.162
0.0018260697739486014,3.163
0.0012013256680716241,3.164
0.00037639882968919713,3.165
-0.0008294800220852336,3.166
-0.0023866776573218704,3.167
-0.003977706841902109,3.168
-0.005122677368051787,3.169
-0.005418257075557365,3.17
-0.0046879400541601154,3.171
-0.003002689291719511,3.172
-0.000667631854426803,3.173
0.0018029708281909445,3.174
0.003775680264678652,3.175
0.00467184012493272,3.176
0.004177560904376908,3.177
0.00239216876967579,3.178
-0.00018753962088289772,3.179
-0.0028658578641309195,3.18
-0.005000669177469462,3.181
-0.006133107451384843,3.182
-0.0059730732141741166,3.183
-0.004389442335077191,3.184
-0.0014949680777849238,3.185
0.0022683072962984465,3.186
0.00617518058282741,3.187
0.009394856088984696,3.188
0.011196179556397219,3.189
0.011109345265245768,3.19
0.00904352783280594,3.191
0.005368219114506817,3.192
0.0008931057067953158,3.193
-0.0033588417487226034,3.194
-0.006525282595614042,3.195
-0.008188460735090497,3.196
-0.008416033725239296,3.197
-0.007600597156869752,3.198
-0.0062401068098599305,3.199
-0.004782255012819839,3.2
-0.003564886823974082,3.201
-0.002807724036986211,3.202
-0.0025872489188695307,3.203
-0.002784452272839637,3.204
-0.003090262703153501,3.205
-0.0031133928862376796,3.206
-0.002505396904404842,3.207
-0.0010491647607568473,3.208
0.0012397824497633913,3.209
0.004023449919994966,3.21
0.006693112688572603,3.211
0.008618448689721194,3.212
0.009454861066291374,3.213
0.009256679755918852,3.214
0.008314122773549917,3.215
0.006914083444371644,3.216
0.005242462638891769,3.217
0.0034314107916366653,3.218
0.001611955562511101,3.219
-0.0001001472680814297,3.22
-0.0016405241063495845,3.221
-0.003004697417643325,3.222
-0.004212111166926783,3.223
-0.005248804346084338,3.224
-0.0060503056923111535,3.225
-0.006537166962799525,3.226
-0.006656816958386823,3.227
-0.006412638963535612,3.228
-0.00587818542880034,3.229
-0.005164034531984782,3.23
-0.00434707683474446,3.231
-0.0034464162004297894,3.232
-0.0024742008031003134,3.233
-0.0014933959807077932,3.234
-0.0006079033625236951,3.235
0.00015025512008165509,3.236
0.0009549744504973888,3.237
0.002154326951899819,3.238
0.004035793734516699,3.239
0.00658356968196369,3.24
0.009402005680100375,3.241
0.011814003344399521,3.242
0.013067272683687913,3.243
0.012597767839224738,3.244
0.010287513999726827,3.245
0.006563911606098957,3.246
0.00222601306033787,3.247
-0.0018777507786184482,3.248
-0.005102893503498771,3.249
-0.007122147115686554,3.25
-0.00792471877599444,3.251
-0.007733848680249783,3.252
-0.0068984667588220935,3.253
-0.005806499588049275,3.254
-0.004821241650604507,3.255
-0.004228894447840586,3.256
-0.0041893709570822845,3.257
-0.004682865899146024,3.258
-0.005478862864169213,3.259
-0.006191275123093936,3.26
-0.006438899770953949,3.261
-0.006014892036101532,3.262
-0.0049344591766363795,3.263
-0.003356087537545959,3.264
-0.0014729347171366673,3.265
0.0005642707753562631,3.266
0.0026693768864442698,3.267
0.004791232314221312,3.268
0.00688555925198369,3.269
0.008903051790805454,3.27
0.01073095743119084,3.271
0.012084247016654342,3.272
0.012463692473776608,3.273
0.011309317652429436,3.274
0.008358428298054166,3.275
0.003984097952706594,3.276
-0.0008291895581286604,3.277
-0.004908147808659864,3.278
-0.0073639596168157935,3.279
-0.00783364159950325,3.28
-0.006498247595456389,3.281
-0.004001557019504322,3.282
-0.0012995094587818104,3.283
0.0006257945250849409,3.284
0.001139103082840699,3.285
0.00019267595944236695,3.286
-0.0017130089548961836,3.287
-0.0037814634229487603,3.288
-0.005222924935194831,3.289
-0.0054883644007243755,3.29
-0.004389345765505622,3.291
-0.0021124611415028836,3.292
0.0008445658906253697,3.293
0.003808580144727612,3.294
0.006139803891996219,3.295
0.007456053172921583,3.296
0.007733089229610682,3.297
0.007173614526282673,3.298
0.005948446573404541,3.299
0.004062620424418876,3.3
0.0014506230647750916,3.301
-0.0018111083484112127,3.302
-0.005344805868236773,3.303
-0.008504129358186978,3.304
-0.010593014483305827,3.305
-0.011101070634826803,3.306
-0.00984834483848233,3.307
-0.007056093022708389,3.308
-0.0033262039695263856,3.309
0.0005132905868906343,3.31
0.0036637844090005893,3.311
0.005590017321017991,3.312
0.006102147654516266,3.313
0.0052994880720337615,3.314
0.0034974965104986946,3.315
0.0011668052375479587,3.316
-0.0011718518802777968,3.317
-0.0030786031436464455,3.318
-0.004264254759940771,3.319
-0.004575260162081062,3.32
-0.003960553313491333,3.321
-0.0024781793888697438,3.322
-0.00032760721867137094,3.323
0.0021483705049953348,3.324
0.004519856386748988,3.325
0.0063512521011285265,3.326
0.007274873597216602,3.327
0.0070680287015506054,3.328
0.005750331439886568,3.329
0.0036688816793833136,3.33
0.0014717207079705658,3.331
-9.931417314194252e-05,3.332
-0.0005091519276948981,3.333
0.0003637266132719339,3.334
0.002213181758455013,3.335
0.00442088859436585,3.336
0.006205277475757083,3.337
0.006793893890113856,3.338
0.005651754652838477,3.339
0.002718977277227357,3.34
-0.001512155467318663,3.341
-0.006172534042132683,3.342
-0.010290062254123478,3.343
-0.013013667980931178,3.344
-0.013817910884667549,3.345
-0.012663599559058974,3.346
-0.009986699609615126,3.347
-0.00649694233224248,3.348
-0.0029160594071824205,3.349
0.0001810009611409734,3.35
0.0023823744923474797,3.351
0.0034620537551915687,3.352
0.0034988017186814535,3.353
0.002909997981111999,3.354
0.0022362788929676095,3.355
0.00181821076981911,3.356
0.001620832704130319,3.357
0.0013331739440232656,3.358
0.0006794786210848104,3.359
-0.00031228683665710796,3.36
-0.0013268843530973068,3.361
-0.001997308973527936,3.362
-0.0020865301551188727,3.363
-0.001495221835070802,3.364
-0.00019464824013863037,3.365
0.0017906696436588646,3.366
0.004357981977239424,3.367
0.007336015745125836,3.368
0.010489426816970593,3.369
0.013432067202905277,3.37
0.015535828890250786,3.371
0.016022538067833707,3.372
0.014276361672203324,3.373
0.010182803465010264,3.374
0.00422893055255034,3.375
-0.002694090851288032,3.376
-0.009581879539688353,3.377
-0.015510774354313242,3.378
-0.01972377942514245,3.379
-0.02166792231670514,3.38
-0.021045200518303716,3.381
-0.01792282702402529,3.382
-0.01284414744492038,3.383
-0.00678807034397174,3.384
-0.0009042417259915683,3.385
0.0038431214836362583,3.386
0.00689486101171654,3.387
0.00809605108471066,3.388
0.0076002484434336895,3.389
0.005837391341874906,3.39
0.0035356686842903675,3.391
0.0016288876952461884,3.392
0.0009515703503150525,3.393
0.0018733746982981068,3.394
0.004156698355452574,3.395
0.007124818724795949,3.396
0.009924049558732414,3.397
0.01168050372220179,3.398
0.011637533098556871,3.399
0.009421612274968478,3.4
0.005275598065179991,3.401
-4.0207466639307297e-05,3.402
-0.005613846956732758,3.403
-0.010670630201326824,3.404
-0.014641496637828207,3.405
-0.01711985209037941,3.406
-0.017842887091796152,3.407
-0.01672507444018705,3.408
-0.01388096704105153,3.409
-0.009614863362341164,3.41
-0.00441317407294232,3.411
0.001070928363120464,3.412
0.006110075529707001,3.413
0.010091384042819151,3.414
0.012687820692114,3.415
0.013869020254343641,3.416
0.013772432605293072,3.417
0.012592829132428103,3.418
0.010569460672365224,3.419
0.008013365595639789,3.42
0.005304857172346848,3.421
0.0028537173168450406,3.422
0.0010271383967409768,3.423
4.183114581977313e-05,3.424
-0.00013196217139892628,3.425
0.00021013948047990462,3.426
0.0005793967240664026,3.427
0.00046223511317159256,3.428
-0.0004582793558784607,3.429
-0.002169134412526998,3.43
-0.00436893897595247,3.431
-0.006599438941822609,3.432
-0.008369470311599804,3.433
-0.009281591664066146,3.434
-0.00916451583435659,3.435
-0.008141817764298395,3.436
-0.006572973685267565,3.437
-0.0048845884238924876,3.438
-0.003397208323124521,3.439
-0.002227155968052063,3.44
-0.0012680692469889663,3.441
-0.00027256394658298997,3.442
0.0009847120038728827,3.443
0.002576390617155206,3.444
0.004377893311014457,3.445
0.006079988449885666,3.446
0.007262791925547278,3.447
0.007541657357509041,3.448
0.00674038927436558,3.449
0.004997361035396177,3.45
0.0027076206258033492,3.451
0.00032163128836273225,3.452
-0.0018304391951194862,3.453
-0.0035631614253170004,3.454
-0.0047665027071027415,3.455
-0.0053618731582027864,3.456
-0.005302289445934585,3.457
-0.004566046082507468,3.458
-0.003139132126690353,3.459
-0.0010311824075694704,3.46
0.0016364728461089387,3.461
0.004500033032037192,3.462
0.006932508539034625,3.463
0.008272444938968187,3.464
0.00816816606858946,3.465
0.006714038593575225,3.466
0.004297981080036809,3.467
0.0014144601437455916,3.468
-0.0013963497761480092,3.469
-0.003621265176915716,3.47
-0.004958839474895128,3.471
-0.005463353184198312,3.472
-0.005478401942993257,3.473
-0.005388101987649087,3.474
-0.00538343782551709,3.475
-0.005419658299470723,3.476
-0.005305003528605961,3.477
-0.004775194971888021,3.478
-0.0035755712646739885,3.479
-0.001583335432179769,3.48
0.0011144580077649755,3.481
0.004238804534494874,3.482
0.00738412962972738,3.483
0.010056106844081793,3.484
0.011710266264060144,3.485
0.011896854346831184,3.486
0.010478333327458398,3.487
0.007753105042840482,3.488
0.004366408828556113,3.489
0.0010219118577695643,3.49
-0.001824549295488865,3.491
-0.00409156227178258,3.492
-0.006000456217224472,3.493
-0.007886272753708195,3.494
-0.009976973080269869,3.495
-0.01222534034718258,3.496
-0.014240698218450597,3.497
-0.015352189442957902,3.498
-0.014816341303265807,3.499
-0.012098991575558658,3.5
-0.00711133736385754,3.501
-0.0003224917447713326,3.502
0.007261613991064781,3.503
0.014243412786894762,3.504
0.019122982313390012,3.505
0.020736046855221804,3.506
0.018706585638536926,3.507
0.013659080253746812,3.508
0.00701967798787315,3.509
0.0004768908203948322,3.51
-0.004598890305580499,3.511
-0.0074672834772032725,3.512
-0.008020739306984357,3.513
-0.006653778325379642,3.514
-0.004113188227458272,3.515
-0.0013206670346377683,3.516
0.0008631555969502745,3.517
0.0018957254244508324,3.518
0.0016905916197402907,3.519
0.0005262925750331654,3.52
-0.00118380278188376,3.521
-0.003066110399208852,3.522
-0.004830873361314673,3.523
-0.006240387528394357,3.524
-0.007084142788860067,3.525
-0.0072117583590929745,3.526
-0.006597832380824309,3.527
-0.00536012120924176,3.528
-0.0036916687062291515,3.529
-0.0017653377504908835,3.53
0.00029803764750188535,3.531
0.0024123873125863897,3.532
0.0045426474596248845,3.533
0.006721405899508776,3.534
0.008971508856196776,3.535
0.011161249998670665,3.536
0.012905657623311768,3.537
0.013640598312000587,3.538
0.01291938405099573,3.539
0.010725212937816106,3.54
0.007484148095515557,3.541
0.0037685414057183927,3.542
3.668937163045954e-06,3.543
-0.003584713710906012,3.544
-0.006855131233753051,3.545
-0.009667398476052802,3.546
-0.011884006393162946,3.547
-0.013396777122497629,3.548
-0.014153083330178862,3.549
-0.014162329895239236,3.55
-0.013468482132452666,3.551
-0.012120051995235642,3.552
-0.010169760513330444,3.553
-0.007690239232490945,3.554
-0.004754909493859091,3.555
-0.0013948042632815907,3.556
0.0023532065908365863,3.557
0.006272893022245895,3.558
0.009828894060365235,3.559
0.012242968200677993,3.56
0.012811533624762773,3.561
0.0113041341634603,3.562
0.008202022032263775,3.563
0.0045871098392650895,3.564
0.0016686219970101883,3.565
0.00024393899721127064,3.566
0.0004802723357176801,3.567
0.0020461000163361004,3.568
0.004334049234615639,3.569
0.00664769620429073,3.57
0.00838083309150075,3.571
0.009147043090884707,3.572
0.008786027714564082,3.573
0.0072904154547169826,3.574
0.004740979770178663,3.575
0.001280408745229717,3.576
-0.0028561014017569743,3.577
-0.007246617623477875,3.578
-0.01123748988167397,3.579
-0.01409350933935082,3.58
-0.015261955078169555,3.581
-0.01452948438319969,3.582
-0.012023784925796852,3.583
-0.008169330393727954,3.584
-0.003633444852819323,3.585
0.0008018135117088898,3.586
0.004431969512338677,3.587
0.0067761661400109535,3.588
0.007614721333150382,3.589
0.006954542454545624,3.59
0.00499179809453779,3.591
0.0020934981236155874,3.592
-0.001240360885221191,3.593
-0.004451660546176261,3.594
-0.0070011178477149515,3.595
-0.008423763487738961,3.596
-0.00838311703550029,3.597
-0.006749951278401178,3.598
-0.0036919944829686357,3.599
0.00029025853023254396,3.6
0.004455032700666594,3.601
0.008027569828455736,3.602
0.010410331066778335,3.603
0.011299848588420787,3.604
0.010704266041131836,3.605
0.008876254259626813,3.606
0.006186300027916542,3.607
0.003012800986351463,3.608
-0.00027757804814278604,3.609
-0.0032819890815565128,3.61
-0.005583571791339061,3.611
-0.006918022250954452,3.612
-0.007315570505116412,3.613
-0.0070276549816661316,3.614
-0.006308664960140651,3.615
-0.005284325525104403,3.616
-0.004010761140026777,3.617
-0.0025662340818684497,3.618
-0.0010152366167740239,3.619
0.0006567289201227426,3.62
0.002489403646455825,3.621
0.004426394836194916,3.622
0.006278715213897523,3.623
0.007818155766796614,3.624
0.008883547545953184,3.625
0.009366609051401905,3.626
0.009119216235133894,3.627
0.00795906285264373,3.628
0.005820878367078326,3.629
0.0028926723996224955,3.63
-0.0004039424143801405,3.631
-0.0035629806163872996,3.632
-0.006164283474783421,3.633
-0.00797161182436352,3.634
-0.008924108366478946,3.635
-0.00907274593670036,3.636
-0.008545490226753409,3.637
-0.007551230488636012,3.638
-0.006334481844519823,3.639
-0.0050328658257133,3.64
-0.0035827079546443966,3.641
-0.001852121401288615,3.642
0.00010814994844960305,3.643
0.0020071102284254247,3.644
0.003524474880222534,3.645
0.004513856044304052,3.646
0.004967686419517623,3.647
0.004879419797634739,3.648
0.004248299820329096,3.649
0.003191587710550945,3.65
0.001962251306257525,3.651
0.0008333552242251009,3.652
-3.632060634484559e-05,3.653
-0.0006737583244798435,3.654
-0.0012728261569655934,3.655
-0.0020800274938241816,3.656
-0.0032280011746624315,3.657
-0.00459289492574166,3.658
-0.005735194465491674,3.659
-0.005967625509997534,3.66
-0.004587677077213222,3.661
-0.0012300210960549142,3.662
0.0038447043473503703,3.663
0.00969819508144232,3.664
0.01490067874666348,3.665
0.017885007678136496,3.666
0.017424769417313586,3.667
0.013106683229642058,3.668
0.005570150411287586,3.669
-0.0036361814669847513,3.67
-0.012526182968147247,3.671
-0.019257686606925263,3.672
-0.02259224499107086,3.673
-0.022117718814175968,3.674
-0.018246181000716413,3.675
-0.01203821361883298,3.676
-0.004884704146111492,3.677
0.0018956043636073686,3.678
0.0073882336811369655,3.679
0.011189620445797991,3.68
0.013306321603342353,3.681
0.013973532185676285,3.682
0.013475618849485286,3.683
0.012007397861323895,3.684
0.009631591793470541,3.685
0.006395743752681469,3.686
0.0025405388739944113,3.687
-0.0013910495886862565,3.688
-0.004653372823206327,3.689
-0.006568879982316794,3.69
-0.006789206581383165,3.691
-0.0053588600164056885,3.692
-0.002626102741647203,3.693
0.0008269096699824252,3.694
0.004198857953447487,3.695
0.006545151383387452,3.696
0.007015333646791028,3.697
0.005190822011250848,3.698
0.0013289360639041324,3.699
-0.0036548982124904855,3.7
-0.008474729678986805,3.701
-0.01188933701643567,3.702
-0.013062849934561522,3.703
-0.01175295243812023,3.704
-0.00833003320190571,3.705
-0.003669875234346226,3.706
0.001081352064672179,3.707
0.004831460158933329,3.708
0.006832056492268119,3.709
0.006845017813513921,3.71
0.005179502714006984,3.711
0.002570546965828669,3.712
-0.00010241928311719792,3.713
-0.002115286468225054,3.714
-0.003067277651300727,3.715
-0.0028922939091013057,3.716
-0.001770527147607054,3.717
-2.0873318774106485e-05,3.718
0.001970955455524458,3.719
0.003785267880715431,3.72
0.005005764065503688,3.721
0.005296217416618359,3.722
0.004476915503749794,3.723
0.0025714382026581074,3.724
-0.00013889971853564036,3.725
-0.0030888581802942373,3.726
-0.005543062548544763,3.727
-0.006830735992621105,3.728
-0.0065573389315466205,3.729
-0.004723708878281098,3.73
-0.0017477204934552716,3.731
0.0016505734438554533,3.732
0.004695746567025669,3.733
0.006806706297940666,3.734
0.007677387869523986,3.735
0.007182791984584253,3.736
0.005299672422562284,3.737
0.0021298786822283155,3.738
-0.0020547060259814482,3.739
-0.006758862542515802,3.74
-0.011198293183200677,3.741
-0.014332390285174135,3.742
-0.015092411709754018,3.743
-0.01276803062102319,3.744
-0.00735303120675284,3.745
0.0003664924423216885,3.746
0.008988246644040536,3.747
0.016812412890520927,3.748
0.022244053795311265,3.749
0.024230141299754933,3.75
0.022551959568875703,3.751
0.017785045210498413,3.752
0.011028508155674655,3.753
0.0036396559490212916,3.754
-0.003044965725897409,3.755
-0.008056036148710758,3.756
-0.011024139411043032,3.757
-0.012157793291498445,3.758
-0.01202209327533759,3.759
-0.011244586074640501,3.76
-0.010270757027840995,3.761
-0.00925900763987861,3.762
-0.008152102016562923,3.763
-0.0068583027152462886,3.764
-0.005391094311409947,3.765
-0.0038827144183377084,3.766
-0.0025148680809663534,3.767
-0.0014360207120316596,3.768
-0.0006923664862071124,3.769
-0.00021011826202759986,3.77
0.00012279997737850199,3.771
0.0003407289082554913,3.772
0.00040662723086246907,3.773
0.00034720281700734634,3.774
0.00031042920990044385,3.775
0.00045292392387339986,3.776
0.0008484529142036989,3.777
0.0015349613409685447,3.778
0.0025630263244986067,3.779
0.003949434472262748,3.78
0.005608257427334929,3.781
0.00733854517690793,3.782
0.008861869296601882,3.783
0.009886333852217068,3.784
0.010208387003047964,3.785
0.009808174555356076,3.786
0.008789060721373764,3.787
0.007133141090831159,3.788
0.004558992300995984,3.789
0.000736839323215702,3.79
-0.004323480685766381,3.791
-0.010084938220511885,3.792
-0.015576432361371418,3.793
-0.019607875137441926,3.794
-0.021050486253609106,3.795
-0.019191649823787904,3.796
-0.01404191597442028,3.797
-0.006425661394243006,3.798
0.0021907515318380323,3.799
0.01004664441274024,3.8
0.015510595510218744,3.801
0.017541226925850573,3.802
0.01605955762350313,3.803
0.011962945715786297,3.804
0.006689313416709933,3.805
0.00160594293959394,3.806
-0.0023989800220013385,3.807
-0.0049512600774121295,3.808
-0.005994842815950327,3.809
-0.005656349032066448,3.81
-0.004257106923848675,3.811
-0.0023092997047916113,3.812
-0.0003930653220938048,3.813
0.0010431904662139484,3.814
0.0018540066956969346,3.815
0.002186301266796255,3.816
0.0022720658598492155,3.817
0.0022431085118364788,3.818
0.002127204374680352,3.819
0.0019234091022614958,3.82
0.0016252952429908934,3.821
0.001221118425739758,3.822
0.0007047109567500223,3.823
7.9020855292709e-05,3.824
-0.000631689316939769,3.825
-0.0013678065333764305,3.826
-0.0020511499236369212,3.827
-0.0026198111864456923,3.828
-0.0030684997181534145,3.829
-0.003493487021327794,3.83
-0.004100089101775202,3.831
-0.005125818058960399,3.832
-0.0066875222118068095,3.833
-0.008622824985992894,3.834
-0.010441581500536062,3.835
-0.011457296008244043,3.836
-0.011008745098042042,3.837
-0.008641840700619473,3.838
-0.00426878797000101,3.839
0.0016800017100148314,3.84
0.008261348581475909,3.841
0.014283772033447197,3.842
0.018670189981485504,3.843
0.02071066204057254,3.844
0.020225651662002016,3.845
0.017643611092513185,3.846
0.013825059899825395,3.847
0.00969345286597207,3.848
0.005937168885547889,3.849
0.0028582146064064055,3.85
0.0003500028450608777,3.851
-0.0019711972104878846,3.852
-0.004525951439591998,3.853
-0.007532040688672643,3.854
-0.01086407963428236,3.855
-0.014056854647139627,3.856
-0.01643994150159347,3.857
-0.017367060853265743,3.858
-0.0164708480258087,3.859
-0.013814989720262186,3.86
-0.00984207287860931,3.861
-0.00518556041164465,3.862
-0.00048734546277683717,3.863
0.003759612536770777,3.864
0.007322385688326812,3.865
0.010170361776162444,3.866
0.012264279257064494,3.867
0.013388810760572379,3.868
0.013164067280234457,3.869
0.011275826439377464,3.87
0.007808160690456541,3.871
0.003343236835359761,3.872
-0.0012609417645118497,3.873
-0.005127552508392719,3.874
-0.007552809216368105,3.875
-0.008210049777516578,3.876
-0.007265914278134407,3.877
-0.005321945193471304,3.878
-0.0032504396157663424,3.879
-0.001966058970858401,3.88
-0.002125977490100808,3.881
-0.00381263267961788,3.882
-0.006358101617294801,3.883
-0.00850028670765746,3.884
-0.008876688102713384,3.885
-0.006600019983770089,3.886
-0.0016433714609303649,3.887
0.005043649850171731,3.888
0.01171591675156589,3.889
0.01641186812998514,3.89
0.01780749122720743,3.891
0.015821274856534024,3.892
0.011534583043236546,3.893
0.006573465097431672,3.894
0.0024096156391806315,3.895
-0.00012545659709411997,3.896
-0.0010037031112247476,3.897
-0.0008376316275866131,3.898
-0.0005119030766283795,3.899
-0.0007853451875267278,3.9
-0.002013455628305982,3.901
-0.00408228166680828,3.902
-0.00652349198942981,3.903
-0.008688464323925298,3.904
-0.009932123583016822,3.905
-0.009820153824091639,3.906
-0.008298794348106136,3.907
-0.005744452396659284,3.908
-0.002866848115729413,3.909
-0.0004596801269645179,3.91
0.0009396573005550842,3.911
0.0012854601871262988,3.912
0.0009808702667061964,3.913
0.000620230516894036,3.914
0.0007222671793730596,3.915
0.0015550680394395763,3.916
0.003040957113506269,3.917
0.004749545874580984,3.918
0.00604333405751354,3.919
0.006363383448460024,3.92
0.005474450266551088,3.921
0.003528191079553202,3.922
0.0009823730259543545,3.923
-0.0015494169399980636,3.924
-0.003484829578203763,3.925
-0.004458319598203673,3.926
-0.004431640158308506,3.927
-0.0036460216086292956,3.928
-0.0024060555960916186,3.929
-0.0008546869704316943,3.93
0.0009989415089574002,3.931
0.0029912776745615512,3.932
0.004617263457222078,3.933
0.005198935475266325,3.934
0.0042657124962831245,3.935
0.0018445980894751877,3.936
-0.0015247648639310715,3.937
-0.00501145115200245,3.938
-0.007791578894503243,3.939
-0.009303147975859183,3.94
-0.00937992899817459,3.941
-0.008228808545671814,3.942
-0.006274998892308966,3.943
-0.003930442979817976,3.944
-0.0013718245574816062,3.945
0.001529169803298328,3.946
0.004982657397803208,3.947
0.008848869177965209,3.948
0.012386808283131299,3.949
0.014477471079908074,3.95
0.014183242930877972,3.951
0.011283122676766117,3.952
0.0064830723457192695,3.953
0.0011671088075781348,3.954
-0.0031703590070877906,3.955
-0.005483982835302612,3.956
-0.005496647978396404,3.957
-0.0037263608382443626,3.958
-0.0012510735823067203,3.959
0.0007130640525689285,3.96
0.0012821342325539215,3.961
0.0002267895075179285,3.962
-0.002023860127077614,3.963
-0.004696044388073195,3.964
-0.0070942506274211505,3.965
-0.008857841441281088,3.966
-0.009917566719922138,3.967
-0.01024734301503413,3.968
-0.009650157851755438,3.969
-0.007798525823408327,3.97
-0.004528192232273496,3.971
-0.00010409031311677325,3.972
0.004812428469528098,3.973
0.009431063509938458,3.974
0.013070592640188262,3.975
0.01527910682380074,3.976
0.015879390318152022,3.977
0.01490962263072449,3.978
0.012509242870125418,3.979
0.00889749137531097,3.98
0.004435718644503635,3.981
-0.0003514494952450458,3.982
-0.004833811618711795,3.983
-0.008363272468732525,3.984
-0.01036021062303166,3.985
-0.010438571891953598,3.986
-0.008592806409127436,3.987
-0.005363970768533487,3.988
-0.0018584605120862293,3.989
0.0005068008624939625,3.99
0.0005594389638733829,3.991
-0.002040740603823094,3.992
-0.006570184903370865,3.993
-0.011468702016539104,3.994
-0.014868116146594763,3.995
-0.015245126060591842,3.996
-0.012002277739824188,3.997
-0.005760844118316428,3.998
0.0017681752560843127,3.999
0.008358169173280073,4.0
0.012146065498960995,4.001
0.01241447672431675,4.002
0.009825127908962228,4.003
0.005999147506792319,4.004
0.0027189850939075577,4.005
0.001197503268829442,4.006
0.0017835493489543445,4.007
0.004106695833678796,4.008
0.007348130807329944,4.009
0.010436328868393964,4.01
0.012298664253726364,4.011
0.012256307488520841,4.012
0.01024686662792344,4.013
0.006617831691578563,4.014
0.0017976832626066456,4.015
-0.0037442531332406905,4.016
-0.009338348375335771,4.017
-0.014094226715902582,4.018
-0.017095921006597722,4.019
-0.017645836281585822,4.02
-0.015441328957061844,4.021
-0.010676236699273678,4.022
-0.004054698174413199,4.023
0.003302264058204798,4.024
0.01003269427215685,4.025
0.01475949793135422,4.026
0.016395928781804153,4.027
0.014519679731197523,4.028
0.009605763301920688,4.029
0.0029140635171960253,4.03
-0.003909781375777364,4.031
-0.0093127472452477,4.032
-0.012204915680219489,4.033
-0.012145269609599357,4.034
-0.009406369525881435,4.035
-0.0049555157163586735,4.036
-0.00025462988272595557,4.037
0.0031822009160137397,4.038
0.004311225867964907,4.039
0.0028756127253067292,4.04
-0.0006186070978247611,4.041
-0.00514245020259341,4.042
-0.009395090057580024,4.043
-0.01203178001111605,4.044
-0.011987736632809871,4.045
-0.008902195629234534,4.046
-0.0034129837923802114,4.047
0.0029466304853141096,4.048
0.008313935399737267,4.049
0.011292522369472497,4.05
0.011539995325335105,4.051
0.00981647915620051,4.052
0.007485371236417759,4.053
0.005735929898557063,4.054
0.00498940206548532,4.055
0.004877967078751767,4.056
0.004750478909583001,4.057
0.004259873955588957,4.058
0.0035992272029744983,4.059
0.00330469941364362,4.06
0.0038442407651758485,4.061
0.0052678847347989895,4.062
0.007098105884966186,4.063
0.008475099363124933,4.064
0.008496748466455158,4.065
0.006644737314004107,4.066
0.003022903392059659,4.067
-0.001794057405839108,4.068
-0.007096516965096213,4.069
-0.01224432055913522,4.07
-0.016716708969686477,4.071
-0.02011410816966147,4.072
-0.022125126389316397,4.073
-0.022459923389011035,4.074
-0.020814352368406265,4.075
-0.016931042440611725,4.076
-0.010755947347287183,4.077
-0.002637988054109219,4.078
0.006491464013984543,4.079
0.015084474776775896,4.08
0.021278288268953446,4.081
0.023562055480220525,4.082
0.021507427870659623,4.083
0.016071425053454148,4.084
0.00916572959184058,4.085
0.0027559562201400086,4.086
-0.0018934233294893071,4.087
-0.004485876115156248,4.088
-0.005502147691096367,4.089
-0.00571814063838103,4.09
-0.005698418088706069,4.091
-0.00558572506061868,4.092
-0.0052792968853083416,4.093
-0.004728455221599228,4.094
-0.004034678584635412,4.095
-0.003353410737908973,4.096
-0.0027888513432924177,4.097
-0.002401178437785544,4.098
-0.002250097575742873,4.099
-0.0023467541652955025,4.1
-0.0025343476320010194,4.101
-0.0024459956499764124,4.102
-0.0016455449877856802,4.103
0.00011037922416064065,4.104
0.0026875422357940924,4.105
0.005591420802544976,4.106
0.008132310114164154,4.107
0.009704408975525587,4.108
0.010146306525666348,4.109
0.009878756737625371,4.11
0.009572093411059758,4.111
0.009625838658669169,4.112
0.009900029846922726,4.113
0.00980319099330166,4.114
0.008629004541716908,4.115
0.00599261071804522,4.116
0.002134578618581892,4.117
-0.0021371885545504155,4.118
-0.005883518435733297,4.119
-0.008562192463551757,4.12
-0.010282988855680329,4.121
-0.011667332810213133,4.122
-0.013420464523419936,4.123
-0.015823954043444888,4.124
-0.01843411488107883,4.125
-0.020193302998608196,4.126
-0.019898266845919978,4.127
-0.016760551743530857,4.128
-0.010806451103078386,4.129
-0.002965273867244088,4.13
0.005205459040327877,4.131
0.012010983558181587,4.132
0.016106888743271475,4.133
0.016887932577462083,4.134
0.014652941929990672,4.135
0.010416293133196388,4.136
0.005510925391543651,4.137
0.001229552039203841,4.138
-0.0014731665352741054,4.139
-0.002236493440032489,4.14
-0.0013390074595977085,4.141
0.0005827452482683456,4.142
0.0029707645689647476,4.143
0.005604108728659062,4.144
0.008478167934133017,4.145
0.011451123026934944,4.146
0.014001306497902523,4.147
0.015280176463600139,4.148
0.014428870133779302,4.149
0.01102763277834958,4.15
0.0054016125022309045,4.151
-0.0014942162131849049,4.152
-0.008506995065575352,4.153
-0.01466082269977346,4.154
-0.0192689840322437,4.155
-0.021845516113328408,4.156
-0.022024730206598467,4.157
-0.019654434026431113,4.158
-0.014997039593622282,4.159
-0.00883466829711545,4.16
-0.0023792506759899414,4.161
0.003006078406359413,4.162
0.006241219211505503,4.163
0.006954336038035964,4.164
0.005633158193527216,4.165
0.0033909341006439922,4.166
0.0014747815507070848,4.167
0.0007601478478855762,4.168
0.001447688506545279,4.169
0.0030561452227926794,4.17
0.004710444614530534,4.171
0.0056557446160783705,4.172
0.0057374486529738694,4.173
0.005450780928455272,4.174
0.005473777331079264,4.175
0.006118911576484217,4.176
0.00715595510809792,4.177
0.008006842729360154,4.178
0.008022476864755062,4.179
0.006652991924491154,4.18
0.0035948305791670496,4.181
-0.0009872092730780187,4.182
-0.006319997294619426,4.183
-0.01116096654152567,4.184
-0.01419477113854443,4.185
-0.01451482981077023,4.186
-0.01197964019873938,4.187
-0.007300129907853796,4.188
-0.0018426358921219451,4.189
0.002837443867131707,4.19
0.00561822683289099,4.191
0.00621772336385329,4.192
0.00507527602429945,4.193
0.0028972189160149297,4.194
0.0003100930297212965,4.195
-0.0022180018299177715,4.196
-0.0043333026882230175,4.197
-0.005755971037797074,4.198
-0.006241666322205194,4.199
-0.005564262184614596,4.2
-0.0035997608335524784,4.201
-0.0004894256832768803,4.202
0.003253957443805284,4.203
0.00679126613448431,4.204
0.00917197868819487,4.205
0.009679412974414795,4.206
0.008160528153170993,4.207
0.005122270962535514,4.208
0.0015042879042088707,4.209
-0.0016825677613721026,4.21
-0.00361857040853851,4.211
-0.003829881884424539,4.212
-0.0022322568956233374,4.213
0.0009318947883367896,4.214
0.005048889941455245,4.215
0.009031548552121894,4.216
0.011558002444233259,4.217
0.011634820606298054,4.218
0.00900725604767734,4.219
0.004164418484649025,4.22
-0.0019181240247948496,4.221
-0.008083421250081945,4.222
-0.013235655125969293,4.223
-0.01650885444934671,4.224
-0.017383133232713916,4.225
-0.015742997288170583,4.226
-0.011906071162389342,4.227
-0.006666051088075428,4.228
-0.001249405841097658,4.229
0.0029847954836642455,4.23
0.005050857359796381,4.231
0.004752643734957463,4.232
0.002744922101245816,4.233
0.0001966887135928438,4.234
-0.0017477287106345354,4.235
-0.0024030641199469446,4.236
-0.001701660274607334,4.237
-0.0001114373552234143,4.238
0.0016078361210521688,4.239
0.0027418715543699825,4.24
0.002933788719892316,4.241
0.002333613498916275,4.242
0.0015042674300545418,4.243
0.0011177723296038155,4.244
0.0016213922130571845,4.245
0.003051474395777227,4.246
0.005010461799374901,4.247
0.006800257930364415,4.248
0.0077273220475205144,4.249
0.007407747582470964,4.25
0.00588692994327434,4.251
0.003646321225218804,4.252
0.0015148918285662037,4.253
0.00031635159450007204,4.254
0.00036560080555219043,4.255
0.0012433829696719388,4.256
0.002074772408507598,4.257
0.0021205312913230977,4.258
0.0012554055998139817,4.259
-3.561020902125256e-05,4.26
-0.0011302012329756877,4.261
-0.0017766110738130212,4.262
-0.0022437135297027817,4.263
-0.0031015753071428785,4.264
-0.004822612570570615,4.265
-0.007415885121254409,4.266
-0.010318375553124695,4.267
-0.012654018058488268,4.268
-0.01369812335341626,4.269
-0.01320966587743783,4.27
-0.011426347374722447,4.271
-0.008768845836054475,4.272
-0.005469881386478889,4.273
-0.0014689465484191337,4.274
0.0032464618877105643,4.275
0.008214458700246544,4.276
0.012522853100538446,4.277
0.015285249787390728,4.278
0.016088818637900883,4.279
0.015057787345316345,4.28
0.012628489530707391,4.281
0.00930472949562603,4.282
0.005503046359922085,4.283
0.0015404140251795552,4.284
-0.0022367570325244873,4.285
-0.005372146157802089,4.286
-0.007408668043363224,4.287
-0.008070879034734931,4.288
-0.007355139432690607,4.289
-0.005510163562940874,4.29
-0.0029712890494044573,4.291
-0.00029700881770244793,4.292
0.0018849913715361813,4.293
0.002971856369862704,4.294
0.0025861119746181816,4.295
0.000837354434799808,4.296
-0.0015711165963815715,4.297
-0.003557131589475261,4.298
-0.004094713290224505,4.299
-0.002644555125464479,4.3
0.0005883628662880683,4.301
0.0047102236725460045,4.302
0.008539947801339032,4.303
0.011096452061120586,4.304
0.011806262354111207,4.305
0.010431597841400376,4.306
0.0070243094462430255,4.307
0.0019741517727310566,4.308
-0.004065557685477519,4.309
-0.01039414590006547,4.31
-0.016350871400759907,4.311
-0.021182151381215337,4.312
-0.023945542424395193,4.313
-0.02371207784787239,4.314
-0.020047778940837733,4.315
-0.013436329957199651,4.316
-0.005263841128000315,4.317
0.002729461455708415,4.318
0.009263937467567374,4.319
0.01397658532499794,4.32
0.017074982855467977,4.321
0.018665553675263513,4.322
0.018547995301509686,4.323
0.016520449296538946,4.324
0.012742391784780127,4.325
0.007850031229257072,4.326
0.00278154164074015,4.327
-0.0015222820286827931,4.328
-0.004341792794625006,4.329
-0.005262129572786231,4.33
-0.004168827683441186,4.331
-0.0012372447830805349,4.332
0.0030289683557814494,4.333
0.00772740020995594,4.334
0.011591518460796478,4.335
0.01329070451879649,4.336
0.011947772080321094,4.337
0.0075692486416444864,4.338
0.001081760574372641,4.339
-0.006058611470750138,4.34
-0.012471617687822772,4.341
-0.017376581721669226,4.342
-0.020714773200279334,4.343
-0.022750873821748365,4.344
-0.023468193469368556,4.345
-0.022292527573269823,4.346
-0.018442484873769916,4.347
-0.011670672601038467,4.348
-0.0027638397010498377,4.349
0.006618882954398362,4.35
0.01456466661288818,4.351
0.01956147120167848,4.352
0.021000405490968193,4.353
0.019310445126254794,4.354
0.01552266844399773,4.355
0.01060212048162146,4.356
0.005174852614211109,4.357
-0.00020618880057592258,4.358
-0.00473174606393103,4.359
-0.007463833639660052,4.36
-0.007880622461005987,4.361
-0.006308139272432206,4.362
-0.003828385891987645,4.363
-0.0016911285716898219,4.364
-0.0006154574758029908,4.365
-0.0005270156460605959,4.366
-0.0009147588663092228,4.367
-0.0013101580364038151,4.368
-0.0013559954820455196,4.369
-0.0006015301291054752,4.37
0.0014646808201490109,4.371
0.0049903448227869305,4.372
0.009342503472892907,4.373
0.013193679295075108,4.374
0.015124769086136377,4.375
0.014257053253184096,4.376
0.010521105765569175,4.377
0.0045786186935851915,4.378
-0.0024485633148556007,4.379
-0.009319990274391668,4.38
-0.014947558402978955,4.381
-0.018512857695609067,4.382
-0.01951634795179472,4.383
-0.01787484843144267,4.384
-0.01400768546603903,4.385
-0.00877389227162631,4.386
-0.003249411890755462,4.387
0.0015772649482236503,4.388
0.005071906651029811,4.389
0.00703643116475555,4.39
0.007603060212034412,4.391
0.0070895480446676535,4.392
0.005908678498979785,4.393
0.004518666840869478,4.394
0.003366062194031551,4.395
0.002804753531926665,4.396
0.003020583307310106,4.397
0.003987715456164949,4.398
0.005464918214541372,4.399
0.007019521342118352,4.4
0.008091789548374743,4.401
0.008158564854693207,4.402
0.0069302436249258385,4.403
0.0044104940431095255,4.404
0.000846510624575466,4.405
-0.0032711042603186997,4.406
-0.007213221625386753,4.407
-0.010190898280316498,4.408
-0.01163958167112644,4.409
-0.01136338300229648,4.41
-0.009491324386315227,4.411
-0.006462093079180239,4.412
-0.0031108164193442297,4.413
-0.0005879249701579391,4.414
6.597049860286399e-05,4.415
-0.0015665295548343268,4.416
-0.00505159343763212,4.417
-0.009252424186292713,4.418
-0.012685523833599182,4.419
-0.013901101303525861,4.42
-0.011822038486624093,4.421
-0.006060493570603421,4.422
0.0027631729295777047,4.423
0.012835202995008057,4.424
0.02149875935963761,4.425
0.026308797430790277,4.426
0.02614890865206821,4.427
0.02153462131116733,4.428
0.014069429196534318,4.429
0.005694138213559493,4.43
-0.0018614494577144337,4.431
-0.0073556842947255785,4.432
-0.010093209977472106,4.433
-0.009954300719104107,4.434
-0.007454958174027913,4.435
-0.0036426567535942918,4.436
0.00023894760164203677,4.437
0.003117243121686973,4.438
0.004300284993537192,4.439
0.0035213961336098614,4.44
0.0009340699527504759,4.441
-0.0028720409528875434,4.442
-0.006933858602561328,4.443
-0.010160032028422342,4.444
-0.011661850413799357,4.445
-0.011022476382674678,4.446
-0.008415972403533424,4.447
-0.0045129938304856254,4.448
-0.0002196398199275176,4.449
0.0036214216168757923,4.45
0.00646200292128826,4.451
0.008131373014418528,4.452
0.008743779372524883,4.453
0.008517504260111285,4.454
0.007655994395460681,4.455
0.006343860110210512,4.456
0.004773806476310494,4.457
0.0031238329306720767,4.458
0.0015055762391432024,4.459
-4.9126120861067015e-05,4.46
-0.0015502186496967687,4.461
-0.002986859416210331,4.462
-0.004279376537504938,4.463
-0.0053197733273445515,4.464
-0.006094821364075652,4.465
-0.006718677871524943,4.466
-0.007241423906476778,4.467
-0.0074006268079771075,4.468
-0.006675907443403723,4.469
-0.00471134776647626,4.47
-0.0017076475531459581,4.471
0.0016038545873135542,4.472
0.004384759530925594,4.473
0.006148284642361241,4.474
0.006903877198927334,4.475
0.006982397061142786,4.476
0.0067481016861567844,4.477
0.006346979456843482,4.478
0.005623315215259827,4.479
0.0042711476035584665,4.48
0.002080566717694205,4.481
-0.0009298801656227508,4.482
-0.004533575807908995,4.483
-0.008351115518258996,4.484
-0.01189293371093815,4.485
-0.014635437381308885,4.486
-0.016117865288400403,4.487
-0.016026897272472786,4.488
-0.014262361796877725,4.489
-0.01095928955630613,4.49
-0.0064586975964458565,4.491
-0.0012201183329514065,4.492
0.004326428865294953,4.493
0.009850181050406026,4.494
0.014973806175716269,4.495
0.019126682558197057,4.496
0.02170733092994469,4.497
0.022377416394013132,4.498
0.021130949481433875,4.499
0.018235827346807752,4.5
0.014244649926782703,4.501
0.00993631321976601,4.502
0.00606180393466955,4.503
0.003016698073580733,4.504
0.0006685689913947977,4.505
-0.001497069879356364,4.506
-0.0040018175916765,4.507
-0.0070484135929814815,4.508
-0.010374767609805128,4.509
-0.013267581687238721,4.51
-0.014807529629003054,4.511
-0.01434095406654077,4.512
-0.011871039774855797,4.513
-0.008071449404679906,4.514
-0.0039801087169519765,4.515
-0.0006441304527427832,4.516
0.0010992130574316154,4.517
0.0007026267690454022,4.518
-0.0020282356885694304,4.519
-0.006809995316116818,4.52
-0.01278649333469569,4.521
-0.01860984247361375,4.522
-0.02270514990839296,4.523
-0.02359643781142639,4.524
-0.020224999392579525,4.525
-0.012282692181667366,4.526
-0.0005059075500102109,4.527
0.013260988668451969,4.528
0.02639106284340287,4.529
0.036130903924092996,4.53
0.040385183870130646,4.531
0.038414075878364776,4.532
0.031084903676470415,4.533
0.020381240965479726,4.534
0.008533335346223784,4.535
-0.0025617862530638784,4.536
-0.011520418302366912,4.537
-0.017491425126760635,4.538
-0.020110781374101626,4.539
-0.019434213714997588,4.54
-0.015888049857636918,4.541
-0.010213497077470067,4.542
-0.003404294041747394,4.543
0.0033208067494696894,4.544
0.0085794899019274,4.545
0.011092493618852409,4.546
0.010147790120968574,4.547
0.00592626924955423,4.548
-0.0006013792231591651,4.549
-0.008064977777975185,4.55
-0.015061052065200016,4.551
-0.020356914994564802,4.552
-0.02296556183485982,4.553
-0.022225991113177627,4.554
-0.017976514705208047,4.555
-0.0107287776175268,4.556
-0.0016453163976933643,4.557
0.007744029884209505,4.558
0.015914124495679565,4.559
0.0216453557488455,4.56
0.02427810666327497,4.561
0.023910016785838584,4.562
0.02135888044733556,4.563
0.0178052812869332,4.564
0.014296467683196219,4.565
0.011381909192371822,4.566
0.009023599959950392,4.567
0.00673992411387722,4.568
0.003884711082387431,4.569
9.447823496576946e-06,4.57
-0.004820831844587931,4.571
-0.009962277288954961,4.572
-0.014435638691717979,4.573
-0.017353370422051338,4.574
-0.018320214735479325,4.575
-0.0175635667773678,4.576
-0.015711640430554438,4.577
-0.013451796238799983,4.578
-0.011343211282091719,4.579
-0.00978263574292493,4.58
-0.008950598348885768,4.581
-0.008669224607065904,4.582
-0.008311681001024716,4.583
-0.006986646582451191,4.584
-0.004009006726738722,4.585
0.0006496776284317318,4.586
0.0062408095352979994,4.587
0.011484763197613962,4.588
0.015044023201085227,4.589
0.016095596516574013,4.59
0.014790838225963417,4.591
0.012202629743605075,4.592
0.009660774442719395,4.593
0.00799613897031195,4.594
0.007238567384306285,4.595
0.006887703323731865,4.596
0.006478479883411158,4.597
0.005888546992569477,4.598
0.005125595516053939,4.599
0.004013925220185837,4.6
0.0022701857922333836,4.601
-0.00014126928078870372,4.602
-0.0028206389970998934,4.603
-0.005101223443743173,4.604
-0.006395020988491005,4.605
-0.006465736886171794,4.606
-0.005527244568736829,4.607
-0.0041549967924432675,4.608
-0.003045926354128512,4.609
-0.002754032981907994,4.61
-0.003503057710061957,4.611
-0.005091914294309638,4.612
-0.006946511975086795,4.613
-0.008356168271122325,4.614
-0.008780015200497654,4.615
-0.008063365321283295,4.616
-0.006464884132414016,4.617
-0.004447738060407582,4.618
-0.0023933025144060537,4.619
-0.000537108847668199,4.62
0.0008993674967399005,4.621
0.0016813526119508438,4.622
0.0017232091686897124,4.623
0.001299606068902185,4.624
0.0011032283299392256,4.625
0.0019821300453864822,4.626
0.0044246807348141655,4.627
0.008111311574960037,4.628
0.011871299776405619,4.629
0.014147134300404885,4.63
0.013786427713098171,4.631
0.010732438527258685,4.632
0.006078006345104025,4.633
0.0013992666747883375,4.634
-0.0020644620683782245,4.635
-0.0038121460413170923,4.636
-0.003992911852446288,4.637
-0.003113277975276758,4.638
-0.0018205007629837591,4.639
-0.0008076612282071976,4.64
-0.0006973892619862673,4.641
-0.0018488751300020304,4.642
-0.004202285766526449,4.643
-0.007260590896954096,4.644
-0.010208779715915469,4.645
-0.012126308399391703,4.646
-0.012270764275944918,4.647
-0.010395595011839969,4.648
-0.006920453717293179,4.649
-0.002751245041510781,4.65
0.001155324063313206,4.651
0.00420766696285861,4.652
0.006408285275817368,4.653
0.008235633522097854,4.654
0.010153296431079234,4.655
0.012162171614240862,4.656
0.013837456623506683,4.657
0.014696438252653437,4.658
0.014420401418524114,4.659
0.012828905159663732,4.66
0.009850439958399435,4.661
0.005611800499004236,4.662
0.000535242714283896,4.663
-0.004719057497657757,4.664
-0.009470372749232108,4.665
-0.013229048959918489,4.666
-0.01577190364511937,4.667
-0.01710452405277311,4.668
-0.017387975408489038,4.669
-0.016843592310238742,4.67
-0.01563117993877828,4.671
-0.013775889253999475,4.672
-0.011237865048272627,4.673
-0.008062062919746479,4.674
-0.004417874085961008,4.675
-0.0005008296353753694,4.676
0.003514705987865071,4.677
0.007372898821247428,4.678
0.010625302145560284,4.679
0.012732095569132166,4.68
0.013387397913621604,4.681
0.012767585401191906,4.682
0.011461307848513406,4.683
0.01018055363059129,4.684
0.009424704095821503,4.685
0.009215864552609988,4.686
0.009103516227145962,4.687
0.008474649491834583,4.688
0.006901747004963164,4.689
0.00433693774244321,4.69
0.001151569517640279,4.691
