VaMe,time
-0.0007407791444840014,0.001
-0.001848920264145935,0.002
-0.002670197215392561,0.003
-0.0030689480028125242,0.004
-0.0030980021650529152,0.005
-0.0029894210612884014,0.006
-0.003092921015868666,0.007
-0.003738634555606108,0.008
-0.005026808634412373,0.009
-0.00666404943483669,0.01
-0.00799148364743846,0.011
-0.008224302342760845,0.012
-0.0067869502159046136,0.013
-0.0035809574732817207,0.014
0.0009364717287477255,0.015
0.005877314227966787,0.016
0.010193424197914244,0.017
0.013039070219297883,0.018
0.014088100478818562,0.019
0.01356105700266294,0.02
0.011908065305038273,0.021
0.009438868921274865,0.022
0.006223179064184388,0.023
0.0022716105416665843,0.024
-0.0022474045028684805,0.025
-0.006934107642458533,0.026
-0.01122531893873759,0.027
-0.01453068085342019,0.028
-0.01637539092384829,0.029
-0.01651878475132531,0.03
-0.015012543052887892,0.031
-0.01216825648754418,0.032
-0.008445140553681549,0.033
-0.00428599678524523,0.034
-1.4956906232939453e-05,0.035
0.004055448545711645,0.036
0.007436067166080691,0.037
0.009550100022505443,0.038
0.01015762241571158,0.039
0.009675874673058856,0.04
0.008989496690711467,0.041
0.00891885800992808,0.042
0.00978989727523428,0.043
0.011273102421420874,0.044
0.012488334456181041,0.045
0.012377536616733296,0.046
0.010197468185089539,0.047
0.005863881242578784,0.048
-2.4086847500604766e-05,0.049
-0.006436040286545184,0.05
-0.012250299283197385,0.051
-0.016531336814363824,0.052
-0.018708033718076028,0.053
-0.01864226759661082,0.054
-0.016568952219680137,0.055
-0.012957614163015866,0.056
-0.008388909608884852,0.057
-0.0034774611442244916,0.058
0.001194638528363546,0.059
0.005161955444579561,0.06
0.008137526101635777,0.061
0.010000730799842365,0.062
0.010738636806801075,0.063
0.010397942545280226,0.064
0.009070566653121807,0.065
0.006921303499376533,0.066
0.004243468822385181,0.067
0.0014725826806806144,0.068
-0.0009068691310434214,0.069
-0.002519080051924273,0.07
-0.003209361098109789,0.071
-0.0030458980429568573,0.072
-0.0022327256268995068,0.073
-0.0010133825663680809,0.074
0.00038551468926326945,0.075
0.0017730399364032274,0.076
0.0029818997881857897,0.077
0.0038447947657363913,0.078
0.004185058625939868,0.079
0.0038298308497575293,0.08
0.0026566735591875106,0.081
0.0006600051188929611,0.082
-0.0020046704873113433,0.083
-0.005009236402571811,0.084
-0.007876391403580655,0.085
-0.010051768215400865,0.086
-0.011013876058014372,0.087
-0.010402191517453032,0.088
-0.008153084904506282,0.089
-0.004601590230379678,0.09
-0.00045894128366581234,0.091
0.003380553854807288,0.092
0.006120724318765741,0.093
0.0073033363310907465,0.094
0.006943457177973738,0.095
0.005514721280045718,0.096
0.0037308437227071747,0.097
0.00220790541913786,0.098
0.001236650788963225,0.099
0.0007988813110019928,0.1
0.0007389237957248617,0.101
0.000894170764255434,0.102
0.0010858314533562367,0.103
0.0010761366098830311,0.104
0.0006439395106359037,0.105
-0.00026164956392435234,0.106
-0.0014571220719467985,0.107
-0.002605099101039854,0.108
-0.0033688990783185928,0.109
-0.0035654942751388473,0.11
-0.0032307241823338337,0.111
-0.0025376134090994797,0.112
-0.0016606975133344776,0.113
-0.0006915268485420486,0.114
0.0004383005502730341,0.115
0.0019509168437766263,0.116
0.003971345506731686,0.117
0.006259703249543446,0.118
0.008264943925626234,0.119
0.009406281253194567,0.12
0.009309675417888703,0.121
0.007879603916252016,0.122
0.005238792846545318,0.123
0.0016467117938257073,0.124
-0.0025428940700215697,0.125
-0.0068790774051359594,0.126
-0.010790769799281051,0.127
-0.013633476839742722,0.128
-0.014859659741884424,0.129
-0.01422230518404933,0.13
-0.01184270108223865,0.131
-0.008115602601662665,0.132
-0.0036052612420479405,0.133
0.0010271596776675977,0.134
0.005155993506875779,0.135
0.008320898201465886,0.136
0.010268728923176006,0.137
0.01098323759158432,0.138
0.010674122697337703,0.139
0.00962525853595162,0.14
0.008041825630689402,0.141
0.006047318472368569,0.142
0.0037491147292189973,0.143
0.001280326770037471,0.144
-0.0011831175535262442,0.145
-0.003427151269330864,0.146
-0.005213966642410427,0.147
-0.006285891091835736,0.148
-0.006392001356545012,0.149
-0.005392652335300407,0.15
-0.003415393090353057,0.151
-0.000954870025183172,0.152
0.0011956780944513315,0.153
0.002208258751574406,0.154
0.0015575382824070286,0.155
-0.0007478839002364789,0.156
-0.004127343180341534,0.157
-0.007568847745630689,0.158
-0.00991241912308245,0.159
-0.010229692100623734,0.16
-0.008177420952772432,0.161
-0.004134321799351469,0.162
0.0009832973869677857,0.163
0.0061239264198663605,0.164
0.010457308106856071,0.165
0.013439674624994801,0.166
0.014620455886610014,0.167
0.013554324157049867,0.168
0.010054649119445246,0.169
0.004526814825630068,0.17
-0.0019657987243645665,0.171
-0.007927921071284566,0.172
-0.011857162622400113,0.173
-0.012748362756556051,0.174
-0.010464555701872987,0.175
-0.005807954924196278,0.176
-0.00027261993741897896,0.177
0.004425102515101105,0.178
0.006915879593194271,0.179
0.0066539245902676215,0.18
0.004046648218550433,0.181
0.00020958442163508152,0.182
-0.0034533863892898847,0.183
-0.005688787692311429,0.184
-0.00575223214999098,0.185
-0.00358722424736263,0.186
0.0002257079243071166,0.187
0.004713532292995196,0.188
0.008826695843196602,0.189
0.011687974915610062,0.19
0.01272058759726549,0.191
0.011712617029379405,0.192
0.008874434632056526,0.193
0.004807762615113254,0.194
0.0002989348120303768,0.195
-0.003939214615349603,0.196
-0.007380154427703383,0.197
-0.00963994588122258,0.198
-0.010441702868146496,0.199
-0.009724212963791305,0.2
-0.007804460965209509,0.201
-0.005361124544154846,0.202
-0.003202790830384174,0.203
-0.0020125708883905148,0.204
-0.002176977632316432,0.205
-0.003665907809306884,0.206
-0.005977693505122015,0.207
-0.00823838396109062,0.208
-0.00947768563528898,0.209
-0.00895409137192148,0.21
-0.006374709323810401,0.211
-0.0019715434517726155,0.212
0.0035291389853869906,0.213
0.009046621478965336,0.214
0.013460213920980079,0.215
0.01603124595694779,0.216
0.016612573866474366,0.217
0.01546917739568438,0.218
0.012991892214980481,0.219
0.009596927601774592,0.22
0.005697201692119915,0.221
0.001590112527862893,0.222
-0.0025814121066335847,0.223
-0.00662140701600683,0.224
-0.010035915172329218,0.225
-0.012154560397431907,0.226
-0.012568934295249528,0.227
-0.011398630423809914,0.228
-0.00916851409453796,0.229
-0.0064471918629104355,0.23
-0.003453380857132157,0.231
4.828604332687891e-05,0.232
0.004301211182110658,0.233
0.008886971484419625,0.234
0.012560610202180541,0.235
0.013845877536568432,0.236
0.011901428679957447,0.237
0.007016021260085651,0.238
0.0005133597875556545,0.239
-0.00574456054443019,0.24
-0.009988471292475142,0.241
-0.011104230416140304,0.242
-0.008957146327057875,0.243
-0.0043586430092885575,0.244
0.0012559325646294371,0.245
0.0062296126499003035,0.246
0.00905906685891168,0.247
0.008732439930410165,0.248
0.005002980792467628,0.249
-0.0014471195031169946,0.25
-0.009040937769080172,0.251
-0.01564670431397743,0.252
-0.01918264928028275,0.253
-0.018258473930906776,0.254
-0.012624771619240725,0.255
-0.00332786150207835,0.256
0.007463278430307952,0.257
0.016994630576663373,0.258
0.02275633683965998,0.259
0.023334728320655064,0.26
0.01895052025513569,0.261
0.011372279545226375,0.262
0.0031293501775791588,0.263
-0.003523532866551568,0.264
-0.007296896101645435,0.265
-0.008078216915229088,0.266
-0.006801619620409786,0.267
-0.005037187561072012,0.268
-0.004350001600703085,0.269
-0.00562721602149996,0.27
-0.008684766434312348,0.271
-0.012321486683537582,0.272
-0.014804508292577994,0.273
-0.014641054073953146,0.274
-0.011249988312425276,0.275
-0.005161853902197662,0.276
0.0022863319967165742,0.277
0.00956374995981206,0.278
0.015494785599026523,0.279
0.019437945558383657,0.28
0.021191993284051296,0.281
0.020803805240907927,0.282
0.018325467887400713,0.283
0.01373919480388909,0.284
0.007208000313024406,0.285
-0.0006336403919118528,0.286
-0.008694176647442892,0.287
-0.01567891919653292,0.288
-0.020334009493756508,0.289
-0.021648687713537566,0.29
-0.0191462809973111,0.291
-0.013224991126101622,0.292
-0.00525524718952519,0.293
0.002786775246263552,0.294
0.00901328358215521,0.295
0.012273163868493827,0.296
0.012463743139144499,0.297
0.01039621069612406,0.298
0.007244138515188558,0.299
0.0039106926882732755,0.3
0.000762991143508234,0.301
-0.0022185263393900857,0.302
-0.005100318827650685,0.303
-0.007679707411190677,0.304
-0.00943699785703832,0.305
-0.009795685879667204,0.306
-0.008413210102162071,0.307
-0.0053359296558676,0.308
-0.0010539431806232428,0.309
0.0035905342208663983,0.31
0.007666012168170602,0.311
0.010424720327287768,0.312
0.011417923937760685,0.313
0.010462243790081505,0.314
0.007568865944471893,0.315
0.0029230448940653422,0.316
-0.002973241339331832,0.317
-0.009009076321926475,0.318
-0.013446149491285654,0.319
-0.014541828394092791,0.32
-0.011481433749379545,0.321
-0.00494107734894522,0.322
0.003085676575145634,0.323
0.010144792240188084,0.324
0.01442148432971528,0.325
0.015359331132948798,0.326
0.0134313515872444,0.327
0.00949513235919473,0.328
0.0043537979826623035,0.329
-0.0012976670778676697,0.33
-0.006682276597204463,0.331
-0.010817491787028916,0.332
-0.012768119654425068,0.333
-0.012178021618615253,0.334
-0.00961723118036004,0.335
-0.006412945489302045,0.336
-0.004009831372326424,0.337
-0.0032304531857706687,0.338
-0.003939441736558782,0.339
-0.005307084577599558,0.34
-0.006327231797374613,0.341
-0.0061492935272510745,0.342
-0.004161001399531824,0.343
-4.12454640374478e-05,0.344
0.006065536665566865,0.345
0.013351993378369394,0.346
0.02034144757610803,0.347
0.02523743028531857,0.348
0.026639111021553086,0.349
0.024216690790472825,0.35
0.018761079149897254,0.351
0.011623032908381245,0.352
0.004078857919183106,0.353
-0.003039233652401313,0.354
-0.009383076035282538,0.355
-0.01485266510181271,0.356
-0.01931134400371918,0.357
-0.022483454426968582,0.358
-0.02404374181971255,0.359
-0.023761362285933545,0.36
-0.021603291127965264,0.361
-0.017762772832374995,0.362
-0.012587775926233212,0.363
-0.006450754126474582,0.364
0.0002779682197130135,0.365
0.007044266669899991,0.366
0.012918968184930681,0.367
0.016771343420315603,0.368
0.017828379978160325,0.369
0.016162776833405227,0.37
0.012681926416796356,0.371
0.008666203645018963,0.372
0.005200676067526616,0.373
0.0027495464201810634,0.374
0.0010087481846674147,0.375
-0.0008129881599444096,0.376
-0.0033341617689182,0.377
-0.006437112093749273,0.378
-0.009305798777171187,0.379
-0.01101478114435114,0.38
-0.01114834152052911,0.381
-0.00997493272506664,0.382
-0.008072007066822718,0.383
-0.0057371031852379755,0.384
-0.0027274646025627985,0.385
0.0014254991516364204,0.386
0.0068384586861902005,0.387
0.012931307578298138,0.388
0.018483146215744106,0.389
0.0220366618707286,0.39
0.02256769984174694,0.391
0.020009519783094308,0.392
0.01512329528682764,0.393
0.008915171645918854,0.394
0.002264073869937074,0.395
-0.004100026054070904,0.396
-0.009596298475063759,0.397
-0.013873148966542183,0.398
-0.01683540473211486,0.399
-0.018579099273061214,0.4
-0.01928029879543784,0.401
-0.01907459887824128,0.402
-0.017965213160093974,0.403
-0.01579770369943691,0.404
-0.012302027360199912,0.405
-0.007196411180435944,0.406
-0.00040785871897444783,0.407
0.007611608784548743,0.408
0.015706244522161933,0.409
0.022229490132974743,0.41
0.025636561975951946,0.411
0.02510881126004016,0.412
0.020822279977680172,0.413
0.013814720164712984,0.414
0.0056464662760112696,0.415
-0.002044915570234527,0.416
-0.008062949905332111,0.417
-0.012059817783288886,0.418
-0.014594774298369922,0.419
-0.016786656590667838,0.42
-0.019667840907484614,0.421
-0.023483189907889074,0.422
-0.027286033114699345,0.423
-0.029084416311658597,0.424
-0.02658206815794338,0.425
-0.018296702394021667,0.426
-0.00451830439842882,0.427
0.01246426155108449,0.428
0.028990353989204715,0.429
0.04116706942580742,0.43
0.046099298940885575,0.431
0.042808852016979704,0.432
0.03245686717973824,0.433
0.017819318073927677,0.434
0.0024033326222206506,0.435
-0.01042443468946786,0.436
-0.018192450815754574,0.437
-0.01986036751685484,0.438
-0.015977480577636084,0.439
-0.008466230470125857,0.44
-8.899787640810278e-05,0.441
0.006420086515383755,0.442
0.00932246327422638,0.443
0.008376729190714785,0.444
0.004592881637077134,0.445
-0.0004108103886852056,0.446
-0.004956025430910802,0.447
-0.0076724468452407475,0.448
-0.007853406600119375,0.449
-0.005756817502697453,0.45
-0.002619648131814118,0.451
-0.00028912513531145415,0.452
-0.0005310576722214879,0.453
-0.004213534391360697,0.454
-0.010784974715715217,0.455
-0.018382689165269125,0.456
-0.024474005250071987,0.457
-0.02671470727698264,0.458
-0.02376820236150054,0.459
-0.015800137566567306,0.46
-0.004404408069399786,0.461
0.007957019105215584,0.462
0.018684212461848728,0.463
0.025741023922210067,0.464
0.028225263651386594,0.465
0.026601163544022186,0.466
0.022400288822772074,0.467
0.01745890139293206,0.468
0.013125767439909898,0.469
0.009916314874381106,0.47
0.007657543069419822,0.471
0.005854389710689205,0.472
0.00404633247625094,0.473
0.001993913274657495,0.474
-0.0003637884494135193,0.475
-0.003032153104327834,0.476
-0.005981706725729611,0.477
-0.009086678930445976,0.478
-0.012091530312386755,0.479
-0.014651531956248446,0.48
-0.0164444640102134,0.481
-0.017296074148582835,0.482
-0.017240030438904985,0.483
-0.016473091528326003,0.484
-0.015198772450763235,0.485
-0.013422619941410377,0.486
-0.010857836082656544,0.487
-0.00703840164081903,0.488
-0.0015919299091794092,0.489
0.005424926761506093,0.49
0.01330669323639141,0.491
0.020769011208823362,0.492
0.026251951399372104,0.493
0.02838154253625164,0.494
0.026567558446429926,0.495
0.021364256206916135,0.496
0.014178988951234124,0.497
0.0065625269535175956,0.498
-0.00036240779776667984,0.499
-0.006121610830445826,0.5
-0.010827058218841022,0.501
-0.014924772193875103,0.502
-0.018854861498919448,0.503
-0.02269702823716419,0.504
-0.025880314860597782,0.505
-0.027160544466874055,0.506
-0.025062396393909947,0.507
-0.01868421185470271,0.508
-0.008441350176905005,0.509
0.003734132492140312,0.51
0.014978712902381175,0.511
0.022649792684521625,0.512
0.0254300740060205,0.513
0.023771102004265025,0.514
0.019474654893004584,0.515
0.014685856734354968,0.516
0.010864022147599867,0.517
0.00835676630042202,0.518
0.006764204370945129,0.519
0.005557196073640855,0.52
0.004354491620205934,0.521
0.0028889463765396734,0.522
0.0009792435355688537,0.523
-0.0014293872875839858,0.524
-0.004231709703093488,0.525
-0.007158662203921276,0.526
-0.009830321558705397,0.527
-0.011867426511436949,0.528
-0.013008263903602843,0.529
-0.01318393634146858,0.53
-0.012513386301928685,0.531
-0.011208698808452218,0.532
-0.00946821471282854,0.533
-0.007422827105490111,0.534
-0.00508849846973918,0.535
-0.002347484234835634,0.536
0.0008999444835514909,0.537
0.004463706749264063,0.538
0.007754806303802104,0.539
0.009995257987816497,0.54
0.010608481577218543,0.541
0.009515568533286526,0.542
0.007148252256400491,0.543
0.0042189789685472415,0.544
0.0014470755753149206,0.545
-0.0006412017613473629,0.546
-0.0018303462546654095,0.547
-0.0022019749677728026,0.548
-0.0019736264484205217,0.549
-0.001337936624991836,0.55
-0.00044332481213155497,0.551
0.0005333598585835728,0.552
0.0013480795909304696,0.553
0.0017513131588318626,0.554
0.0016191904857585226,0.555
0.0010194371647275046,0.556
0.0001354906917507248,0.557
-0.0008634699563175806,0.558
-0.001905317624312023,0.559
-0.003005962637899639,0.56
-0.0041380309775940725,0.561
-0.0050675481561664945,0.562
-0.005369742626041023,0.563
-0.004652239542523496,0.564
-0.00277578893276234,0.565
1.6050876976746092e-05,0.566
0.0030460904648028932,0.567
0.005399968752490192,0.568
0.006408254382443978,0.569
0.006036548460455927,0.57
0.004831933296627935,0.571
0.0035176198828763042,0.572
0.0025834636210523166,0.573
0.0020980921950884525,0.574
0.0017486797398765309,0.575
0.0010080323908804097,0.576
-0.0006388009720705403,0.577
-0.003413778015858294,0.578
-0.006980843400238589,0.579
-0.010376717298806924,0.58
-0.01229060734996504,0.581
-0.011620515308557658,0.582
-0.007993404400196106,0.583
-0.0019959779702276854,0.584
0.004917758010242199,0.585
0.010837992615448266,0.586
0.014085527258036303,0.587
0.01388864433461491,0.588
0.010688923707876547,0.589
0.005950729790390449,0.59
0.0015356532956123342,0.591
-0.001134630526393908,0.592
-0.001678372774933093,0.593
-0.0007868076790516424,0.594
0.000251374231485007,0.595
0.0002753898104460695,0.596
-0.0011181228084902847,0.597
-0.00342526643336656,0.598
-0.005626025082116489,0.599
-0.006726347094524526,0.6
-0.006129432331470076,0.601
-0.003827017559096472,0.602
-0.00040484881618573263,0.603
0.003180848754399022,0.604
0.00597717317254819,0.605
0.007371576654179341,0.606
0.007209159890701808,0.607
0.005688822469833518,0.608
0.0032171173915823406,0.609
0.00032097513831814224,0.61
-0.0024501417446896405,0.611
-0.004687433775860222,0.612
-0.006269081973535682,0.613
-0.007391176346065783,0.614
-0.008487442820804573,0.615
-0.010053401751423625,0.616
-0.012368474713713428,0.617
-0.015210009269478757,0.618
-0.017739005334133612,0.619
-0.018661813054655873,0.62
-0.016635104426651566,0.621
-0.010806708062348819,0.622
-0.0013367278248681872,0.623
0.010348192323780765,0.624
0.02187293005857103,0.625
0.03081189397210133,0.626
0.03556716263812588,0.627
0.035643775992287415,0.628
0.031492687430795335,0.629
0.024288454733137677,0.63
0.015593810126471984,0.631
0.00688168599217759,0.632
-0.0008438075325918223,0.633
-0.007162905973709602,0.634
-0.012144235603174632,0.635
-0.016122994135785947,0.636
-0.019411355989675565,0.637
-0.02204124696539119,0.638
-0.02365242295437299,0.639
-0.023596989595848397,0.64
-0.021246049999279766,0.641
-0.01635807647162811,0.642
-0.009319053257338132,0.643
-0.0011575475852641276,0.644
0.006670351520428624,0.645
0.012702213315991499,0.646
0.015955782738646035,0.647
0.016224634718044056,0.648
0.01404740692622111,0.649
0.010431080287960156,0.65
0.006497455327570046,0.651
0.0031797187051119924,0.652
0.001002563989182874,0.653
-1.7305261991397267e-05,0.654
-0.0002959055362295306,0.655
-0.00047813757389195225,0.656
-0.0011977327947935144,0.657
-0.002854726470862379,0.658
-0.005448550095290281,0.659
-0.008513718525225058,0.66
-0.01121923362703045,0.661
-0.012639955557642517,0.662
-0.01209284586702194,0.663
-0.009394164506989844,0.664
-0.004944989731533144,0.665
0.0004249554412952501,0.666
0.005829603863920191,0.667
0.010636744377590223,0.668
0.014442494308736635,0.669
0.016867664030742933,0.67
0.017510002611159776,0.671
0.01609545622721239,0.672
0.012704558342499736,0.673
0.007919424975027402,0.674
0.002700311776125996,0.675
-0.001977341619715057,0.676
-0.005461553345570207,0.677
-0.007563822418334206,0.678
-0.008496074991329506,0.679
-0.008679055119626819,0.68
-0.008539292272979785,0.681
-0.008397560166425441,0.682
-0.008456695703879896,0.683
-0.008805444865861921,0.684
-0.009382858973007356,0.685
-0.009941358102840896,0.686
-0.010066131834021351,0.687
-0.009267053660619,0.688
-0.007124264699944437,0.689
-0.0034578392638194145,0.69
0.0015095924780253868,0.691
0.007081298534316107,0.692
0.012220624781887592,0.693
0.01588330895463064,0.694
0.017377469722522684,0.695
0.016540947893012175,0.696
0.013638770445413237,0.697
0.00908351028628162,0.698
0.003220918242852276,0.699
-0.0035993858664566396,0.7
-0.01069028191789606,0.701
-0.01678684390325502,0.702
-0.020264004845522394,0.703
-0.01976783168206618,0.704
-0.014873416703264928,0.705
-0.006398832661759762,0.706
0.0037919885327453106,0.707
0.013435008944635587,0.708
0.020665004589859967,0.709
0.024538122145632113,0.71
0.025019288830689528,0.711
0.022594238617499714,0.712
0.017914339334015254,0.713
0.01168276237849455,0.714
0.004646039276876556,0.715
-0.002457753953226167,0.716
-0.008980494956035354,0.717
-0.014433751451560787,0.718
-0.018499840934727674,0.719
-0.020948765418474027,0.72
-0.021539805176720796,0.721
-0.02004300148551281,0.722
-0.01639477137432857,0.723
-0.01087780820137419,0.724
-0.004239320717635218,0.725
0.0023186171531393374,0.726
0.007395669783345261,0.727
0.009887310990094931,0.728
0.009416774683371319,0.729
0.006433184810154344,0.73
0.0020238272720007754,0.731
-0.0024313441309659835,0.732
-0.005695424765042646,0.733
-0.0070436336605381655,0.734
-0.006413694130393053,0.735
-0.00431359126593574,0.736
-0.0015131307075210273,0.737
0.00134368555143901,0.738
0.003922242199887437,0.739
0.006086781532555785,0.74
0.0077443292073145565,0.741
0.008790313800984878,0.742
0.009087159586251939,0.743
0.00852394164021025,0.744
0.007171681340754979,0.745
0.005335764009205478,0.746
0.0034481708127624493,0.747
0.0019435089550556462,0.748
0.001141825456541677,0.749
0.0011155310514690988,0.75
0.0016436245899695207,0.751
0.002311462471175292,0.752
0.0026774795721557242,0.753
0.002410385464898858,0.754
0.0013805361092107055,0.755
-0.0002962208316013625,0.756
-0.002319783774940979,0.757
-0.004345040136542915,0.758
-0.0060822993780580755,0.759
-0.007338084467181691,0.76
-0.008035811242768457,0.761
-0.008205751932041535,0.762
-0.007936621599125384,0.763
-0.007321570374957069,0.764
-0.006426026878002159,0.765
-0.005269872015162444,0.766
-0.0038362054811431653,0.767
-0.002155347539766125,0.768
-0.0003978533568248991,0.769
0.0011791831167432037,0.77
0.0024110149341524585,0.771
0.0033357995437475014,0.772
0.004142661111329644,0.773
0.0050220304704571535,0.774
0.0059855126920984394,0.775
0.006758507719563683,0.776
0.00690020168258937,0.777
0.0060646075950165764,0.778
0.004119639871481769,0.779
0.0010846951915473985,0.78
-0.002893395238316722,0.781
-0.007407599540891975,0.782
-0.01163942865180446,0.783
-0.014408231714819614,0.784
-0.014465163251419876,0.785
-0.010919967531349477,0.786
-0.003680351463850893,0.787
0.006256560437418786,0.788
0.016822867426195605,0.789
0.025287631155189273,0.79
0.029102487113117595,0.791
0.02700008828180854,0.792
0.01966572235410523,0.793
0.009345373197068506,0.794
-0.001343233855343496,0.795
-0.010459013803222936,0.796
-0.01703816428717216,0.797
-0.02076847750085889,0.798
-0.02156622836130552,0.799
-0.019444052876500667,0.8
-0.014657598350730482,0.801
-0.00794859807860295,0.802
-0.0006699948784377131,0.803
0.005436735206491981,0.804
0.0087965556493884,0.805
0.008603418942308759,0.806
0.00519618837131391,0.807
-2.4872899647233607e-05,0.808
-0.0051904710595443776,0.809
-0.00867816124271093,0.81
-0.009537747526265924,0.811
-0.0076205231707408535,0.812
-0.00354461740652099,0.813
0.0015299647839863157,0.814
0.006337816201721913,0.815
0.009920977431758895,0.816
0.011759978841731644,0.817
0.011721707144431487,0.818
0.010040139302630162,0.819
0.0072940179493907005,0.82
0.004239317256201724,0.821
0.0015376993913160815,0.822
-0.0004279515256996438,0.823
-0.0015644981217613834,0.824
-0.0019796913115583256,0.825
-0.0018811253797641847,0.826
-0.0014993078496885455,0.827
-0.0010363058841703333,0.828
-0.0006391549671532459,0.829
-0.0004099367877416713,0.83
-0.00044571336680925916,0.831
-0.0008635351799249529,0.832
-0.0017676652605751898,0.833
-0.003174135836820524,0.834
-0.004943318574126679,0.835
-0.0067585424943179375,0.836
-0.008176184653607635,0.837
-0.008736508412810796,0.838
-0.008083061239138614,0.839
-0.0060632665490726505,0.84
-0.0028334029012905965,0.841
0.0010519193353754936,0.842
0.00469309253632881,0.843
0.0071188717381042346,0.844
0.007644467516852647,0.845
0.006098998002839364,0.846
0.0028613510044922176,0.847
-0.0012089847615889872,0.848
-0.004915932511018017,0.849
-0.007009618287537707,0.85
-0.006593722560347727,0.851
-0.0035124479399250247,0.852
0.0014682449074838713,0.853
0.006847310905160098,0.854
0.010966400161323001,0.855
0.012710726624297142,0.856
0.011892110589470624,0.857
0.00911843886309693,0.858
0.005388772113330215,0.859
0.0017226612776268565,0.86
-0.0011105144332697967,0.861
-0.0027576819328083277,0.862
-0.0032850241372303387,0.863
-0.003021772833779138,0.864
-0.002334715093786106,0.865
-0.0014745622968845736,0.866
-0.0005858388474853089,0.867
0.00019665321833645086,0.868
0.0007096211009819203,0.869
0.0008127311649322056,0.87
0.0004584013750864198,0.871
-0.00030470951800001724,0.872
-0.0014115265187466084,0.873
-0.002845207450871912,0.874
-0.004605548269863434,0.875
-0.00661578584336758,0.876
-0.008633563765088219,0.877
-0.010246362779303016,0.878
-0.011012301182212544,0.879
-0.010646017372362624,0.88
-0.009079707694803154,0.881
-0.006406722564545294,0.882
-0.002824514415501475,0.883
0.001392920510473381,0.884
0.005888426583931,0.885
0.010167770346481808,0.886
0.01358373927171365,0.887
0.015477031212508359,0.888
0.015465748124010565,0.889
0.013710610526365056,0.89
0.01091345870862117,0.891
0.007963433510466442,0.892
0.005475824703060025,0.893
0.0035805375270568547,0.894
0.0020480239690011627,0.895
0.0005690875762753827,0.896
-0.0010262518529162992,0.897
-0.0027115803579557357,0.898
-0.004331913959152467,0.899
-0.005699158293158079,0.9
-0.006663122476844663,0.901
-0.007186084857103903,0.902
-0.007444154150610859,0.903
-0.00788949153151625,0.904
-0.00916123072116912,0.905
-0.011795587777370373,0.906
-0.015819899915960778,0.907
-0.02044439938037366,0.908
-0.02410067931070492,0.909
-0.024905949546087745,0.91
-0.021353999672843366,0.911
-0.01293638653342281,0.912
-0.0004850896701917031,0.913
0.013886298887351121,0.914
0.027295555365461233,0.915
0.03698554431535847,0.916
0.041250427776629156,0.917
0.039833136386582146,0.918
0.033650301123542614,0.919
0.024343429564007396,0.92
0.013948396655978535,0.921
0.004460757215646547,0.922
-0.002722121312584059,0.923
-0.007160479081493864,0.924
-0.009317896438281008,0.925
-0.010143379446290636,0.926
-0.010562955354120702,0.927
-0.011160981207260062,0.928
-0.01210251885315866,0.929
-0.01320337597064196,0.93
-0.014070887768157084,0.931
-0.014263636593254258,0.932
-0.013436896271841144,0.933
-0.011449648589099384,0.934
-0.00840985033406741,0.935
-0.004665426786024077,0.936
-0.0007578179110587734,0.937
0.002680214941558952,0.938
0.0051063100185815115,0.939
0.0062730088840632385,0.94
0.0063044592312991215,0.941
0.005572986571784548,0.942
0.004497857923343984,0.943
0.003418280126844315,0.944
0.002565721118845342,0.945
0.002076713114773951,0.946
0.0019871281804117475,0.947
0.0022022167962884786,0.948
0.0024944654198434677,0.949
0.002564212380861298,0.95
0.0021363171077907377,0.951
0.0010565726449282852,0.952
-0.0006376391267008954,0.953
-0.0027021740116050757,0.954
-0.004744077358487931,0.955
-0.006345948510693568,0.956
-0.007188563441767459,0.957
-0.007083911303602611,0.958
-0.005955177061586199,0.959
-0.0038659078110738886,0.96
-0.0010688105507523095,0.961
0.0020392121128530185,0.962
0.005041003927668857,0.963
0.007554306837406526,0.964
0.009172120135091853,0.965
0.00945660877237419,0.966
0.008128629725047931,0.967
0.005319669001140699,0.968
0.00164119286995314,0.969
-0.001976448789540209,0.97
-0.004553048172980022,0.971
-0.005346129682995425,0.972
-0.004102066686581864,0.973
-0.0011649742163582888,0.974
0.002625192407468497,0.975
0.006177145084471999,0.976
0.008435487247161744,0.977
0.008669498785719184,0.978
0.006678503720324892,0.979
0.0027701934954977234,0.98
-0.0024643811593212063,0.981
-0.008337510642704462,0.982
-0.014056227609560469,0.983
-0.018620442502972737,0.984
-0.020853508834497464,0.985
-0.019701485972784916,0.986
-0.01468681701140296,0.987
-0.006244759970399376,0.988
0.0041982331605210955,0.989
0.01442542016009328,0.99
0.0220121153712008,0.991
0.025234710750920836,0.992
0.023775703060630874,0.993
0.018678393849655583,0.994
0.011683156080761557,0.995
0.004523080651845819,0.996
-0.0015028798233710121,0.997
-0.005708314686341216,0.998
-0.008012896225077776,0.999
-0.008780475197561232,1.0
-0.008591121289979122,1.001
-0.008049657046293564,1.002
-0.0076582722226311295,1.003
-0.007737442391721484,1.004
-0.008371375925273017,1.005
-0.00937106253803998,1.006
-0.010296758000504539,1.007
-0.010580574324849754,1.008
-0.00971811420508145,1.009
-0.007427333471734392,1.01
-0.0037084277009466118,1.011
0.0011321372669079075,1.012
0.006450644416883937,1.013
0.011349198917525007,1.014
0.014942848710188434,1.015
0.016652579513874513,1.016
0.016354629148212226,1.017
0.014369829502974114,1.018
0.011307357308626918,1.019
0.00781339681173964,1.02
0.004384139367741838,1.021
0.001330874783341282,1.022
-0.0011804707002164958,1.023
-0.0030988033300229584,1.024
-0.0044749221577345824,1.025
-0.00544988032742093,1.026
-0.006230065877297006,1.027
-0.007031831698860371,1.028
-0.007999128799694192,1.029
-0.009124980362658281,1.03
-0.010214865207976272,1.031
-0.010939679212884764,1.032
-0.010976196733259991,1.033
-0.010132047672961353,1.034
-0.008378985973152791,1.035
-0.005836163778290292,1.036
-0.0027234547319700078,1.037
0.000745103713660625,1.038
0.004416266352792445,1.039
0.00807801667339191,1.04
0.01132860458210952,1.041
0.01366688983366484,1.042
0.014765548880215211,1.043
0.014669762033678615,1.044
0.013694266417015873,1.045
0.012094291565841353,1.046
0.009871074952891372,1.047
0.0069155119487829255,1.048
0.003279199085738409,1.049
-0.0007098416002954197,1.05
-0.004513033301617047,1.051
-0.007554066490715648,1.052
-0.009436587792479032,1.053
-0.01008603513328822,1.054
-0.009724353885311727,1.055
-0.008709429770852534,1.056
-0.00736037024048467,1.057
-0.00588297827701755,1.058
-0.00440656021829897,1.059
-0.0030742879684997593,1.06
-0.0021290367891064776,1.061
-0.0019124646562880333,1.062
-0.0027013553491889077,1.063
-0.004442600156911849,1.064
-0.006600491374517383,1.065
-0.008269811696231418,1.066
-0.008487080266548739,1.067
-0.006571497329263353,1.068
-0.002381463806752673,1.069
0.0035576329645537167,1.07
0.01008421634602682,1.071
0.01565073742521976,1.072
0.018798744376418153,1.073
0.018707863076791717,1.074
0.015541091538995569,1.075
0.010354917366011598,1.076
0.004636982414945786,1.077
-0.00022346732116458975,1.078
-0.003299418745768737,1.079
-0.00427703587852753,1.08
-0.003446713681785299,1.081
-0.001578581838654547,1.082
0.00032506454461831796,1.083
0.0013754319648454244,1.084
0.0011053085366762654,1.085
-0.0004242711679051237,1.086
-0.002752573835491013,1.087
-0.0052610544996720115,1.088
-0.007377491031592844,1.089
-0.008684774630227063,1.09
-0.008964122165645285,1.091
-0.008201833623135701,1.092
-0.00655698397150712,1.093
-0.004305870383620913,1.094
-0.001810853838771381,1.095
0.000488553627632193,1.096
0.0021386898420942364,1.097
0.0028386103397711883,1.098
0.0026307544633900897,1.099
0.001932535369323035,1.1
0.0013247549159430393,1.101
0.001245289577046234,1.102
0.0018014382939125697,1.103
0.002775575871850912,1.104
0.0037794060070896053,1.105
0.004456451771566902,1.106
0.00462057526789521,1.107
0.0042831151697053415,1.108
0.003591261966097536,1.109
0.0027226332150744738,1.11
0.0017827064575262556,1.111
0.0007533838347980922,1.112
-0.00047043491649307093,1.113
-0.001965730673069275,1.114
-0.003651343298001393,1.115
-0.00523365397296249,1.116
-0.0062976790373951595,1.117
-0.006506467550863801,1.118
-0.005760735741731846,1.119
-0.004234243723438847,1.12
-0.0023331029050923,1.121
-0.000597332814377662,1.122
0.0004945095947640297,1.123
0.0007397608938537584,1.124
0.00026027805490556123,1.125
-0.0006239021361150064,1.126
-0.0014846207616997784,1.127
-0.0017981242829500988,1.128
-0.0010785512533772774,1.129
0.0008510718682327461,1.13
0.003674047494019216,1.131
0.006626138518562412,1.132
0.008739009368273789,1.133
0.009181601842461775,1.134
0.007618319756025152,1.135
0.004441043732107448,1.136
0.0006631583111837825,1.137
-0.0025197621011731597,1.138
-0.004219439143565624,1.139
-0.004142730695835368,1.14
-0.0026011867091452726,1.141
-0.00029740984294978116,1.142
0.0019635453715594513,1.143
0.0035035801059864016,1.144
0.003924569807519026,1.145
0.0032136764143211823,1.146
0.001732589301078709,1.147
2.6737819721380782e-05,1.148
-0.001418861401612139,1.149
-0.00229848267532158,1.15
-0.0024761756879615533,1.151
-0.0019703993318077946,1.152
-0.0009879147836816525,1.153
7.404920589869734e-05,1.154
0.0007534439066247738,1.155
0.0007327949327177766,1.156
-3.5239304471964574e-05,1.157
-0.001380174059842856,1.158
-0.003053565458342758,1.159
-0.004819753654112105,1.16
-0.006469158845687955,1.161
-0.007800904337444711,1.162
-0.008609205050201654,1.163
-0.00869054733909143,1.164
-0.00786702277274249,1.165
-0.0060001992481650505,1.166
-0.0030253866852276473,1.167
0.0009209794487181038,1.168
0.005338889576841663,1.169
0.009389730328953601,1.17
0.012197974006478651,1.171
0.013179907950838671,1.172
0.01212901039367223,1.173
0.009140928144872724,1.174
0.004620585854723615,1.175
-0.0006470642354141095,1.176
-0.005586563177501569,1.177
-0.009118776292014337,1.178
-0.010467108343043891,1.179
-0.009357737407000901,1.18
-0.006083942544942258,1.181
-0.0014345996632494525,1.182
0.003486286684948911,1.183
0.007536039415359024,1.184
0.009873563987193884,1.185
0.010215424121958812,1.186
0.008847745690135028,1.187
0.006410878525501506,1.188
0.0036039075690774826,1.189
0.00094766495567446,1.19
-0.0012960091919877622,1.191
-0.0030297344093870517,1.192
-0.004170072111363934,1.193
-0.004612788143846106,1.194
-0.004332132077168617,1.195
-0.003475785626962406,1.196
-0.0023574091733737598,1.197
-0.0013564319955732648,1.198
-0.000790752415771331,1.199
-0.00083071479443058,1.2
-0.0014718636381116437,1.201
-0.002552808348284081,1.202
-0.0038200817885096577,1.203
-0.0050247125789001194,1.204
-0.005989001428925942,1.205
-0.006590460951384879,1.206
-0.006689479492795935,1.207
-0.0061025883094003325,1.208
-0.004679449418426575,1.209
-0.002404746865831246,1.21
0.0005632220868140914,1.211
0.0038949282553999358,1.212
0.007116444326651583,1.213
0.009700158342478149,1.214
0.011205796800123796,1.215
0.011395079726884118,1.216
0.010282095950604123,1.217
0.008148997982641465,1.218
0.005507717999823347,1.219
0.002939554960685894,1.22
0.0008712325956109496,1.221
-0.0005569482396505318,1.222
-0.001463505406722043,1.223
-0.002088192233983856,1.224
-0.002636175221602508,1.225
-0.003178793786048887,1.226
-0.003647302699110451,1.227
-0.003905649855337038,1.228
-0.0038366136501280447,1.229
-0.003390508543759899,1.23
-0.0026078153977418116,1.231
-0.0016349215704445986,1.232
-0.000709749619042367,1.233
-9.047232624560022e-05,1.234
3.427162419486805e-05,1.235
-0.00041303083896181375,1.236
-0.0013925118269128417,1.237
-0.0027318017728306895,1.238
-0.004129520755081255,1.239
-0.005212956499045256,1.24
-0.005634372485852781,1.241
-0.0051687451727169985,1.242
-0.0037708922010832274,1.243
-0.0015804585290053572,1.244
0.00108852196275175,1.245
0.0037608060520019208,1.246
0.005885563622642622,1.247
0.007052181640830218,1.248
0.007212487932856924,1.249
0.0066698735960434,1.25
0.005821648649296016,1.251
0.004921621654865791,1.252
0.004028506244678274,1.253
0.0030734694575830336,1.254
0.0019650650669759636,1.255
0.0006830753124893899,1.256
-0.0007011591005077908,1.257
-0.002073899019713868,1.258
-0.0033228311287816625,1.259
-0.004344824396254818,1.26
-0.005044402425210621,1.261
-0.005350046781460015,1.262
-0.005252257372158685,1.263
-0.004823686834649277,1.264
-0.004185712340486724,1.265
-0.0034514016161962253,1.266
-0.0026864382340511537,1.267
-0.0018889784253118698,1.268
-0.0009832568969728227,1.269
0.00015132976517817523,1.27
0.001596115019744356,1.271
0.0032951275106001925,1.272
0.005024327557686685,1.273
0.006452872975394,1.274
0.007248906407820797,1.275
0.0071796195437404085,1.276
0.006175415176024559,1.277
0.004340468946995338,1.278
0.0019246084648663162,1.279
-0.0007181030108534025,1.28
-0.003190247466905402,1.281
-0.005131754533420317,1.282
-0.00629084483215234,1.283
-0.0065679204225268005,1.284
-0.006030386071708129,1.285
-0.004881856721417997,1.286
-0.0033697730116661684,1.287
-0.0016735301050228007,1.288
0.00012662458860426763,1.289
0.001961532676437235,1.29
0.003664907284216675,1.291
0.004968666294442435,1.292
0.005609467749474326,1.293
0.0054446898381787165,1.294
0.004495524572927748,1.295
0.002943131377174517,1.296
0.0011136158916472052,1.297
-0.000596467954924964,1.298
-0.0018642617114586553,1.299
-0.002558721279288979,1.3
-0.002759931836241243,1.301
-0.002678228066330471,1.302
-0.002511459405940872,1.303
-0.0023344668675121796,1.304
-0.002101962104457812,1.305
-0.00173085393484475,1.306
-0.001165598866264856,1.307
-0.00039830923145798435,1.308
0.0005148107448776902,1.309
0.0014434670486316622,1.31
0.002219884914220255,1.311
0.0027106125582687613,1.312
0.002876295369499157,1.313
0.0027631834423543097,1.314
0.0024126536992173206,1.315
0.0017816619105783466,1.316
0.0007643708779991837,1.317
-0.0007084545582030726,1.318
-0.0025720869510776918,1.319
-0.004582376005991678,1.32
-0.00633334471515028,1.321
-0.007345999054048211,1.322
-0.007210404755103297,1.323
-0.005723051544261976,1.324
-0.0029766897537963815,1.325
0.0006118113499126378,1.326
0.004341716491879865,1.327
0.007337530945708371,1.328
0.008739952675526182,1.329
0.008009094104093442,1.33
0.005261364378059951,1.331
0.0013600874732502854,1.332
-0.002428824014319436,1.333
-0.004992134464274227,1.334
-0.005736539649599588,1.335
-0.004627393587542014,1.336
-0.0020509000109711936,1.337
0.001312163635133821,1.338
0.00459373297643783,1.339
0.0069449992820485315,1.34
0.007813181232151993,1.341
0.007083806579171438,1.342
0.0050079131347149156,1.343
0.002069964625316125,1.344
-0.001086614678865338,1.345
-0.003774519851878471,1.346
-0.005478536358794462,1.347
-0.006014597268834431,1.348
-0.005504959524453053,1.349
-0.004251628410420376,1.35
-0.002632387853769718,1.351
-0.0010289251025242141,1.352
0.0002508202476454933,1.353
0.0010325157556887198,1.354
0.0012721050234026142,1.355
0.0010118321318990527,1.356
0.0003634775007015323,1.357
-0.0004865205255463651,1.358
-0.0013302996685979455,1.359
-0.0020328381209740627,1.36
-0.0025501766497568012,1.361
-0.002861323400379208,1.362
-0.0029121522466480157,1.363
-0.002618706938987976,1.364
-0.0019168767381293164,1.365
-0.0008326220175694831,1.366
0.0004777715048974365,1.367
0.0017705582562963808,1.368
0.002820369924316413,1.369
0.003503407167178095,1.37
0.003824837377531446,1.371
0.0039045808352691736,1.372
0.003898678788477224,1.373
0.003882607595646995,1.374
0.0038089629918718806,1.375
0.0035716185449361443,1.376
0.0030888131513342803,1.377
0.0023443441868791167,1.378
0.001399303800136326,1.379
0.0003849801576767475,1.38
-0.0005345041356570196,1.381
-0.0012207628277652433,1.382
-0.0016067122029710993,1.383
-0.001707444192657298,1.384
-0.001612761143396252,1.385
-0.0014849201163089501,1.386
-0.0015355547711880643,1.387
-0.0019462872126014919,1.388
-0.0027673409591010703,1.389
-0.0038589394457145404,1.39
-0.004911477775986272,1.391
-0.005553156339799819,1.392
-0.005501644463144746,1.393
-0.004670846639247331,1.394
-0.0031883581402200375,1.395
-0.0013443656260459062,1.396
0.0005130480630887284,1.397
0.002107750025549506,1.398
0.003301768258738676,1.399
0.004055632429595148,1.4
0.004353551814407884,1.401
0.004168234980217784,1.402
0.0034823230451245975,1.403
0.0023492618453455436,1.404
0.0009453243898960697,1.405
-0.0004399095564288184,1.406
-0.0014814564131154276,1.407
-0.0019298873600417255,1.408
-0.0017042251380697429,1.409
-0.0009073856802777487,1.41
0.0002447172485108353,1.411
0.0015016764049582175,1.412
0.0026189744296141867,1.413
0.0034018445982984674,1.414
0.0037497326942088354,1.415
0.0036565996831443995,1.416
0.0031851308363188414,1.417
0.0024432490954521048,1.418
0.0015609176655622713,1.419
0.0006688662680678932,1.42
-0.00013266116436747233,1.421
-0.0008099485151700404,1.422
-0.00139224477479013,1.423
-0.0019313796053039164,1.424
-0.0024697120089513017,1.425
-0.003018689003998934,1.426
-0.0035370287970095536,1.427
-0.003930671855709165,1.428
-0.004081667125140875,1.429
-0.0038848323508312924,1.43
-0.0032895994295132043,1.431
-0.0023484439236427265,1.432
-0.0012451640779313872,1.433
-0.0002706690606304394,1.434
0.00026912890954275035,1.435
0.00019041318053263534,1.436
-0.0004664295983953893,1.437
-0.0014327413624261726,1.438
-0.002282297405631661,1.439
-0.0025463937763060655,1.44
-0.0018703783905471348,1.441
-0.00015828669444797205,1.442
0.002363324383057481,1.443
0.0051751499246124825,1.444
0.007588982039713286,1.445
0.008951541877991931,1.446
0.008863304123560099,1.447
0.007339959677769756,1.448
0.00482921274790251,1.449
0.0020204545655196217,1.45
-0.0004456177894783107,1.451
-0.002176804902408603,1.452
-0.0030795740014480676,1.453
-0.003308814713311966,1.454
-0.0031557133131213033,1.455
-0.0029066235090590346,1.456
-0.0027281387161620396,1.457
-0.0026218786814866286,1.458
-0.0024572553568599654,1.459
-0.0020656203372951473,1.46
-0.0013558600629311186,1.461
-0.00039394462902519995,1.462
0.000589791149389251,1.463
0.001273718276523093,1.464
0.001388849445102117,1.465
0.000853590276960236,1.466
-0.00020488115260870466,1.467
-0.0015223994253208738,1.468
-0.002766087126400393,1.469
-0.0035913953053225488,1.47
-0.0037388962170106952,1.471
-0.0031455348038877317,1.472
-0.0019808555387289847,1.473
-0.0005616028561825604,1.474
0.0008036392669380153,1.475
0.0019217773525966601,1.476
0.0026979745875382955,1.477
0.0030497639397647214,1.478
0.0028848579426215327,1.479
0.002184843554417281,1.48
0.0010934479618257002,1.481
-0.00010012113558836741,1.482
-0.001073240551916109,1.483
-0.0015833596125696687,1.484
-0.0015176274117138895,1.485
-0.0008921012510193189,1.486
0.00015891651954363242,1.487
0.00140450313747419,1.488
0.002566460734808824,1.489
0.0033819874340768386,1.49
0.0036565272319062222,1.491
0.0032996038455578025,1.492
0.002348233151714058,1.493
0.0009711992771739648,1.494
-0.0005712701285918087,1.495
-0.0020033688017470786,1.496
-0.0030864904750197183,1.497
-0.0036278847489275234,1.498
-0.003496450168813819,1.499
-0.002675522672813204,1.5
-0.0013025475701188948,1.501
0.0003524212985470286,1.502
0.0019454262174272599,1.503
0.003123791855889326,1.504
0.0036142532181909345,1.505
0.0033259758212245906,1.506
0.002382570784713566,1.507
0.0010341429597472175,1.508
-0.0004584040325294684,1.509
-0.0018714055151343204,1.51
-0.003020496751863601,1.511
-0.0037596081698729345,1.512
-0.003992921112295839,1.513
-0.003706981785641775,1.514
-0.002990088797427372,1.515
-0.001998070013550859,1.516
-0.0008904920100297388,1.517
0.00019896806358529883,1.518
0.0011442574109581758,1.519
0.0018058540083631897,1.52
0.002047057792905478,1.521
0.0017941768390446434,1.522
0.0011087069923609585,1.523
0.00021436653078499328,1.524
-0.00055352926943382,1.525
-0.0008675622401668483,1.526
-0.0005491402814231602,1.527
0.0003536376957277498,1.528
0.0015973360264547752,1.529
0.0028478115613019966,1.53
0.0037912672760282242,1.531
0.004196032560404555,1.532
0.003924565807342618,1.533
0.0029483284301599164,1.534
0.0013794654098062528,1.535
-0.0005255567412225726,1.536
-0.0024152008529844645,1.537
-0.003927684827629402,1.538
-0.004783452720979774,1.539
-0.004857246292476456,1.54
-0.004208639045530017,1.541
-0.003058556041481527,1.542
-0.0017110357357959446,1.543
-0.0004479621758174879,1.544
0.0005532942940945124,1.545
0.0012398616536411751,1.546
0.0016402974509273018,1.547
0.0017988362451843351,1.548
0.0017416665022482397,1.549
0.0015009899355144494,1.55
0.0011614281731752716,1.551
0.000857951689244632,1.552
0.0007034807808077344,1.553
0.0007153669362345167,1.554
0.0008120298018430361,1.555
0.000861336399233281,1.556
0.0007305240202037631,1.557
0.0003297700592984756,1.558
-0.00034748371752371936,1.559
-0.0011995901895177792,1.56
-0.002017331466446268,1.561
-0.002528948768062187,1.562
-0.0025031178636855597,1.563
-0.0018625430220078434,1.564
-0.0007262425788702279,1.565
0.0006433962849438736,1.566
0.0019345678474335618,1.567
0.0028646623177918254,1.568
0.003237653339289885,1.569
0.002982392517827706,1.57
0.002154483386930699,1.571
0.0009061614824886954,1.572
-0.0005463008422219887,1.573
-0.0019466508786781234,1.574
-0.0030316529182446107,1.575
-0.0035843391734070008,1.576
-0.003489271378182214,1.577
-0.0027740736706217766,1.578
-0.0016294416808603138,1.579
-0.0003819851242668529,1.58
0.0005930272310554474,1.581
0.001007145739618647,1.582
0.000801441643300551,1.583
0.0001996822577790089,1.584
-0.00039059005767203616,1.585
-0.000561791340065327,1.586
-6.038194218897376e-05,1.587
0.0011395101835637656,1.588
0.0028288204393565764,1.589
0.004600321657599537,1.59
0.0059358595461081074,1.591
0.006353491925087285,1.592
0.0055731728235111876,1.593
0.0036048372466066765,1.594
0.0007080579525165487,1.595
-0.002696040403249831,1.596
-0.006065400441924544,1.597
-0.008772720162058451,1.598
-0.010226922816895233,1.599
-0.010048994554073891,1.6
-0.008184888649304455,1.601
-0.004910343553379342,1.602
-0.0007734357162784481,1.603
0.0034930282700650437,1.604
0.007098690369032182,1.605
0.009375078726160375,1.606
0.00998571478886367,1.607
0.009053961399200935,1.608
0.007075286175961,1.609
0.004646361719201194,1.61
0.0022032493719649237,1.611
-5.842671483637212e-05,1.612
-0.0020691300387151524,1.613
-0.0037402791270193083,1.614
-0.0049418609117517715,1.615
-0.005573751651752589,1.616
-0.005616356107898342,1.617
-0.005129186160242287,1.618
-0.004240967160270496,1.619
-0.0031469371869957013,1.62
-0.0020769701600198893,1.621
-0.0012240143467679898,1.622
-0.0006850325904251299,1.623
-0.00044462297312666637,1.624
-0.00037975885340283105,1.625
-0.00029494621492834257,1.626
-8.372916636859275e-06,1.627
0.0005609123802208,1.628
0.0013712073675813921,1.629
0.0022971980662220694,1.63
0.0031815293536460267,1.631
0.003874212935935353,1.632
0.004263129106145965,1.633
0.004292620694974734,1.634
0.003964363406228619,1.635
0.0033304266064562616,1.636
0.00248570189516565,1.637
0.0015517203291829707,1.638
0.0006473229213923955,1.639
-0.00014726736853240094,1.64
-0.00081991268127846,1.641
-0.001418409866376654,1.642
-0.0019924113768183954,1.643
-0.0025353928088652808,1.644
-0.002970608321193649,1.645
-0.0031818494182732763,1.646
-0.0030733323231362025,1.647
-0.0026195644300859287,1.648
-0.001875638542198145,1.649
-0.000958070939695997,1.65
-1.6032706062164144e-05,1.651
0.000793445456404311,1.652
0.00132051642600595,1.653
0.0014449858850530005,1.654
0.0011222925762969175,1.655
0.0004148586539377517,1.656
-0.000535612077243643,1.657
-0.0015681438288750705,1.658
-0.0025438058283542386,1.659
-0.0033469880841947063,1.66
-0.0038644997480324276,1.661
-0.003992686136028904,1.662
-0.0036723563110711392,1.663
-0.002898623297307647,1.664
-0.0017038437168529232,1.665
-0.00015141739005377914,1.666
0.001647102444042035,1.667
0.003513578897383352,1.668
0.005219565372222121,1.669
0.006531661221045432,1.67
0.007242704959204125,1.671
0.0071860042493240624,1.672
0.0062736799848804115,1.673
0.00456775660686027,1.674
0.0023284120186569755,1.675
-1.972184942948768e-05,1.676
-0.0020081257192283595,1.677
-0.0032867229749711613,1.678
-0.0037479252554429255,1.679
-0.003540467088069358,1.68
-0.0029757499249517135,1.681
-0.002391419358714444,1.682
-0.0020266914952352527,1.683
-0.0019377561600185786,1.684
-0.0019801978767747834,1.685
-0.0018813768613814162,1.686
-0.001391200393994075,1.687
-0.0004334661803039029,1.688
0.0008430694747345536,1.689
0.002136768449925607,1.69
0.0031237257940841174,1.691
0.0035717402817363833,1.692
0.003401705966560152,1.693
0.0026931747490967217,1.694
0.0016435635734375993,1.695
0.0005064868422859016,1.696
-0.00046678588584585234,1.697
-0.0010849099170963936,1.698
-0.001270060264415158,1.699
-0.00107735442646447,1.7
-0.000665075402701371,1.701
-0.0002360897949827249,1.702
2.9826416490776294e-05,1.703
3.261401798102457e-05,1.704
-0.00023682332133417814,1.705
-0.0007276825136833449,1.706
-0.0013537956477676747,1.707
-0.0019945294372072857,1.708
-0.002507681657859804,1.709
-0.002774603251236598,1.71
-0.002740062085367266,1.711
-0.002409196984307112,1.712
-0.0018276566670466152,1.713
-0.0010782506288183416,1.714
-0.00027630223774736723,1.715
0.0004530405936946913,1.716
0.0010039506289017059,1.717
0.0013135993262524159,1.718
0.001370860504949406,1.719
0.0012070637221800501,1.72
0.0008774587242868454,1.721
0.0004444760797735469,1.722
-2.5841107976853785e-05,1.723
-0.00045814695257058793,1.724
-0.0007699292793472156,1.725
-0.0008820821767757365,1.726
-0.0007337619501235538,1.727
-0.00030196289483370287,1.728
0.00037397235769286326,1.729
0.001165522820890351,1.73
0.0018590718023404347,1.731
0.002221610814593254,1.732
0.002104888148787507,1.733
0.0015326167093537052,1.734
0.0007097645128380665,1.735
-6.504943807297153e-05,1.736
-0.0005173077864706691,1.737
-0.000468827101715016,1.738
0.00013436923176852892,1.739
0.0012074595281202564,1.74
0.002526062640369528,1.741
0.003755581061102193,1.742
0.004520890495922069,1.743
0.004514431416829203,1.744
0.0036065210795081636,1.745
0.001896662826932718,1.746
-0.0003249412022950565,1.747
-0.0026818603291679324,1.748
-0.004818873899898471,1.749
-0.006454840788739325,1.75
-0.007384294649139232,1.751
-0.00747216750913427,1.752
-0.006667474840446835,1.753
-0.005031211967550994,1.754
-0.0027567402557016267,1.755
-0.00016192458125704256,1.756
0.0023589006377035407,1.757
0.004417296495173524,1.758
0.005717634710500876,1.759
0.006124803914564426,1.76
0.005686651682780549,1.761
0.00458713640658947,1.762
0.0030724034105686533,1.763
0.0014002259479761843,1.764
-0.00020076821347302033,1.765
-0.001561312413889278,1.766
-0.0025637690210495775,1.767
-0.0031219544176391773,1.768
-0.0032009342927658484,1.769
-0.002866660136207694,1.77
-0.0022960744963370586,1.771
-0.0017095669357371833,1.772
-0.001262155378290164,1.773
-0.0009665100589449664,1.774
-0.0007085431638180195,1.775
-0.0003541587555255609,1.776
0.00013796692510306715,1.777
0.0006844642463613837,1.778
0.0011277703882776125,1.779
0.0013156310133318689,1.78
0.0011614231257549201,1.781
0.0006753758953268486,1.782
-1.3458333077712237e-05,1.783
-0.0006627870727634894,1.784
-0.0009919233360967195,1.785
-0.0007948373580128601,1.786
-2.129223648843392e-05,1.787
0.001190792246498421,1.788
0.002526740162762543,1.789
0.0035774585799892753,1.79
0.003997053381307223,1.791
0.0036440176359406225,1.792
0.0026022591200656918,1.793
0.0011050316482808114,1.794
-0.0005447838050582103,1.795
-0.002028155005560081,1.796
-0.003057947171063458,1.797
-0.003425545571146341,1.798
-0.0030437350281270386,1.799
-0.001991435114411134,1.8
-0.0005329825602152435,1.801
0.0009414367996802759,1.802
0.0020493250326097255,1.803
0.0025409309583965807,1.804
0.0023533579098019885,1.805
0.001598405244514636,1.806
0.000499019854971925,1.807
-0.0006987150438168692,1.808
-0.0017805819762944327,1.809
-0.002579628102490107,1.81
-0.0030021815951146065,1.811
-0.0030634404578879786,1.812
-0.0028825081238995527,1.813
-0.002617615907957126,1.814
-0.002364088271491638,1.815
-0.0020751703525069033,1.816
-0.0015775211156086194,1.817
-0.0006875609186089543,1.818
0.0006483602905157789,1.819
0.002285780635180898,1.82
0.003919519436554336,1.821
0.0051705301531620815,1.822
0.0056732973814087,1.823
0.0051918290548290365,1.824
0.0037479260518349174,1.825
0.0016378369517721272,1.826
-0.0007010853353145239,1.827
-0.0028418274242682263,1.828
-0.004450991577466958,1.829
-0.005341089778075116,1.83
-0.005502806071082698,1.831
-0.005090344985828699,1.832
-0.004361604388001747,1.833
-0.003576134832053603,1.834
-0.002864386729091788,1.835
-0.002147785192550835,1.836
-0.00119315245819158,1.837
0.00023024457665205613,1.838
0.0022045869213922586,1.839
0.004606303894100789,1.84
0.007138334721855666,1.841
0.0093961369528646,1.842
0.010937615595472223,1.843
0.011379547306941705,1.844
0.01050395958574043,1.845
0.008325623279168899,1.846
0.005109241802835199,1.847
0.0013287607923685816,1.848
-0.002443043883485345,1.849
-0.005671096365030639,1.85
-0.007952940743678418,1.851
-0.009065752746429238,1.852
-0.00899631459170123,1.853
-0.007955682457880895,1.854
-0.006352239799640771,1.855
-0.004691744515812623,1.856
-0.0034042577614495383,1.857
-0.0026807198088218856,1.858
-0.0024396106948654716,1.859
-0.002439074866210214,1.86
-0.0024270371283188438,1.861
-0.002235440319664814,1.862
-0.001808647584049679,1.863
-0.0011881666219757956,1.864
-0.0004620661736459166,1.865
0.00030531791147907504,1.866
0.001115668541353346,1.867
0.002005045881435551,1.868
0.0029646213752958454,1.869
0.003900739597603882,1.87
0.004667164486440883,1.871
0.005118355392724235,1.872
0.005150018560711816,1.873
0.0047427471529708845,1.874
0.003991907020407974,1.875
0.0030734988848567474,1.876
0.0021615307739138094,1.877
0.0013740182818843564,1.878
0.0007749036290069307,1.879
0.0003864022653692829,1.88
0.00018011943636238813,1.881
6.575675166137492e-05,1.882
-9.05726246846863e-05,1.883
-0.00041030235071293724,1.884
-0.0009464986830490197,1.885
-0.00167268513968181,1.886
-0.0025070753382362733,1.887
-0.003339646471667036,1.888
-0.004056624046733689,1.889
-0.004558537808427716,1.89
-0.004756733089525407,1.891
-0.004570270703498545,1.892
-0.003955929826634138,1.893
-0.0029391322491616775,1.894
-0.0016058700791083257,1.895
-7.835914515966059e-05,1.896
0.001500669602944063,1.897
0.0029858250107244826,1.898
0.004246444547171633,1.899
0.005156010515234283,1.9
0.005565839260066272,1.901
0.005327131973158426,1.902
0.004379261536689071,1.903
0.0028317623936122273,1.904
0.0009600122362769254,1.905
-0.0008925604716081247,1.906
-0.0024414348066401303,1.907
-0.0035293582909532955,1.908
-0.004098797036992656,1.909
-0.0041326594149171765,1.91
-0.00364072581461684,1.911
-0.002687533178917484,1.912
-0.0014186414403965163,1.913
-4.995946592280016e-05,1.914
0.0011841143932537445,1.915
0.0020927977715214222,1.916
0.0025683942697987483,1.917
0.0025949673173240296,1.918
0.002248962747768067,1.919
0.0016911672210615139,1.92
0.0011152297717962572,1.921
0.0006701274239955967,1.922
0.00041622628542319285,1.923
0.00032833962742625464,1.924
0.00032243766197375496,1.925
0.0002961059975663548,1.926
0.00017602711945399112,1.927
-5.190706342134032e-05,1.928
-0.00035245116893545177,1.929
-0.000677597864665398,1.93
-0.0009933871584384378,1.931
-0.001288112571101256,1.932
-0.0015667294409104796,1.933
-0.0018204936055672282,1.934
-0.001993671299353996,1.935
-0.0019949225933020447,1.936
-0.0017517425252377963,1.937
-0.0012568917976597883,1.938
-0.0005712670235368551,1.939
0.00020046677777330935,1.94
0.0009370712511480992,1.941
0.0015327305325382402,1.942
0.0019224606416675778,1.943
0.002075080385551542,1.944
0.0019707375302347027,1.945
0.0016040057650162194,1.946
0.0010131075631778902,1.947
0.00030196639909559395,1.948
-0.0003822479807331829,1.949
-0.0009174914869635004,1.95
-0.0012643176274529236,1.951
-0.0014612279285734235,1.952
-0.0015693902716047647,1.953
-0.0016253268724310825,1.954
-0.0016371426220422901,1.955
-0.0015988031962345566,1.956
-0.0014937353474064224,1.957
-0.001294193734075633,1.958
-0.000968148879196339,1.959
-0.0004875570758701111,1.96
0.00016914360360392876,1.961
0.0010011741511189742,1.962
0.0019424015835984578,1.963
0.0028326043268135275,1.964
0.0034528968635024635,1.965
0.003612942619346905,1.966
0.0032345104052390193,1.967
0.0023830748487239394,1.968
0.0012398671418954975,1.969
5.068054333357473e-05,1.97
-0.0009229231247838209,1.971
-0.0014644038930486413,1.972
-0.001478366057413754,1.973
-0.0010386905552183605,1.974
-0.00036124944848739735,1.975
0.00028379279223322043,1.976
0.000660871210099379,1.977
0.000637150252502884,1.978
0.00022709954148520723,1.979
-0.0004158280222091113,1.98
-0.0010632202221482828,1.981
-0.00149606011462337,1.982
-0.0015782503230340884,1.983
-0.001289039698874367,1.984
-0.0007023101040926299,1.985
4.763246133817348e-05,1.986
0.0007761666099964411,1.987
0.001264546961594332,1.988
0.001315824051892118,1.989
0.0008231102090351919,1.99
-0.00018641428092871015,1.991
-0.0015452665048032671,1.992
-0.0029739007223439206,1.993
-0.004131767447820947,1.994
-0.004692148324445978,1.995
-0.004432879575466698,1.996
-0.003306392853414994,1.997
-0.0014616835396008467,1.998
0.0007795638545704301,1.999
0.0029991109264054933,2.0
0.004809711258089786,2.001
0.005964725800144421,2.002
0.0063862711792624675,2.003
0.006135628052242486,2.004
0.005361219121885922,2.005
0.0042315277610970245,2.006
0.0028827639881458095,2.007
0.001408746631222462,2.008
-0.00012391640148231724,2.009
-0.001650834657593049,2.01
-0.00308003307847452,2.011
-0.00428751920552765,2.012
-0.005155606987720689,2.013
-0.005618563342741559,2.014
-0.005667739071204245,2.015
-0.005319559095366811,2.016
-0.004594906192178915,2.017
-0.003531717115857448,2.018
-0.002209684303657069,2.019
-0.0007669348588280076,2.02
0.0006145453103042412,2.021
0.0017704968790159743,2.022
0.0026155174355642595,2.023
0.0031435652283211967,2.024
0.0033857281946124656,2.025
0.003381675479804884,2.026
0.003176939003905754,2.027
0.002825337281303961,2.028
0.0023963001363653132,2.029
0.0019864662399382664,2.03
0.001703011796215009,2.031
0.0016048993235355817,2.032
0.0016398863766063896,2.033
0.0016360378055760045,2.034
0.0013871179532371017,2.035
0.0007886904360476076,2.036
-0.00010131981868697674,2.037
-0.001134539393682984,2.038
-0.002172147477194942,2.039
-0.003100727553538293,2.04
-0.0037976502174165835,2.041
-0.004134885535214782,2.042
-0.004026160288092379,2.043
-0.00346366729421366,2.044
-0.0025133765590574252,2.045
-0.001286025655598602,2.046
8.213944125138231e-05,2.047
0.001436869561914947,2.048
0.0026191655413264395,2.049
0.003482691551418043,2.05
0.0039043727783938825,2.051
0.003793303453878012,2.052
0.003119548122507078,2.053
0.0019584310170775196,2.054
0.000502423743005795,2.055
-0.0009843690051533369,2.056
-0.0022346275962673544,2.057
-0.0030313080837705134,2.058
-0.0032420292882911054,2.059
-0.0028432615673123856,2.06
-0.0019399764837565697,2.061
-0.0007627184814010966,2.062
0.0003927319357405486,2.063
0.001264474992922982,2.064
0.001693055745875681,2.065
0.0016384988024549007,2.066
0.001172888060112049,2.067
0.00045107819677107393,2.068
-0.0003379304119354866,2.069
-0.0010148672507025041,2.07
-0.0014464340726779653,2.071
-0.0015753334926586527,2.072
-0.001420905701657023,2.073
-0.0010471008688904117,2.074
-0.0005321356043462849,2.075
4.5546553179744335e-05,2.076
0.0006207615393027319,2.077
0.0011493560984006403,2.078
0.0015968725604855992,2.079
0.001920501243902605,2.08
0.0020611265375148438,2.081
0.0019625988229007747,2.082
0.001617607668484734,2.083
0.0010912983243507764,2.084
0.0004958663539709473,2.085
-4.7134341414767876e-05,2.086
-0.0004395421814213844,2.087
-0.0006431777617462845,2.088
-0.0006854746988300045,2.089
-0.0006100494117599619,2.09
-0.00042809181485078387,2.091
-0.00012976689049515493,2.092
0.0002668637509666774,2.093
0.0006938836091152414,2.094
0.0010534790957588628,2.095
0.0012444663148616936,2.096
0.0011825003454275773,2.097
0.0008272415822852809,2.098
0.00020797608292935887,2.099
-0.000572323681864455,2.1
-0.0013537493655113417,2.101
-0.0019509997293050544,2.102
-0.0022041635292966008,2.103
-0.0020433454453685,2.104
-0.0015409965070941809,2.105
-0.0009092273576190065,2.106
-0.0004087220894284914,2.107
-0.0002142942487871318,2.108
-0.0003421810854524405,2.109
-0.0006760745480294024,2.11
-0.0010369171069484063,2.111
-0.0012397087417299263,2.112
-0.0011315056849014564,2.113
-0.0006323326766852398,2.114
0.00022662648538548157,2.115
0.0012980112432555526,2.116
0.0023493844033000586,2.117
0.00310238587188533,2.118
0.003274028534524965,2.119
0.0026514239077437838,2.12
0.0011977815594913916,2.121
-0.0008887397104187575,2.122
-0.003224473728762592,2.123
-0.005352747048051416,2.124
-0.006846175270883205,2.125
-0.007382944895357196,2.126
-0.0068000913671176595,2.127
-0.005118449035626102,2.128
-0.002540847501427106,2.129
0.0005752216787336202,2.13
0.0037713514386749406,2.131
0.006567927520164058,2.132
0.008571783280488337,2.133
0.009583180450857718,2.134
0.009624750853253927,2.135
0.008857644102013323,2.136
0.007465579365323131,2.137
0.00560789359304035,2.138
0.0034499103580840707,2.139
0.001202640238453256,2.14
-0.0008914985482822886,2.141
-0.002625347757405785,2.142
-0.0038875208931301603,2.143
-0.004663843016742638,2.144
-0.004993424645384789,2.145
-0.004934597429619093,2.146
-0.004553159055149232,2.147
-0.003922526151290371,2.148
-0.003139090086997543,2.149
-0.0023248232059087707,2.15
-0.0015922108005586703,2.151
-0.0010127195114991861,2.152
-0.0006270721203115108,2.153
-0.0004605124737428881,2.154
-0.0005046283108438642,2.155
-0.0006973456141658358,2.156
-0.0009338135251784755,2.157
-0.001088586531276439,2.158
-0.0010323267380336597,2.159
-0.0006614245937273256,2.16
5.162333322859745e-05,2.161
0.0010215018705083585,2.162
0.0020612123219077927,2.163
0.0029359411209868404,2.164
0.00342858962906779,2.165
0.003381585410044726,2.166
0.00271095045205135,2.167
0.0014255041081309547,2.168
-0.00035037992308297486,2.169
-0.0023870006903103217,2.17
-0.0043817314983101655,2.171
-0.0059840751917673435,2.172
-0.006833447246375499,2.173
-0.00664044962975605,2.174
-0.005291401900967441,2.175
-0.0029110728575765924,2.176
0.00015454973980009757,2.177
0.003413888250867969,2.178
0.006337108698245437,2.179
0.008472341118125667,2.18
0.009526244799111886,2.181
0.009401073954855085,2.182
0.00822236314316438,2.183
0.006324744678561136,2.184
0.004138036511123899,2.185
0.002031432806468342,2.186
0.00021942856544828463,2.187
-0.0012470022207788979,2.188
-0.0024255023787756705,2.189
-0.0033909442958466505,2.19
-0.004156000935885032,2.191
-0.004652357829648775,2.192
-0.004780919447853544,2.193
-0.004486054556430535,2.194
-0.003801781064881795,2.195
-0.0028590967402006636,2.196
-0.0018562026182136874,2.197
-0.0010013241871020537,2.198
-0.00045769874745246443,2.199
-0.000299016520957944,2.2
-0.0004780833444735141,2.201
-0.0008344328230934573,2.202
-0.0011499469893154932,2.203
-0.0012261964390428105,2.204
-0.0009536101769877332,2.205
-0.00035294886936983514,2.206
0.00043489001239110334,2.207
0.0012141594473931924,2.208
0.001812116179703091,2.209
0.002125179895219954,2.21
0.0021286006909183256,2.211
0.0018660567149744317,2.212
0.001429331411154089,2.213
0.0009298501623928271,2.214
0.0004617917540173312,2.215
7.208483728611865e-05,2.216
-0.00023404190349115016,2.217
-0.00045481767691102115,2.218
-0.0005604387314586217,2.219
-0.0005033429604272483,2.22
-0.00026667842164886525,2.221
0.00010124423719003498,2.222
0.0005089058391741365,2.223
0.0008723755911122379,2.224
0.0011427409343359408,2.225
0.0013013773029920586,2.226
0.0013421145532377702,2.227
0.0012521311397602078,2.228
0.0010035491580995862,2.229
0.0005687696294724829,2.23
-5.2888472236561486e-05,2.231
-0.0008333838458158691,2.232
-0.0017370431251167503,2.233
-0.0027185133068377333,2.234
-0.0036923057752747384,2.235
-0.004509222821068402,2.236
-0.004957346860645661,2.237
-0.004802438747513501,2.238
-0.0038725940458856326,2.239
-0.0021483248013647437,2.24
0.00018906401890314876,2.241
0.0027685175568629454,2.242
0.005099875000786112,2.243
0.006705821438174891,2.244
0.007288695888919199,2.245
0.006838627927213749,2.246
0.005602162266186642,2.247
0.003946153710677922,2.248
0.002214572074326942,2.249
0.0006436094216898532,2.25
-0.00064417971063981,2.251
-0.0015956839343372361,2.252
-0.0021967075318352403,2.253
-0.0024785436096592755,2.254
-0.002529357661069784,2.255
-0.002481347329802586,2.256
-0.0024698747137621565,2.257
-0.0025814591712151193,2.258
-0.00281775962368277,2.259
-0.0030861682316180167,2.26
-0.003223492481992506,2.261
-0.00306693088408828,2.262
-0.0025395714277051196,2.263
-0.0016861330979974199,2.264
-0.0006527519797052237,2.265
0.0003642111759542403,2.266
0.0011838344683075407,2.267
0.0016802478118280412,2.268
0.0017887529305322016,2.269
0.0015274641377590282,2.27
0.0010242981705149256,2.271
0.0004950720631232506,2.272
0.0001827123171872087,2.273
0.00028629682681403473,2.274
0.0008884454003726718,2.275
0.0019100296221246382,2.276
0.0031139415348240464,2.277
0.004154651213048733,2.278
0.0046715102692587475,2.279
0.004406493522300088,2.28
0.003300639662660103,2.281
0.0015308574036418448,2.282
-0.0005288239895870867,2.283
-0.0024131961632217857,2.284
-0.003705166814723823,2.285
-0.004160697186641054,2.286
-0.0037689288400157505,2.287
-0.0027244072224230326,2.288
-0.0013457153306718353,2.289
4.9469362147459534e-06,2.29
0.0009887635947258158,2.291
0.001363334643712629,2.292
0.0010548564602415422,2.293
0.00018567534198968099,2.294
-0.0009640112100207984,2.295
-0.0020341557496097954,2.296
-0.002687558389462505,2.297
-0.002724156322765676,2.298
-0.0021496298497028217,2.299
-0.0011606057081868478,2.3
-6.292137009930045e-05,2.301
0.0008467679063013966,2.302
0.0013855048169079775,2.303
0.0015111720163983224,2.304
0.0012670463311828032,2.305
0.0007214113641964669,2.306
-3.0300572308207486e-05,2.307
-0.000833723032642487,2.308
-0.0014872364471959197,2.309
-0.0018032647768068616,2.31
-0.0016670802291140286,2.311
-0.0010594059384826295,2.312
-5.6347198014408264e-05,2.313
0.0011785014452876967,2.314
0.002425015726926662,2.315
0.003462169940576348,2.316
0.00411764474904687,2.317
0.004291051934737833,2.318
0.003954224442151069,2.319
0.0031424026057859495,2.32
0.0019499279415998419,2.321
0.0005256336705644201,2.322
-0.000947589186245765,2.323
-0.0022918902752940775,2.324
-0.003374278895834847,2.325
-0.004113642866845809,2.326
-0.004453641739129206,2.327
-0.004350344028183063,2.328
-0.0037942184887133426,2.329
-0.0028318371604033796,2.33
-0.0015667781283542272,2.331
-0.0001468293976490631,2.332
0.001259469360072004,2.333
0.00249165386453818,2.334
0.003415662750259937,2.335
0.003933408643452444,2.336
0.003998079942495334,2.337
0.0036270738041051594,2.338
0.0029038141146379773,2.339
0.0019703452477814742,2.34
0.0009980902343387809,2.341
0.00013460289836286839,2.342
-0.0005419561483752304,2.343
-0.0010238364700226156,2.344
-0.0013362097836351046,2.345
-0.001513873242717767,2.346
-0.0016107964596626236,2.347
-0.0016981006801197716,2.348
-0.0018280836848786355,2.349
-0.0020049627066474063,2.35
-0.002201255433751624,2.351
-0.0023872656442171718,2.352
-0.0025220656981134308,2.353
-0.0025382072364937606,2.354
-0.0023772268211769794,2.355
-0.0020431365550987643,2.356
-0.0016091541245057005,2.357
-0.001177567330474614,2.358
-0.0008286843062845373,2.359
-0.0005805148639012336,2.36
-0.0003730715846513381,2.361
-9.585519829180227e-05,2.362
0.0003512193264403935,2.363
0.0010155603153722075,2.364
0.0018891821731421856,2.365
0.002911207107907729,2.366
0.003971136530726736,2.367
0.004948465222914969,2.368
0.00576999673630175,2.369
0.006408078738069311,2.37
0.006811539990790498,2.371
0.0068655183500536295,2.372
0.006433936567460371,2.373
0.0054303321318214725,2.374
0.003865357545803798,2.375
0.0018630373578298368,2.376
-0.00036099127654496066,2.377
-0.0025552346800034446,2.378
-0.0044984018828958085,2.379
-0.0060479362276973266,2.38
-0.007149944687455642,2.381
-0.007815936686504004,2.382
-0.008091587126895124,2.383
-0.008033090402280106,2.384
-0.007690432307151615,2.385
-0.00709217149274783,2.386
-0.006239028530652316,2.387
-0.005118829015886422,2.388
-0.0037384948419371586,2.389
-0.0021514561297820045,2.39
-0.0004578933473535376,2.391
0.0012190756440880908,2.392
0.0027571927971957295,2.393
0.004047751538332225,2.394
0.005002669785137144,2.395
0.005560126314211183,2.396
0.005691719010811183,2.397
0.005417896425316924,2.398
0.004823511897628832,2.399
0.00404939081178421,2.4
0.0032534890290312445,2.401
0.0025573460622462137,2.402
0.002008423740977309,2.403
0.0015925294406241586,2.404
0.0012805859461118019,2.405
0.0010556849463562177,2.406
0.0009033363620964467,2.407
0.0007879291176834285,2.408
0.0006425594342233707,2.409
0.0003797114814041209,2.41
-8.369213026241683e-05,2.411
-0.0007845711417976055,2.412
-0.0016712146926695706,2.413
-0.00260059338699179,2.414
-0.003385562827803872,2.415
-0.003860317192475685,2.416
-0.0039236454065003,2.417
-0.003546146428134909,2.418
-0.0027672757510975006,2.419
-0.0016984219206565884,2.42
-0.0005131570021800171,2.421
0.0005918635018035202,2.422
0.0014522708475599138,2.423
0.001969397907161921,2.424
0.0021072645385664217,2.425
0.001883124187329832,2.426
0.0013656268552304288,2.427
0.000658434813877616,2.428
-0.00013563277784650274,2.429
-0.0009405956769520978,2.43
-0.0016903611547239008,2.431
-0.002271292878645061,2.432
-0.002489999331841724,2.433
-0.0021352019529013093,2.434
-0.0011048534647318611,2.435
0.0005083417573920894,2.436
0.002424991951287633,2.437
0.004243842946779946,2.438
0.005545918646867906,2.439
0.006026350626589819,2.44
0.005575603610112849,2.441
0.004269526016160534,2.442
0.0023192974173057365,2.443
2.303018930473365e-05,2.444
-0.002287521574583421,2.445
-0.004316497565339397,2.446
-0.00586041232805867,2.447
-0.006811523044871249,2.448
-0.007132161387764933,2.449
-0.006843272169438679,2.45
-0.006017738035526581,2.451
-0.0047602254180291,2.452
-0.0031928131131320585,2.453
-0.0014682336072364614,2.454
0.00022247564807604053,2.455
0.0016889561755753474,2.456
0.0027954540763214008,2.457
0.0034837446059095526,2.458
0.0037694023102697086,2.459
0.0037361185259186754,2.46
0.0035340002381420463,2.461
0.0033483842400995243,2.462
0.003312651749654107,2.463
0.0034210803609594103,2.464
0.0035341843959001847,2.465
0.003472734458075949,2.466
0.003106166141364028,2.467
0.0023968172322781423,2.468
0.0014242339963112269,2.469
0.0003720984486020165,2.47
-0.0005457924851311245,2.471
-0.0011781406562713375,2.472
-0.0014881522735635865,2.473
-0.0015513197117401132,2.474
-0.0015167024148711218,2.475
-0.0015456498862717078,2.476
-0.0017439458396689617,2.477
-0.0021175518734459944,2.478
-0.002576700088043868,2.479
-0.002977394483760681,2.48
-0.0031624676217210878,2.481
-0.0029960168783549667,2.482
-0.0024116792951990543,2.483
-0.0014533430817215132,2.484
-0.00026605390880301156,2.485
0.0009562826007291957,2.486
0.0020245886202041544,2.487
0.002787042492257294,2.488
0.003148628086198365,2.489
0.00309417442103021,2.49
0.0027054006813219088,2.491
0.002137278065567451,2.492
0.0015503176017552134,2.493
0.0010412346175613192,2.494
0.000606272771259694,2.495
0.00015324468777307262,2.496
-0.00043063011130467857,2.497
-0.0011873795923512823,2.498
-0.0020286344013201703,2.499
-0.0027428016426255517,2.5
-0.0030762179853199632,2.501
-0.00285368907506237,2.502
-0.0020697111563090054,2.503
-0.000902031426438267,2.504
0.0003519005288086245,2.505
0.0013809520209060182,2.506
0.0019563964746398673,2.507
0.00197754694172251,2.508
0.0014722240321271562,2.509
0.0005824412442218803,2.51
-0.0004649923944066909,2.511
-0.0014199242004691228,2.512
-0.002081113714232244,2.513
-0.002343962661701502,2.514
-0.0022122429357713806,2.515
-0.0017776495586184847,2.516
-0.0011809575270739785,2.517
-0.0005704950029036056,2.518
-6.615705104726323e-05,2.519
0.0002665983602443655,2.52
0.00042640157613973106,2.521
0.0004664742176229432,2.522
0.0004675190521806069,2.523
0.0004998038639701905,2.524
0.0005992153844537984,2.525
0.0007725852681008071,2.526
0.0010088694312006242,2.527
0.0012793847522928855,2.528
0.001543684948535614,2.529
0.001759382766575651,2.53
0.0018760903462055145,2.531
0.0018290087859415454,2.532
0.0015618489190602624,2.533
0.0010707649137662628,2.534
0.00042823623813431616,2.535
-0.00023800653226460197,2.536
-0.0007921365989081725,2.537
-0.0011276105753413711,2.538
-0.0011791452364296642,2.539
-0.0009216992218312577,2.54
-0.00037770489929714795,2.541
0.00036563099243158974,2.542
0.00115755956998272,2.543
0.0018276702623016264,2.544
0.0022518160644962155,2.545
0.002394859438487667,2.546
0.002298707299080132,2.547
0.0020250208442266077,2.548
0.0016116218012002285,2.549
0.0010808738756034853,2.55
0.0004612771536403383,2.551
-0.00022227814022007564,2.552
-0.0009695699914837291,2.553
-0.001795384203600183,2.554
-0.002691545650114251,2.555
-0.0035967115660205046,2.556
-0.004396151558731437,2.557
-0.004946991526867546,2.558
-0.0051090801924104645,2.559
-0.004774415649102233,2.56
-0.003912972622398949,2.561
-0.002622259086460528,2.562
-0.0011165520916469787,2.563
0.00036026835390180794,2.564
0.0016157597322443208,2.565
0.0025139906717163677,2.566
0.0029446644354027937,2.567
0.0028400032701593777,2.568
0.002241650545457542,2.569
0.001333908143665979,2.57
0.00039080863332554926,2.571
-0.00031907100444227796,2.572
-0.0006094334561965696,2.573
-0.0004214104598368544,2.574
0.00017726112708068087,2.575
0.0010391796479208128,2.576
0.0019817768743855906,2.577
0.002814241889359417,2.578
0.0033765689260122638,2.579
0.0035812897525255736,2.58
0.003421405937640867,2.581
0.002942475343761254,2.582
0.0021989755288323695,2.583
0.0012193515476548798,2.584
1.8426843888648457e-05,2.585
-0.0013361760167774704,2.586
-0.0026740106054036154,2.587
-0.0037612314655528743,2.588
-0.004400229447286987,2.589
-0.004501188394006028,2.59
-0.004091177789801046,2.591
-0.0032855418414298133,2.592
-0.002250063650382348,2.593
-0.0011644140661290615,2.594
-0.00018868171389219615,2.595
0.0005653987355457126,2.596
0.0010576907120192246,2.597
0.0013267936586462865,2.598
0.0014604918480283448,2.599
0.0015416233572636768,2.6
0.0016129773670342938,2.601
0.001669380575400183,2.602
0.001663237465602709,2.603
0.0015282056505177418,2.604
0.0012104092032394526,2.605
0.0006966526909336834,2.606
4.721190576638573e-05,2.607
-0.0005941501376342573,2.608
-0.0010472166489263128,2.609
-0.0011718617244196102,2.61
-0.0009191982616813945,2.611
-0.00033776238312461794,2.612
0.00045189720654105974,2.613
0.0012960427386347066,2.614
0.0020487961561679907,2.615
0.002609077744699533,2.616
0.002932271241248407,2.617
0.0030043628631963313,2.618
0.002813383196630422,2.619
0.002339971794169948,2.62
0.0015532911504557852,2.621
0.0004280893650599004,2.622
-0.000999144887092968,2.623
-0.002574036565084484,2.624
-0.004026133694145205,2.625
-0.005044636134923439,2.626
-0.005391967131264662,2.627
-0.004994046072907861,2.628
-0.003963558001412793,2.629
-0.0025594484779226305,2.63
-0.0011135870263746395,2.631
5.66361881116362e-05,2.632
0.000744114387812517,2.633
0.0009193301178296697,2.634
0.0007097302778540146,2.635
0.000300873797611819,2.636
-0.00015582730775849077,2.637
-0.0005739414392275539,2.638
-0.0009207467855809005,2.639
-0.0011966517936897072,2.64
-0.001405086520052612,2.641
-0.0015135613812097494,2.642
-0.0014355590071703798,2.643
-0.001063133152987371,2.644
-0.0003333698026878632,2.645
0.0007288833222066152,2.646
0.0020142494855431396,2.647
0.0033525251204074677,2.648
0.004540790221260038,2.649
0.005379150733082882,2.65
0.005718175687885911,2.651
0.0055019918654495535,2.652
0.004780691383033399,2.653
0.0036929967895032055,2.654
0.002432628253295682,2.655
0.0012076591104511962,2.656
0.0002060500026409159,2.657
-0.0004281754843573514,2.658
-0.0006207965098666229,2.659
-0.0004081012809986361,2.66
3.383224716534264e-05,2.661
0.000425871373726179,2.662
0.0004971304862511833,2.663
0.00010099690836876899,2.664
-0.0007516080731654707,2.665
-0.0019402186456769362,2.666
-0.003282373177707658,2.667
-0.00455579406268439,2.668
-0.005539434199673623,2.669
-0.0060762814578969055,2.67
-0.006117467281474055,2.671
-0.005719940160742403,2.672
-0.004997230995506253,2.673
-0.00406092983908899,2.674
-0.002995303604094439,2.675
-0.0018631817564180695,2.676
-0.0007185807158991934,2.677
0.000379504636983105,2.678
0.0013544414173619044,2.679
0.002119699586216979,2.68
0.002611384634502918,2.681
0.0028285364013862393,2.682
0.0028599640959978407,2.683
0.0028649566105504926,2.684
0.002998022116310575,2.685
0.003329234262526948,2.686
0.0038156508250514662,2.687
0.004320019888981019,2.688
0.004654662205295366,2.689
0.004647971744053009,2.69
0.0042093050053679405,2.691
0.0033510878262622504,2.692
0.002171340060300705,2.693
0.0008248473345353753,2.694
-0.0005147614572924421,2.695
-0.0017016090138397579,2.696
-0.0026499835189316154,2.697
-0.0033326315763999056,2.698
-0.0037565546001757356,2.699
-0.003945692630176937,2.7
-0.003928526543033385,2.701
-0.0037097835802136804,2.702
-0.003252312498116937,2.703
-0.0025215991961434095,2.704
-0.0015723288675968926,2.705
-0.0005803341208491879,2.706
0.00023336447012320893,2.707
0.0007275580035224218,2.708
0.0009073136315858696,2.709
0.0009001511250548103,2.71
0.0008894761980951808,2.711
0.0010275686949392045,2.712
0.0013509971222136804,2.713
0.0017603713076070134,2.714
0.002083191880315302,2.715
0.0021703594894004505,2.716
0.001961887115662932,2.717
0.0014965985618169888,2.718
0.0008836266094366256,2.719
0.00025513635384061685,2.72
-0.0002791914468022339,2.721
-0.0006541341564399108,2.722
-0.0008536118074046169,2.723
-0.000911367777011113,2.724
-0.000900235075965008,2.725
-0.0009075260139242124,2.726
-0.001004971827098928,2.727
-0.0012213666903659426,2.728
-0.0015267904460986208,2.729
-0.0018318835810352749,2.73
-0.0020097159070055046,2.731
-0.0019426647100568568,2.732
-0.0015739908241300868,2.733
-0.0009378586917982551,2.734
-0.00014515162427296022,2.735
0.0006691367827868985,2.736
0.0013903355453118757,2.737
0.0019346905305701355,2.738
0.0022506979774298027,2.739
0.0023273130357440927,2.74
0.0021888832184993744,2.741
0.0018763282486353049,2.742
0.0014462250556924786,2.743
0.000978440887983346,2.744
0.000553532415662058,2.745
0.00021643266924500606,2.746
-3.819011347095829e-05,2.747
-0.00026408577060096423,2.748
-0.0005409576454998418,2.749
-0.0009255408608740043,2.75
-0.00141753666340106,2.751
-0.0019652585253546184,2.752
-0.0024824638884486843,2.753
-0.002853097337319315,2.754
-0.002933094331414019,2.755
-0.0025770842592880553,2.756
-0.0017071036586375021,2.757
-0.0003921452769161091,2.758
0.001127045001020266,2.759
0.0025042706957214365,2.76
0.003419929360819976,2.761
0.0037046029272929295,2.762
0.0033754090509674215,2.763
0.0025756003020334906,2.764
0.0014869542047143624,2.765
0.0002824839975237303,2.766
-0.0008765296523730525,2.767
-0.0018354294307541012,2.768
-0.002455063842728002,2.769
-0.002639100747862334,2.77
-0.0023725105858938026,2.771
-0.0017412763026031868,2.772
-0.0009024755636211961,2.773
-1.3917968714763874e-05,2.774
0.0008155613767812486,2.775
0.0015148633545425793,2.776
0.0020220443286347784,2.777
0.0022882163374219563,2.778
0.002304513757760527,2.779
0.0021202727857421327,2.78
0.0018284549594516323,2.781
0.0015269723562377298,2.782
0.001291767654140957,2.783
0.0011690001449428944,2.784
0.0011647005527905558,2.785
0.0012319257941593336,2.786
0.0012757808504889733,2.787
0.0011793002031317043,2.788
0.0008370942408611296,2.789
0.00017986070848093186,2.79
-0.0008160199801694093,2.791
-0.0021133301165161774,2.792
-0.003588272245514725,2.793
-0.005019070130927956,2.794
-0.006107384066009224,2.795
-0.006551798720772694,2.796
-0.006171112297256249,2.797
-0.005002464837637792,2.798
-0.003297849201609409,2.799
-0.0014344973002721833,2.8
0.00020602268600690586,2.801
0.0013556839695579804,2.802
0.0019388867865582687,2.803
0.002076688262671926,2.804
0.0020061425050115775,2.805
0.0019532841736696616,2.806
0.0020402592691353516,2.807
0.0022695362783102914,2.808
0.0025574917441140237,2.809
0.0027864734074504256,2.81
0.0028580516454752543,2.811
0.002720858857963684,2.812
0.0023787612445204326,2.813
0.0019009141415778823,2.814
0.0014059300237720315,2.815
0.0010019115192472366,2.816
0.0007342797458950586,2.817
0.0005856811386518153,2.818
0.0005010427018308663,2.819
0.0004038636248168902,2.82
0.00021582703915588327,2.821
-0.00010630264052377651,2.822
-0.0005323471736177944,2.823
-0.0009577642129135714,2.824
-0.0012622305799872388,2.825
-0.0013772541994753512,2.826
-0.0013021791938869708,2.827
-0.0010795170666520648,2.828
-0.0007574149978340348,2.829
-0.00035774722493742,2.83
0.00011893028420089054,2.831
0.0006505588562403234,2.832
0.0011532642242290168,2.833
0.0014773519582424273,2.834
0.001440674074502602,2.835
0.0008896732449256299,2.836
-0.00021857738570818633,2.837
-0.0017581130862769064,2.838
-0.0034514049542183397,2.839
-0.0049457871192621645,2.84
-0.005911011736682635,2.841
-0.006133216536011666,2.842
-0.005564369087151049,2.843
-0.004303771446674467,2.844
-0.0025345999511652215,2.845
-0.00046747504042368764,2.846
0.0016726203169665642,2.847
0.003643646517293312,2.848
0.005209055414551001,2.849
0.006172909796796516,2.85
0.006412611638174104,2.851
0.005914803246792661,2.852
0.004786459389579695,2.853
0.0032236847113602885,2.854
0.0014788943353721859,2.855
-0.0001531661637565201,2.856
-0.0013743774644279544,2.857
-0.0019744482674130593,2.858
-0.0019160918787451734,2.859
-0.0013399450731642676,2.86
-0.0004902442238770584,2.861
0.00037928465234449295,2.862
0.0010638992145715616,2.863
0.0014290588867878653,2.864
0.001423365894409519,2.865
0.0010779199613597898,2.866
0.00047828432636134966,2.867
-0.00027104032988517,2.868
-0.0010636066995680041,2.869
-0.001785559707120415,2.87
-0.002309540976941566,2.871
-0.0025104235674199065,2.872
-0.002309971640591835,2.873
-0.0017390324041559489,2.874
-0.0009642278732621372,2.875
-0.0002300549039158199,2.876
0.0002491540949831134,2.877
0.0003672349456298036,2.878
0.00014322558959083131,2.879
-0.0003029911234741105,2.88
-0.0007952383502248803,2.881
-0.0011500193965657236,2.882
-0.0012249114962260847,2.883
-0.0009624930286975027,2.884
-0.00040862747235878056,2.885
0.00030089273749976875,2.886
0.0009745356534188748,2.887
0.0014182778115948752,2.888
0.0014970453273698721,2.889
0.0011794893875299729,2.89
0.000549711551355689,2.891
-0.0002132054961727846,2.892
-0.0008787814109344126,2.893
-0.00122096221466528,2.894
-0.0010789965977685031,2.895
-0.0004139553301638958,2.896
0.0006677780795658662,2.897
0.0019465425487542281,2.898
0.0031536241626236848,2.899
0.00401996134660421,2.9
0.004307884878369388,2.901
0.0038625948202070932,2.902
0.0026733820439802988,2.903
0.0008951286721952088,2.904
-0.0011937648262268605,2.905
-0.0032725152442984943,2.906
-0.0050531732743717,2.907
-0.006328987033828456,2.908
-0.006982611632719501,2.909
-0.006952013902704084,2.91
-0.006207733625446562,2.911
-0.0047822981039337,2.912
-0.0028078939659929255,2.913
-0.0005116103165856629,2.914
0.0018178638002784818,2.915
0.003858051997227334,2.916
0.005292931362452579,2.917
0.005901488246322056,2.918
0.005646864950219778,2.919
0.004689357091481596,2.92
0.003336107025116587,2.921
0.0019658411436607346,2.922
0.000924562091275639,2.923
0.00041805490448902275,2.924
0.0004631630579549524,2.925
0.0009165440634591073,2.926
0.0015478270114476756,2.927
0.0021145137578933277,2.928
0.002415660780750599,2.929
0.0023276253381737475,2.93
0.0018282697727373704,2.931
0.001002970506475742,2.932
1.8213475870971405e-05,2.933
-0.0009368617927977611,2.934
-0.0017052094030526356,2.935
-0.002188151280368437,2.936
-0.0023615197056284357,2.937
-0.002284795366025201,2.938
-0.0020817092453228633,2.939
-0.0018939274636358863,2.94
-0.001827644376808471,2.941
-0.0019131932893896209,2.942
-0.0020942332897761003,2.943
-0.0022521693682637216,2.944
-0.00225855356733072,2.945
-0.0020304037256194743,2.946
-0.0015651497828575636,2.947
-0.0009483077874515216,2.948
-0.00032819669508860413,2.949
0.00013435691184509766,2.95
0.00031851981856523476,2.951
0.00018155767032673327,2.952
-0.00022625495327137162,2.953
-0.0007695048086651998,2.954
-0.0012570051703279673,2.955
-0.0014943925188380584,2.956
-0.001347602217033305,2.957
-0.0007921120359430859,2.958
7.373540146509138e-05,2.959
0.0010560321898702369,2.96
0.0019218951203554908,2.961
0.0024693662958633366,2.962
0.002585926028320861,2.963
0.0022746077140600894,2.964
0.0016471628839420807,2.965
0.0008914517222398732,2.966
0.00022125811937730164,2.967
-0.00018460370247257586,2.968
-0.00023945334192004456,2.969
3.410675125301017e-05,2.97
0.0005432545116894761,2.971
0.001179344734704986,2.972
0.0018418158015258224,2.973
0.002435489907379833,2.974
0.002868964416012108,2.975
0.0030620812574652352,2.976
0.00295601062021674,2.977
0.002520302336416869,2.978
0.001753199684625676,2.979
0.0006828859227577337,2.98
-0.0006153583515714928,2.981
-0.001992868466305325,2.982
-0.003227098506508372,2.983
-0.004065353045830681,2.984
-0.0042948346680778265,2.985
-0.0038193053837048637,2.986
-0.002719806191499154,2.987
-0.001257132283577966,2.988
0.00020480761400310408,2.989
0.001314457484291789,2.99
0.0018280975706735205,2.991
0.0016651895251811892,2.992
0.0009205702079704628,2.993
-0.0001759527418196735,2.994
-0.0013392033868243496,2.995
-0.0023048563714226015,2.996
-0.0028753523485402148,2.997
-0.0029514098639528866,2.998
-0.0025587576559932476,2.999
-0.0018376464314192292,3.0
-0.0009801141100778219,3.001
-0.00014984219387396578,3.002
0.0005737373933767474,3.003
0.0012004104463908274,3.004
0.0017846903573677532,3.005
0.002368243014670099,3.006
0.0029428397933424022,3.007
0.003443922304827457,3.008
0.0037714933927154026,3.009
0.0038223909855444925,3.01
0.0035170495667074825,3.011
0.0028176356638992496,3.012
0.0017394625104135313,3.013
0.00036060901530397935,3.014
-0.0011680502492957782,3.015
-0.0026287191683605268,3.016
-0.0037729057164390834,3.017
-0.004385464118169947,3.018
-0.004361658446511385,3.019
-0.003753344109839449,3.02
-0.002742954721719603,3.021
-0.0015644147451211014,3.022
-0.0004225297740268305,3.023
0.000552724123326585,3.024
0.001304737918215001,3.025
0.0018235214549852316,3.026
0.002131075193596154,3.027
0.002279212549168783,3.028
0.002328000612795327,3.029
0.0023034776925541403,3.03
0.0021751101019312252,3.031
0.0018864080778008313,3.032
0.0014148057292319423,3.033
0.0007977469150972496,3.034
0.00010964863674675673,3.035
-0.0005694848074864498,3.036
-0.0011718274962765809,3.037
-0.001656780841224087,3.038
-0.0020195047666008116,3.039
-0.002272118268706169,3.04
-0.0024103863478644474,3.041
-0.002404755871439964,3.042
-0.0022225094655850034,3.043
-0.0018592526422038203,3.044
-0.0013586991928916572,3.045
-0.0008054844912202028,3.046
-0.0002947532602921087,3.047
9.990759169983944e-05,3.048
0.0003435459381528927,3.049
0.0004403921180459796,3.05
0.00042159000222797503,3.051
0.0003209681525489806,3.052
0.00014815184499276306,3.053
-0.00011197372572684546,3.054
-0.00045666874088596686,3.055
-0.0008195225639877673,3.056
-0.0010694269492436367,3.057
-0.001047428631309392,3.058
-0.000621005251051414,3.059
0.00025820463504088196,3.06
0.0015256776657256003,3.061
0.0030160584315595657,3.062
0.004496944448976769,3.063
0.005713465904919945,3.064
0.006433536477015404,3.065
0.006495676166860992,3.066
0.005865155887668596,3.067
0.0046544223000236605,3.068
0.003070032620811252,3.069
0.0013285281904262833,3.07
-0.00039258839986321196,3.071
-0.001956472695198611,3.072
-0.0032628020002302945,3.073
-0.0042583149284520306,3.074
-0.004929034908937377,3.075
-0.005269697343457465,3.076
-0.005275303874754379,3.077
-0.004970037405238928,3.078
-0.004437320647222955,3.079
-0.0038112486076063478,3.08
-0.0032299645498231077,3.081
-0.0027857296891968955,3.082
-0.00250070952972085,3.083
-0.0023325259599001184,3.084
-0.0021974674129058777,3.085
-0.001995851766590485,3.086
-0.0016317878759293176,3.087
-0.0010355143515921113,3.088
-0.00018800599135106443,3.089
0.0008697579991434673,3.09
0.0020383886800728534,3.091
0.003164904394500644,3.092
0.00407435430470122,3.093
0.004626552278193858,3.094
0.004757968672044573,3.095
0.004494063964455916,3.096
0.003936595396282792,3.097
0.0032278212925328903,3.098
0.002508370150211995,3.099
0.0018854318310432261,3.1
0.0014122996919268436,3.101
0.001084587070704043,3.102
0.0008624120743610172,3.103
0.0006992903459803027,3.104
0.0005492145454776907,3.105
0.00036448087502299577,3.106
0.000109226091050398,3.107
-0.00022172271900499952,3.108
-0.0006029666235326873,3.109
-0.0009989913584955551,3.11
-0.0013819817865615995,3.111
-0.0017237156649942298,3.112
-0.001976745801612622,3.113
-0.0020935147691039362,3.114
-0.002078726556083687,3.115
-0.0020069122458500985,3.116
-0.0019771163905124706,3.117
-0.0020356743047529663,3.118
-0.0021255474024504733,3.119
-0.0021203905910596155,3.12
-0.0019211806258490414,3.121
-0.0015270686162117332,3.122
-0.0010305428322893513,3.123
-0.0005522775758171697,3.124
-0.00016881190701429748,3.125
0.00011572403408440029,3.126
0.0003429303207707328,3.127
0.0005491080918877752,3.128
0.000741295920441042,3.129
0.0009220369664732276,3.13
0.0011196562253335714,3.131
0.001382450940472582,3.132
0.0017457663428306707,3.133
0.002192009019246257,3.134
0.0026243627249787635,3.135
0.0028835441136519564,3.136
0.0028182232262747263,3.137
0.0023703158860052306,3.138
0.0016105044585378817,3.139
0.0007020220816060506,3.14
-0.00018003817185285677,3.141
-0.0009279396226719956,3.142
-0.0015232508249499416,3.143
-0.0019867161996555533,3.144
-0.0023184617421359625,3.145
-0.0024908436225089784,3.146
-0.002480470451872142,3.147
-0.0022906319699467145,3.148
-0.0019460699679272532,3.149
-0.0014764606694267746,3.15
-0.0009108547353368315,3.151
-0.0002865923190266264,3.152
0.0003467238030582691,3.153
0.0009425988009673365,3.154
0.001475492099458255,3.155
0.0019298402791631914,3.156
0.002260757762957578,3.157
0.002373057301280067,3.158
0.0021483217151026155,3.159
0.001500871323394299,3.16
0.00044623451137240763,3.161
-0.0008509387176453436,3.162
-0.002111008577862381,3.163
-0.0030443291163786065,3.164
-0.0034479262906358128,3.165
-0.00324937424430732,3.166
-0.0025044418314653454,3.167
-0.0013701816373065843,3.168
-6.21912980348857e-05,3.169
0.001196813021252821,3.17
0.002218737509437506,3.171
0.00287999222380445,3.172
0.0031418368071844116,3.173
0.0030477507877780608,3.174
0.0026936234555486353,3.175
0.00218751678049096,3.176
0.001620916246142137,3.177
0.0010491365156250704,3.178
0.0004755745341151483,3.179
-0.00012822890537970248,3.18
-0.0007627636855704375,3.181
-0.0013619959561399172,3.182
-0.0018121278685843249,3.183
-0.001997517081972238,3.184
-0.0018419256696576656,3.185
-0.0013438999804727526,3.186
-0.0005977150094377512,3.187
0.00021880816200771518,3.188
0.000893755903026387,3.189
0.0012551891484882897,3.19
0.0012292862660332796,3.191
0.0008440313110931641,3.192
0.00019169159164668655,3.193
-0.0006160107296427303,3.194
-0.0014744107571590637,3.195
-0.002272848979476844,3.196
-0.0028742914974409454,3.197
-0.0031433540951019473,3.198
-0.0029950720774074594,3.199
-0.0024053642221971774,3.2
-0.0013922423399706475,3.201
-1.4881101993689575e-05,3.202
0.001594118950344848,3.203
0.0032097674061408693,3.204
0.004563845820338938,3.205
0.0054400829108697014,3.206
0.005737561205632027,3.207
0.005463557602345019,3.208
0.004683116955977684,3.209
0.003474913883980862,3.21
0.0019241919483490059,3.211
0.00014047150854344315,3.212
-0.0017340227850581409,3.213
-0.0035350621347637495,3.214
-0.005096060546108726,3.215
-0.006265420731965902,3.216
-0.006923716363434336,3.217
-0.007013803291615895,3.218
-0.006569495035023528,3.219
-0.005708876997132757,3.22
-0.00459277838501621,3.221
-0.0033833776136405723,3.222
-0.0022148753174571372,3.223
-0.0011619413201146608,3.224
-0.00021672981186186612,3.225
0.0006986175890268203,3.226
0.001681007182538495,3.227
0.0027889085389577375,3.228
0.004020455139856859,3.229
0.005317851349397338,3.23
0.006563864264133233,3.231
0.0075988291682367835,3.232
0.008275345262830474,3.233
0.008489249906599432,3.234
0.008172837913328406,3.235
0.007298422169158801,3.236
0.005888731870974597,3.237
0.0040103412572158,3.238
0.001761933016107354,3.239
-0.0007195175178292059,3.24
-0.003230231217057086,3.241
-0.005495573494525617,3.242
-0.007237665651932243,3.243
-0.008269149671549474,3.244
-0.008535685441319125,3.245
-0.008109919305423033,3.246
-0.007168397835254774,3.247
-0.0059357339052605335,3.248
-0.004606477838911,3.249
-0.0033069380931319194,3.25
-0.002111718425441582,3.251
-0.0010764454745881824,3.252
-0.00025067354533581804,3.253
0.0003486590239615006,3.254
0.000777005359094987,3.255
0.00115907263300189,3.256
0.0016326009476554841,3.257
0.0022845766860716396,3.258
0.0031173802325729512,3.259
0.00404897694240183,3.26
0.004940776197554888,3.261
0.0056329890535278,3.262
0.005963557741379338,3.263
0.00578459057493684,3.264
0.00501149490477727,3.265
0.0036885257713697747,3.266
0.0019989906073922324,3.267
0.0001937779689629166,3.268
-0.0014992841883429953,3.269
-0.002922191522746386,3.27
-0.00398909515516387,3.271
-0.004668435738853568,3.272
-0.004962840378810745,3.273
-0.0049012916467299945,3.274
-0.004539169376721462,3.275
-0.003946729268478358,3.276
-0.0031796102208498664,3.277
-0.0022526410336036508,3.278
-0.0011526535157771248,3.279
0.00011278666306304291,3.28
0.0014812924529221502,3.281
0.00284189073419327,3.282
0.004054988144914128,3.283
0.004967014290662445,3.284
0.005430711937154457,3.285
0.005334471567434992,3.286
0.004642721300478559,3.287
0.0034400215700252567,3.288
0.0019248468474819549,3.289
0.0003313509591675101,3.29
-0.0011472605815880125,3.291
-0.0023779626024853485,3.292
-0.0032805517041425503,3.293
-0.0038290716799372635,3.294
-0.004052709356244711,3.295
-0.0040186155826676265,3.296
-0.0037986132798068658,3.297
-0.003434844818033913,3.298
-0.0029278965917556906,3.299
-0.00226806098147929,3.3
-0.001488602281783927,3.301
-0.0006778913292706482,3.302
6.939555624496159e-05,3.303
0.00070118458034216,3.304
0.0012092969641961829,3.305
0.0016066086674150345,3.306
0.0019087670910504252,3.307
0.002113065098812273,3.308
0.00217808912550755,3.309
0.002037304699211093,3.31
0.0016567350782962433,3.311
0.001087741035649383,3.312
0.00045813372390002174,3.313
-8.122442939002806e-05,3.314
-0.0003935957549816177,3.315
-0.00037268009350035645,3.316
2.7667723696551133e-05,3.317
0.0007583305820073191,3.318
0.001668787027312389,3.319
0.002534953482201954,3.32
0.0031083520231044407,3.321
0.0031855236796530955,3.322
0.0026819397436697477,3.323
0.00166631284225613,3.324
0.00032953083115731997,3.325
-0.0010887447977073412,3.326
-0.0023680821921042584,3.327
-0.003343257787135479,3.328
-0.003913333444173756,3.329
-0.004039447828105636,3.33
-0.003747233543896462,3.331
-0.0031305300741533513,3.332
-0.0023284873274523918,3.333
-0.0014699260964814143,3.334
-0.0006218899370068199,3.335
0.00021232460062565567,3.336
0.001038037916884907,3.337
0.001803467882181194,3.338
0.0023740978128961388,3.339
0.0025666597123555975,3.34
0.0022401927341703927,3.341
0.0014024348711354146,3.342
0.00025546884799448324,3.343
-0.0008684794936052856,3.344
-0.0016433385440423117,3.345
-0.0018654345671451533,3.346
-0.0015053668614835598,3.347
-0.0007050954410244288,3.348
0.000279381352868622,3.349
0.0011847616295706522,3.35
0.001843061799366588,3.351
0.002213929254895291,3.352
0.0023396891084743565,3.353
0.002274233855994263,3.354
0.002042149298224424,3.355
0.0016425673077823005,3.356
0.001062474531770448,3.357
0.0002876979373832344,3.358
-0.0006526286355405683,3.359
-0.001632817628518641,3.36
-0.0024540764180983575,3.361
-0.002934277136513918,3.362
-0.002971706881793025,3.363
-0.002557955258089059,3.364
-0.0017657757045706555,3.365
-0.0007334287754048946,3.366
0.00033531388653857146,3.367
0.0011848589314396563,3.368
0.0015803441006326956,3.369
0.0014130410470378865,3.37
0.0007630293476476995,3.371
-0.0001249777750428612,3.372
-0.0009294332443407185,3.373
-0.0013606701559136017,3.374
-0.0012624484487111912,3.375
-0.0006683542645773227,3.376
0.000219004690382741,3.377
0.0011122200656614042,3.378
0.0017418417297471634,3.379
0.0019396683629295394,3.38
0.0016769643405709865,3.381
0.0010454847036555513,3.382
0.00020135161483927113,3.383
-0.000685506884548547,3.384
-0.00145583512343252,3.385
-0.001979480694182143,3.386
-0.0021833759362914974,3.387
-0.002064477223770529,3.388
-0.0016696957926290287,3.389
-0.0010655489626442518,3.39
-0.0003180563985599197,3.391
0.0005154586207604585,3.392
0.0013766309965381712,3.393
0.002176795463309878,3.394
0.0027821943799870015,3.395
0.0030604831517715885,3.396
0.0029623005590251623,3.397
0.0025472688178649933,3.398
0.0019256599797855122,3.399
0.0011850131094457762,3.4
0.0003724064561546514,3.401
-0.00047288047782282006,3.402
-0.0012933799132734151,3.403
-0.002022868271925371,3.404
-0.0026087709851640257,3.405
-0.0030252470064250398,3.406
-0.003268604381087157,3.407
-0.0033326218266378676,3.408
-0.0031880372112019144,3.409
-0.0027967629451754747,3.41
-0.002150929350197437,3.411
-0.0012936971844351103,3.412
-0.0003049218924603168,3.413
0.0007239173012646829,3.414
0.0017113658490632954,3.415
0.0026064648532586067,3.416
0.003392957137042588,3.417
0.004063516523611352,3.418
0.004587491639589479,3.419
0.004908059486379754,3.42
0.004972251876633668,3.421
0.004761563093133714,3.422
0.004280365470198847,3.423
0.0035146742313037133,3.424
0.0024310997652854925,3.425
0.001020547477750386,3.426
-0.0006708601343423773,3.427
-0.0025310279289571256,3.428
-0.004377068440398499,3.429
-0.005981250912592858,3.43
-0.0071388972260672595,3.431
-0.0077278780404366944,3.432
-0.00771403396089232,3.433
-0.0071233629206114155,3.434
-0.006019876550440312,3.435
-0.00449259240565465,3.436
-0.002642569964084435,3.437
-0.0005933032313822845,3.438
0.0014620000739390996,3.439
0.003245228158673207,3.44
0.0044751071201430525,3.441
0.0049809447161953185,3.442
0.0047453400626330695,3.443
0.003883623721250326,3.444
0.002619376650997348,3.445
0.0012578551352518117,3.446
0.00012728718826670208,3.447
-0.0005152696031976111,3.448
-0.0005721492126329398,3.449
-0.00013221796559390926,3.45
0.0005839061494853218,3.451
0.0013260489812610837,3.452
0.001893769107030581,3.453
0.002171961821336008,3.454
0.0021529036771806573,3.455
0.0019363521719275112,3.456
0.0016893622564242044,3.457
0.0015722797472751847,3.458
0.001651180853596091,3.459
0.0018542695291853058,3.46
0.002010750286846643,3.461
0.0019420467850072894,3.462
0.001551525921402758,3.463
0.0008619069820762665,3.464
-1.952916704354959e-05,3.465
-0.000972619050098439,3.466
-0.0019206409013337266,3.467
-0.0028410810240802912,3.468
-0.0037263619350437214,3.469
-0.004526435553324147,3.47
-0.005130303944915313,3.471
-0.005405197272115876,3.472
-0.0052592138746500325,3.473
-0.004685755266136811,3.474
-0.003768310000885015,3.475
-0.0026516550932977057,3.476
-0.0014897076458684252,3.477
-0.00038446092354534213,3.478
0.0006406358173952237,3.479
0.001608084719170578,3.48
0.0025263060165732374,3.481
0.003346445648371794,3.482
0.003964006892315956,3.483
0.004269190667251817,3.484
0.004208037565245119,3.485
0.003812993154953466,3.486
0.0031966798833231217,3.487
0.002510493119221423,3.488
0.0018808577543945409,3.489
0.001364964232302733,3.49
0.0009544042288007951,3.491
0.0006108291983209236,3.492
0.00029891562598871504,3.493
-5.6172401225946254e-06,3.494
-0.00032895988065189443,3.495
-0.0007063937872723846,3.496
-0.0011620985908100123,3.497
-0.0016745933184713292,3.498
-0.0021685790041583997,3.499
-0.002549779566687367,3.5
-0.0027530380683901817,3.501
-0.002771437528348056,3.502
-0.002648040976090237,3.503
-0.0024338202142027087,3.504
-0.002155240042221086,3.505
-0.0018119104811688527,3.506
-0.001381693192555638,3.507
-0.0008354443615661106,3.508
-0.00016518794071126964,3.509
0.0006029126935160131,3.51
0.001418440051351827,3.511
0.0022172181612116182,3.512
0.002923263329084049,3.513
0.0034524769443558764,3.514
0.0037209357453605787,3.515
0.003652905552965965,3.516
0.003203134936474413,3.517
0.0024013321864495775,3.518
0.0013818181361627071,3.519
0.00034985117429630816,3.52
-0.0005150790148744464,3.521
-0.001148106944848493,3.522
-0.0016007513562955932,3.523
-0.001956931169291116,3.524
-0.002242976055936003,3.525
-0.0024126499432079334,3.526
-0.002407386694860121,3.527
-0.0022070872060826275,3.528
-0.0018188425922046518,3.529
-0.001255596034785272,3.53
-0.0005618760191584058,3.531
0.00015754285118038975,3.532
0.0007697993566327103,3.533
0.0011771980665359544,3.534
0.0013598194786407,3.535
0.0013890906885188098,3.536
0.0013956479437639852,3.537
0.0014901411585825967,3.538
0.0016988460734012247,3.539
0.0019578810364477596,3.54
0.0021359096816709017,3.541
0.0020621108754885864,3.542
0.0015765857890047714,3.543
0.0005897111042010108,3.544
-0.0008923977851971156,3.545
-0.0027693530179927744,3.546
-0.004839600830511679,3.547
-0.0067949958193078835,3.548
-0.008251691519832448,3.549
-0.008833802081112656,3.55
-0.008282891954164944,3.551
-0.0065315360855568785,3.552
-0.0037138501519765454,3.553
-0.00013970519028767253,3.554
0.003742475700259562,3.555
0.007400124955909264,3.556
0.010290212246105346,3.557
0.01194165991399061,3.558
0.01206587321011891,3.559
0.010686064927591658,3.56
0.008174781991962634,3.561
0.0051152426171154905,3.562
0.002075722163881665,3.563
-0.0005351455752954038,3.564
-0.0024910209594750615,3.565
-0.0037269915973796685,3.566
-0.004309028153245501,3.567
-0.00437902267922805,3.568
-0.004096251945048857,3.569
-0.003598430645861391,3.57
-0.002983739631667691,3.571
-0.0023156970870613146,3.572
-0.0016348002240386022,3.573
-0.0009643065772235936,3.574
-0.0003248528267044281,3.575
0.0002483458979523078,3.576
0.0007140530049606818,3.577
0.0010437666347990272,3.578
0.0012083700836297815,3.579
0.0011490157024886935,3.58
0.0007907417943984498,3.581
9.898354932955667e-05,3.582
-0.0008851092992967112,3.583
-0.0020559728773147613,3.584
-0.0032667695398183086,3.585
-0.004339051799430479,3.586
-0.005061050060010095,3.587
-0.005204454243648581,3.588
-0.004603299821759114,3.589
-0.0032690659886622977,3.59
-0.0014373126300997075,3.591
0.0005006154487524913,3.592
0.0021165593127936318,3.593
0.003048013336154976,3.594
0.0030715163427158638,3.595
0.002148337169788662,3.596
0.00042700397063685157,3.597
-0.0017964086852933295,3.598
-0.004105009444959603,3.599
-0.00595157520254365,3.6
-0.006710296238284538,3.601
-0.005864607251096285,3.602
-0.0032346458711057253,3.603
0.0009026600093906218,3.604
0.005856901425717567,3.605
0.010700926291485812,3.606
0.014501138402410943,3.607
0.01654125351682666,3.608
0.016517486183446665,3.609
0.01462549515454874,3.61
0.011452684642336262,3.611
0.00773592883754347,3.612
0.004116926819412239,3.613
0.0009874322310927453,3.614
-0.0015171551236933148,3.615
-0.003411228202469002,3.616
-0.004759144256356951,3.617
-0.0056413193875455535,3.618
-0.0061483583598444065,3.619
-0.006356073483748013,3.62
-0.006291490636501916,3.621
-0.005949224974680609,3.622
-0.005374526883767005,3.623
-0.004731460090613571,3.624
-0.004281869536147777,3.625
-0.004295619184589161,3.626
-0.004944614538712231,3.627
-0.006211964132431531,3.628
-0.007868297713733255,3.629
-0.009569186655599003,3.63
-0.011009108247818257,3.631
-0.011983755410285627,3.632
-0.012328942495803914,3.633
-0.011846208804308133,3.634
-0.010319883697313258,3.635
-0.0076428837109260165,3.636
-0.003952392481389014,3.637
0.00039167209891612613,3.638
0.005012843362688363,3.639
0.00969205318565955,3.64
0.014291930047349388,3.641
0.018507086229522723,3.642
0.0217536077050121,3.643
0.023371224228818085,3.644
0.022954068228140972,3.645
0.020556262418089288,3.646
0.01670861216122775,3.647
0.012234329051928606,3.648
0.007900334700416844,3.649
0.004122903131876541,3.65
0.0009364535490449797,3.651
-0.0018172995013701779,3.652
-0.00428770002756706,3.653
-0.006541288627174901,3.654
-0.008596375879399052,3.655
-0.010473881402172005,3.656
-0.012204767918658816,3.657
-0.013791462202699412,3.658
-0.015151260426701743,3.659
-0.016076693937435285,3.66
-0.01625352305535256,3.661
-0.015351474541741492,3.662
-0.013141521721587567,3.663
-0.009589178473735208,3.664
-0.004922444251497865,3.665
0.0003393930673459096,3.666
0.005447938719686849,3.667
0.009595128411431831,3.668
0.012137230562988391,3.669
0.012784533288150251,3.67
0.011685688235539848,3.671
0.009373437501301365,3.672
0.006572579235653205,3.673
0.003947342139948893,3.674
0.0019106560888160428,3.675
0.0005630055731272044,3.676
-0.0002359044540139821,3.677
-0.0007258361204799871,3.678
-0.001139968306338998,3.679
-0.0016547705138102108,3.68
-0.0023345016669571797,3.681
-0.003082267823929253,3.682
-0.0036840466618389186,3.683
-0.003940996659694858,3.684
-0.003768322334433655,3.685
-0.003188616303591601,3.686
-0.0022758732618663575,3.687
-0.0011194039410872903,3.688
0.0001931139166482661,3.689
0.0015824929004153508,3.69
0.00296087499242985,3.691
0.0042130664483719105,3.692
0.005218265238487832,3.693
0.005893305990528029,3.694
0.006208552650115511,3.695
0.0061703971866037205,3.696
0.005793282473308972,3.697
0.005078481847318034,3.698
0.004010601354975072,3.699
0.002581845579233338,3.7
0.0008306690670032305,3.701
-0.0011490209479180264,3.702
-0.0032473371629755427,3.703
-0.005384331956978866,3.704
-0.007496065135102087,3.705
-0.009458847288905219,3.706
-0.011046543348210655,3.707
-0.011987148916045291,3.708
-0.012056611585631774,3.709
-0.011131038620585194,3.71
-0.00920714615380059,3.711
-0.006417372969624268,3.712
-0.0030282164340900215,3.713
0.0006003974890296525,3.714
0.004107425065860908,3.715
0.007225171829716242,3.716
0.009790175351843927,3.717
0.011684371632855624,3.718
0.012790901195887347,3.719
0.012987305140816077,3.72
0.012167631135163705,3.721
0.010303756455111722,3.722
0.007524882241512902,3.723
0.0041528627487402376,3.724
0.0006598140236186079,3.725
-0.002413520460308814,3.726
-0.004544566460153011,3.727
-0.005347024056164483,3.728
-0.004711534058251895,3.729
-0.002874466483428438,3.73
-0.00035979032827404057,3.731
0.002138256028712931,3.732
0.0038767200633397984,3.733
0.004228729161918299,3.734
0.002873203201514387,3.735
-9.308788755970612e-05,3.736
-0.004157071049268146,3.737
-0.00848199292596417,3.738
-0.01210043404021343,3.739
-0.014192836664387278,3.74
-0.014326822516277513,3.741
-0.01252150881791202,3.742
-0.009153474493992354,3.743
-0.004819083797903635,3.744
-0.00021786954788450234,3.745
0.0039327017491389915,3.746
0.006990352220430609,3.747
0.008561221116716498,3.748
0.008685663764572119,3.749
0.007819192621171792,3.75
0.006544993240907071,3.751
0.0052390995735549385,3.752
0.003946156995044979,3.753
0.002520819294936353,3.754
0.0008838170807332259,3.755
-0.0008234568509913175,3.756
-0.002272639756329156,3.757
-0.003085337704359159,3.758
-0.002977252649175481,3.759
-0.0018654354757610258,3.76
9.987128647023376e-05,3.761
0.002574317128304516,3.762
0.005073496247359319,3.763
0.007030792074163857,3.764
0.007906372552268408,3.765
0.007363064599255714,3.766
0.005439117843091156,3.767
0.0025694162450682415,3.768
-0.0006147459491433872,3.769
-0.0035318568569427528,3.77
-0.0057452585861630925,3.771
-0.006964562054005027,3.772
-0.007082246989103754,3.773
-0.006229603071492216,3.774
-0.004771813608323633,3.775
-0.003208767878765584,3.776
-0.0020188089884286184,3.777
-0.0015117340072048503,3.778
-0.0017371549669585866,3.779
-0.0024774401333060364,3.78
-0.003335163419008911,3.781
-0.0038707229438050684,3.782
-0.0037054672418603296,3.783
-0.002575506528695192,3.784
-0.00040952241095897865,3.785
0.002573148802627683,3.786
0.00585877013981192,3.787
0.0087795539354299,3.788
0.010708534082049906,3.789
0.01119662084459566,3.79
0.010035394159185109,3.791
0.007293145434133801,3.792
0.0033333276038889225,3.793
-0.0012233192907472152,3.794
-0.00561356721452078,3.795
-0.009092215001504004,3.796
-0.011080967161131544,3.797
-0.011274485977772485,3.798
-0.009710805258834991,3.799
-0.006794922952679211,3.8
-0.00323863986785866,3.801
9.112939911815651e-05,3.802
0.0024090273632218643,3.803
0.0032858686877995594,3.804
0.002806297502636925,3.805
0.0014951216951698515,3.806
7.527224901144686e-05,3.807
-0.000801494711500591,3.808
-0.0007202642204134913,3.809
0.0004623437472050355,3.81
0.0026279556309330558,3.811
0.005419677105612944,3.812
0.008269992695012118,3.813
0.01042457136392184,3.814
0.011117281449907413,3.815
0.009957104624642478,3.816
0.007190916005360065,3.817
0.003542157044321841,3.818
-0.00020528156700063942,3.819
-0.0035299345137434547,3.82
-0.006240733914626513,3.821
-0.008322140270997883,3.822
-0.009742109582877608,3.823
-0.010423804021163942,3.824
-0.01034171780099048,3.825
-0.009540943956900196,3.826
-0.008061421896151255,3.827
-0.0059238907432960595,3.828
-0.003219400296563134,3.829
-0.00019308578234483292,3.83
0.002793277742652635,3.831
0.005407642629982947,3.832
0.007432681955459696,3.833
0.0086976382004456,3.834
0.009004011057261474,3.835
0.00820035519208858,3.836
0.006339611826148558,3.837
0.0037393045029638634,3.838
0.0008827456548230979,3.839
-0.0017457315039872572,3.84
-0.003785845441396296,3.841
-0.005055034692314433,3.842
-0.0055418670602950006,3.843
-0.005358799959478924,3.844
-0.004681273665475827,3.845
-0.003706032457098399,3.846
-0.002636876553967955,3.847
-0.0016626091129169106,3.848
-0.0009038626270747706,3.849
-0.00036717450613928717,3.85
4.3965363220129954e-05,3.851
0.00046968389967593085,3.852
0.0010377522459931524,3.853
0.0018353076450437526,3.854
0.0028763122227699737,3.855
0.00405691796968952,3.856
0.00517412556692633,3.857
0.006032057421938055,3.858
0.006522509537985418,3.859
0.006598961588674188,3.86
0.006192264443864934,3.861
0.005147797290967845,3.862
0.0032466463061658042,3.863
0.00034199106895318906,3.864
-0.0034349084833406253,3.865
-0.007537759532558273,3.866
-0.011089997504988956,3.867
-0.01318628142521337,3.868
-0.013225399958566768,3.869
-0.011097229070976216,3.87
-0.007180029790062048,3.871
-0.0022143776466962252,3.872
0.0028848177242841635,3.873
0.007269102146415285,3.874
0.01037450181670537,3.875
0.011976860055968533,3.876
0.012064676820504716,3.877
0.010679197195179214,3.878
0.00788761519812996,3.879
0.0039020969760684017,3.88
-0.0007797178341151624,3.881
-0.0053364264465488795,3.882
-0.008766905945563229,3.883
-0.010220323554633553,3.884
-0.009371779630693085,3.885
-0.006626374982667091,3.886
-0.0030225462241186833,3.887
0.00013950880834502996,3.888
0.0018027710750788328,3.889
0.0015759105960669012,3.89
-0.00012391889782706973,3.891
-0.002278769456226967,3.892
-0.0037447617725847484,3.893
-0.003766193305120321,3.894
-0.0022600623408194948,3.895
0.00025485097543967385,3.896
0.0029727540206382803,3.897
0.005103223539399415,3.898
0.0060478953365226485,3.899
0.0055680184527158545,3.9
0.003931404977804917,3.901
0.0018150788412175697,3.902
-4.5768690556261214e-05,3.903
-0.0011799957295074103,3.904
-0.0014794207516016242,3.905
-0.0011139071506015405,3.906
-0.00037766579003618714,3.907
0.000468352181432769,3.908
0.0013114541766694448,3.909
0.0021672354374381734,3.91
0.0030095664500156185,3.911
0.003602599937840984,3.912
0.0034966069590943883,3.913
0.002245810376087963,3.914
-0.00026027987402484266,3.915
-0.003618906652932798,3.916
-0.007020903348713421,3.917
-0.009514541266036626,3.918
-0.010295137843226918,3.919
-0.008970639605919425,3.92
-0.005715905184965631,3.921
-0.0012234209495790931,3.922
0.003534510087229245,3.923
0.007604630262419936,3.924
0.010271614649120221,3.925
0.01116143172093877,3.926
0.01028185382547106,3.927
0.007993515409438785,3.928
0.004886865221677097,3.929
0.0016404447060102462,3.93
-0.001107904543294017,3.931
-0.002909527647714538,3.932
-0.0036023938680330003,3.933
-0.0032945182541122635,3.934
-0.002288290860041906,3.935
-0.0009959827026084116,3.936
0.00014806996912313316,3.937
0.0007691962462455482,3.938
0.0006231858739526553,3.939
-0.00033537794578274963,3.94
-0.0019193465294915807,3.941
-0.0037656603946061838,3.942
-0.005455374837267751,3.943
-0.006626228342182667,3.944
-0.007061033160853391,3.945
-0.006740193949732003,3.946
-0.005828095622549461,3.947
-0.004604671448544931,3.948
-0.003364407065325152,3.949
-0.00227342394098187,3.95
-0.0012372111319569187,3.951
6.907929800635334e-05,3.952
0.0019331229964381373,3.953
0.004271597271440282,3.954
0.006551762417542959,3.955
0.008095128228254138,3.956
0.008489068994817812,3.957
0.00773623915785761,3.958
0.006139398565391619,3.959
0.004193582227779154,3.96
0.0025236351771823168,3.961
0.0016707493609247732,3.962
0.0017548506331467777,3.963
0.002300514195957763,3.964
0.002426249925915939,3.965
0.0013066855509006028,3.966
-0.0013851357547658364,3.967
-0.005277459604063162,3.968
-0.009389478617377442,3.969
-0.012479560105842157,3.97
-0.013491538418527134,3.971
-0.011869469228670198,3.972
-0.007706289943963712,3.973
-0.0017987478967364942,3.974
0.00445866745265005,3.975
0.009458331073420949,3.976
0.011982979228025997,3.977
0.011705306649581273,3.978
0.009219288801359107,3.979
0.005599485099241176,3.98
0.0018863946319112423,3.981
-0.0011575035483832703,3.982
-0.0030690115094222674,3.983
-0.0036973884596100525,3.984
-0.0032243791660159574,3.985
-0.002052001958928939,3.986
-0.0005812661798079821,3.987
0.0008901155001853915,3.988
0.002073194900994568,3.989
0.0026127786452037993,3.99
0.0022232687470469573,3.991
0.0009480229697494181,3.992
-0.0007428543836127065,3.993
-0.0021767100775908874,3.994
-0.0028323211000752494,3.995
-0.0025224897747205067,3.996
-0.0013559315836844177,3.997
0.0003604148457398575,3.998
0.0021880679510623744,3.999
0.0036449286781527483,4.0
0.004329624156410461,4.001
0.004004277747675932,4.002
0.0026095600512475946,4.003
0.00026558656021398474,4.004
-0.002718089468412761,4.005
-0.005845765966448154,4.006
-0.008479791133097476,4.007
-0.009963945187694941,4.008
-0.009828350163506064,4.009
-0.007983441333804724,4.01
-0.004782014390959977,4.011
-0.0009025457175800587,4.012
0.0028865808794914633,4.013
0.005950521846314951,4.014
0.00789835081895951,4.015
0.008607328975200178,4.016
0.00823452371438827,4.017
0.007151376725913565,4.018
0.005709399526820795,4.019
0.003985834302116133,4.02
0.0017748199873867504,4.021
-0.0011429439867048513,4.022
-0.004701244059350175,4.023
-0.008454066386309413,4.024
-0.01167669830189609,4.025
-0.01354075152539221,4.026
-0.013317470652013889,4.027
-0.01060798474622099,4.028
-0.005554927961446931,4.029
0.0010494384153844451,4.03
0.007837507858974812,4.031
0.013174582602224814,4.032
0.015675431871227198,4.033
0.01474518874071949,4.034
0.010833868608611533,4.035
0.005215664634472622,4.036
-0.0005370425940199164,4.037
-0.0050318039226206306,4.038
-0.007323340972675046,4.039
-0.0070283147054125365,4.04
-0.004365221302224792,4.041
-0.00010191839771742339,4.042
0.004671621133345195,4.043
0.008901880804983244,4.044
0.01181924232737716,4.045
0.012942749642127788,4.046
0.012038289925498612,4.047
0.009212392187869102,4.048
0.004972086036496643,4.049
4.806917654388258e-05,4.05
-0.004864809937772733,4.051
-0.00920394732901245,4.052
-0.01251033506188239,4.053
-0.01445822269699098,4.054
-0.014946332662811625,4.055
-0.014094145711722714,4.056
-0.012129910109571873,4.057
-0.009331260787871684,4.058
-0.0060754297218842575,4.059
-0.0028817713414070515,4.06
-0.00034522356459563074,4.061
0.0010324588066011877,4.062
0.0010534932547221027,4.063
-2.390371788022166e-05,4.064
-0.0015206995094709608,4.065
-0.002590311768295151,4.066
-0.0025648773424739287,4.067
-0.00123847539834301,4.068
0.0010281017079902066,4.069
0.0034616605212275425,4.07
0.005259982210923227,4.071
0.0060342397001004805,4.072
0.006068340813619551,4.073
0.006203209922645099,4.074
0.007376151146208402,4.075
0.01006457773772536,4.076
0.013905322862590157,4.077
0.017681235392257445,4.078
0.01975867489495854,4.079
0.018845544662434585,4.08
0.014659787052719355,4.081
0.008049058675973145,4.082
0.000520203028569967,4.083
-0.006419384149428187,4.084
-0.011753432760223547,4.085
-0.015153064013178156,4.086
-0.01685841138219787,4.087
-0.01736751971955639,4.088
-0.017154504804369333,4.089
-0.01654761748824134,4.09
-0.015724622814796495,4.091
-0.01473148041229245,4.092
-0.013508395584803453,4.093
-0.011928196113922583,4.094
-0.00983161832014546,4.095
-0.007065682801486734,4.096
-0.0035101709691849714,4.097
0.0009131617976697579,4.098
0.006163889279107026,4.099
0.011902551097025527,4.1
0.01738571161207321,4.101
0.02164991639673271,4.102
0.023888406209953375,4.103
0.02370569249695659,4.104
0.02113062334066977,4.105
0.016526582040407984,4.106
0.010525487616842738,4.107
0.003957476273029968,4.108
-0.0022914862617422673,4.109
-0.007464711459095023,4.11
-0.011086210083080372,4.111
-0.013022211200736494,4.112
-0.013426458672716971,4.113
-0.012628941852626505,4.114
-0.01105829473239356,4.115
-0.0091803304840955,4.116
-0.007397038155270374,4.117
-0.005949561624052013,4.118
-0.004896288625839255,4.119
-0.0041671299356720835,4.12
-0.0036483420454479286,4.121
-0.0032148741962340606,4.122
-0.002642540314500024,4.123
-0.0015144469130216822,4.124
0.0006066813636277265,4.125
0.0037400646562424458,4.126
0.007240211564694535,4.127
0.010083140732399012,4.128
0.011460296844881975,4.129
0.011205279228758502,4.13
0.009787350082551887,4.131
0.007934736695090778,4.132
0.006169261104830703,4.133
0.0045754893662318,4.134
0.0029372338359385,4.135
0.001065896491594407,4.136
-0.0009739755996975232,4.137
-0.0028698527326753136,4.138
-0.004201141835572276,4.139
-0.004606123814691735,4.14
-0.0039638398793715515,4.141
-0.0025437296450652853,4.142
-0.0010149071383479193,4.143
-0.00024520911188607476,4.144
-0.0009385338758757573,4.145
-0.0032969291563124856,4.146
-0.006886536458791113,4.147
-0.010741305296360592,4.148
-0.013636042253442482,4.149
-0.014440706875344335,4.15
-0.012480390828652672,4.151
-0.007810859833015264,4.152
-0.0012927998963824527,4.153
0.005610726823580736,4.154
0.01128282984350611,4.155
0.014483874267138711,4.156
0.01472069342978126,4.157
0.012290648032463913,4.158
0.008035622990692944,4.159
0.0029948265190595327,4.16
-0.0018479765762563648,4.161
-0.005680736825528034,4.162
-0.007940388921774889,4.163
-0.008374584188153109,4.164
-0.007011303088876805,4.165
-0.004065313975939892,4.166
0.00010187524545103902,4.167
0.004958028604798975,4.168
0.009766311744221748,4.169
0.013585938201701125,4.17
0.015423079248887512,4.171
0.01458497271573288,4.172
0.01103886898341023,4.173
0.005494998199162789,4.174
-0.0008562316814919099,4.175
-0.006723765771186396,4.176
-0.010967189792901746,4.177
-0.01276594819877564,4.178
-0.01181616519346056,4.179
-0.008457094255657502,4.18
-0.0036103542805492085,4.181
0.0014542255180102367,4.182
0.00544832016857593,4.183
0.007370554844860161,4.184
0.006680356039111392,4.185
0.0033299124119447947,4.186
-0.002291435943956445,4.187
-0.009408318435982301,4.188
-0.016819025629710164,4.189
-0.022885257323594144,4.19
-0.02581807887050067,4.191
-0.02424552592902191,4.192
-0.01775380108419033,4.193
-0.007149104231035051,4.194
0.0056610356500391016,4.195
0.018096380522131836,4.196
0.027472346918107876,4.197
0.0316737990634802,4.198
0.029873191952186608,4.199
0.022915475458440145,4.2
0.013014644474710478,4.201
0.0028882721269399545,4.202
-0.005178009235726648,4.203
-0.009897095037553039,4.204
-0.01105492962135771,4.205
-0.009262801314839907,4.206
-0.005650420424106426,4.207
-0.0015923633235427213,4.208
0.001649188612277626,4.209
0.0033491895165753227,4.21
0.0035300237651736868,4.211
0.002774137148915412,4.212
0.0018029395179756295,4.213
0.001125425547268132,4.214
0.0009020672361278688,4.215
0.0010015438424267275,4.216
0.0011822380221246753,4.217
0.0012608278682294178,4.218
0.0011246222174884643,4.219
0.0006500090417564632,4.22
-0.00029532923146824306,4.221
-0.0017510985842528874,4.222
-0.003587737581846417,4.223
-0.005517481423054671,4.224
-0.007158853020449484,4.225
-0.008123458155748213,4.226
-0.008137596699393037,4.227
-0.007187855521168605,4.228
-0.005610417310946565,4.229
-0.004012973775079887,4.23
-0.0029800312159596414,4.231
-0.002697518431005521,4.232
-0.002798304396806612,4.233
-0.0025844475462800456,4.234
-0.0014377771566966514,4.235
0.0008488749055943148,4.236
0.0039379231889377555,4.237
0.0070371096463349,4.238
0.009145547016133036,4.239
0.009352575976248402,4.24
0.007177868328046088,4.241
0.0028938346329131373,4.242
-0.0023593645502360994,4.243
-0.006790258840774896,4.244
-0.008512164172494029,4.245
-0.006325751240274159,4.246
-0.00034770246336443534,4.247
0.007929643879724904,4.248
0.016167868143632226,4.249
0.021978500712316627,4.25
0.023633299780277443,4.251
0.02046932084301892,4.252
0.012933372958000643,4.253
0.0023517969100808425,4.254
-0.00942575159822688,4.255
-0.020395669823449383,4.256
-0.028730272049722103,4.257
-0.03303379095576233,4.258
-0.03251524074192677,4.259
-0.027102268290338155,4.26
-0.017499888467134534,4.261
-0.005183027804170523,4.262
0.007733442529800228,4.263
0.018853276382300374,4.264
0.026073125228647964,4.265
0.028224013961204247,4.266
0.025503769437399213,4.267
0.019325558298893843,4.268
0.0116107791133674,4.269
0.004098299579962819,4.27
-0.0019523571807682136,4.271
-0.005830346937345046,4.272
-0.007429952770652924,4.273
-0.0072231628061669596,4.274
-0.006055249359295418,4.275
-0.004864623432242976,4.276
-0.004427272765161547,4.277
-0.005125796500433073,4.278
-0.00681011989965098,4.279
-0.00885404927054959,4.28
-0.010375874227761095,4.281
-0.010513262901131058,4.282
-0.008691473500705059,4.283
-0.00484628664085744,4.284
0.0004687686884358056,4.285
0.0061506314458593765,4.286
0.010785963433942556,4.287
0.013040941481274847,4.288
0.01217028631849529,4.289
0.008469113984743608,4.29
0.003338604692756573,4.291
-0.0012188456009910962,4.292
-0.003453056286389396,4.293
-0.002605138582463932,4.294
0.0008005179265735974,4.295
0.005174309996494255,4.296
0.00846344652884708,4.297
0.00890628012267038,4.298
0.00567996344176416,4.299
-0.0007576651226423791,4.3
-0.00878058828905205,4.301
-0.016179561684612,4.302
-0.020926259819876527,4.303
-0.021749308677925808,4.304
-0.018420817630671923,4.305
-0.011767649666088497,4.306
-0.0033777151207230083,4.307
0.004935262762256094,4.308
0.011691695012990166,4.309
0.0161106478513496,4.31
0.01816025353657468,4.311
0.018291583577418728,4.312
0.017046657230272086,4.313
0.014839606590480026,4.314
0.012001978600630339,4.315
0.008890434657957769,4.316
0.0058624694079048145,4.317
0.0031353022589671693,4.318
0.0006620922128259128,4.319
-0.0018289018282324522,4.32
-0.004607103368613449,4.321
-0.007711741596066067,4.322
-0.010916300504340884,4.323
-0.013836432271312024,4.324
-0.016007339092771206,4.325
-0.016909765702743596,4.326
-0.016071313280988694,4.327
-0.01327683920707107,4.328
-0.008747216664770446,4.329
-0.0031445877234328313,4.33
0.002594421665111303,4.331
0.007489902777784773,4.332
0.010705472262391729,4.333
0.011652957896909974,4.334
0.01004920610640554,4.335
0.005997507225424398,4.336
9.37753971746495e-05,4.337
-0.006581901398953541,4.338
-0.01263119631463543,4.339
-0.01657192163235701,4.34
-0.017172971930246264,4.341
-0.013857727675626898,4.342
-0.006949738491664937,4.343
0.002325221902320905,4.344
0.01203276114414751,4.345
0.019998554507220753,4.346
0.024569876294641895,4.347
0.025270874212785798,4.348
0.02280125748792107,4.349
0.018401508943583,4.35
0.013162312888168728,4.351
0.007683874494882057,4.352
0.0021481601438219956,4.353
-0.003313903275663692,4.354
-0.008288449204485212,4.355
-0.012079723236075986,4.356
-0.014039379162064993,4.357
-0.013955182943169837,4.358
-0.012188347622988194,4.359
-0.009453183136501031,4.36
-0.006425826541830418,4.361
-0.003485747497228328,4.362
-0.0007403047997918584,4.363
0.0017420686304847387,4.364
0.003689397612697027,4.365
0.004612579987988043,4.366
0.004129060953858584,4.367
0.0023657460299408525,4.368
-1.0622026581700875e-05,4.369
-0.002192550152805293,4.37
-0.0036562566126521335,4.371
-0.004297900167197371,4.372
-0.0042962434122094445,4.373
-0.003908016663477356,4.374
-0.0033756194586452236,4.375
-0.0028859935979394557,4.376
-0.0024739159376181135,4.377
-0.002019343001498721,4.378
-0.0014513006975703415,4.379
-0.000878367848035212,4.38
-0.00039279141806522797,4.381
0.0001914827201128071,4.382
0.0012963072966670902,4.383
0.0032530732289239713,4.384
0.005968068992278919,4.385
0.008848085676461677,4.386
0.011048524790030984,4.387
0.011839849327368313,4.388
0.01087754543453262,4.389
0.008289293115614783,4.39
0.004564211444995842,4.391
0.0003355300070675084,4.392
-0.003829548463870389,4.393
-0.00760516572888047,4.394
-0.01093914417497913,4.395
-0.013813717255094067,4.396
-0.01593558360110928,4.397
-0.016722311460689296,4.398
-0.015613985762578487,4.399
-0.01240602100632412,4.4
-0.007360268617737635,4.401
-0.0010872146225316135,4.402
0.005641832438707225,4.403
0.012014644692399368,4.404
0.01725294803635295,4.405
0.020642342917308792,4.406
0.021488261296307667,4.407
0.01921804872421595,4.408
0.013801124033119961,4.409
0.006158363908886568,4.41
-0.001925382682175098,4.411
-0.008404864960941092,4.412
-0.011688854090342558,4.413
-0.011156949718114232,4.414
-0.007376380312235899,4.415
-0.0019474314958061805,4.416
0.002994710431716179,4.417
0.00548046962336301,4.418
0.004415690215626198,4.419
5.997215784090975e-06,4.42
-0.006349994457072184,4.421
-0.012642010453491061,4.422
-0.01698849989526429,4.423
-0.01817511328168743,4.424
-0.015834911351385997,4.425
-0.01042412172367208,4.426
-0.003122338125470581,4.427
0.004439243021324776,4.428
0.010626625479789976,4.429
0.014281598626155386,4.43
0.015106988362761368,4.431
0.013713049480680218,4.432
0.011139337006397031,4.433
0.008218231879061198,4.434
0.005355600240184969,4.435
0.002772928430305153,4.436
0.0007747014596970821,4.437
-0.00026968569836598004,4.438
-0.00014961667069239877,4.439
0.000962281738413244,4.44
0.0024277900194995044,4.441
0.003320865359441594,4.442
0.0028279589172381615,4.443
0.000627041360816615,4.444
-0.0029613000816582687,4.445
-0.007067133814882437,4.446
-0.01053211424199808,4.447
-0.012288627480080387,4.448
-0.011792030842673157,4.449
-0.009311862263178507,4.45
-0.005841346607203396,4.451
-0.002595589104665563,4.452
-0.0003664635711903772,4.453
0.0008463378510841395,4.454
0.0016479791492829054,4.455
0.0026759581801689006,4.456
0.004112866958100673,4.457
0.005584143952790096,4.458
0.006446164989628551,4.459
0.006253663699379708,4.46
0.005070735493997683,4.461
0.0034134838791199202,4.462
0.0018968002495606945,4.463
0.0008786322914477867,4.464
0.000392684808745401,4.465
0.00034669336241912766,4.466
0.000662126701953708,4.467
0.0011642955915165004,4.468
0.0013943100761521197,4.469
0.0006399033345906709,4.47
-0.0017003412290876924,4.471
-0.005643692860310578,4.472
-0.010440795319226584,4.473
-0.014816365820963911,4.474
-0.017406655657032997,4.475
-0.01716490154919127,4.476
-0.013683520546995984,4.477
-0.0073806711145795855,4.478
0.0005835303566324676,4.479
0.00867143726125528,4.48
0.015410593076519223,4.481
0.019671996403356748,4.482
0.02078820342714748,4.483
0.018752288759392544,4.484
0.01441533930016235,4.485
0.00922708462066094,4.486
0.004519734537768858,4.487
0.0009682915550447032,4.488
-0.0013655705067501913,4.489
-0.002653719435353779,4.49
-0.0030425870900554447,4.491
-0.002716317158877971,4.492
-0.0020849012449499853,4.493
-0.001753879947142538,4.494
-0.002246342399741154,4.495
-0.0037367685329784107,4.496
-0.005943659980834037,4.497
-0.008152973763247277,4.498
-0.0093775792787396,4.499
-0.008706961897772734,4.5
-0.005795760386670995,4.501
-0.0012313932384208355,4.502
0.0035749508473734257,4.503
0.007053265224018729,4.504
0.008259361243120553,4.505
0.00721730306325333,4.506
0.00472913447454977,4.507
0.0019250371032813233,4.508
-0.0002451632697716193,4.509
-0.0014021769504261282,4.51
-0.0018020221262922363,4.511
-0.0020818001449290358,4.512
-0.002879434217995753,4.513
-0.0044753171742696555,4.514
-0.006574511446004907,4.515
-0.008396271761554594,4.516
-0.009099243148069973,4.517
-0.008253790867916689,4.518
-0.006004976171977873,4.519
-0.002889806826460691,4.52
0.00043813369146484106,4.521
0.0033872894780458494,4.522
0.00553440383687372,4.523
0.006701431486698585,4.524
0.00696551683012117,4.525
0.006607080711177453,4.526
0.006025942349519116,4.527
0.005613135056638538,4.528
0.005594106422471039,4.529
0.005924815017076923,4.53
0.0063394885388019075,4.531
0.0065437126244619,4.532
0.006366094015310646,4.533
0.005707633756229682,4.534
0.004412714285066408,4.535
0.002303506579554078,4.536
-0.0006458100682680984,4.537
-0.004232670732781827,4.538
-0.008119996908396074,4.539
-0.01193481577632044,4.54
-0.015225921114043672,4.541
-0.017362823418390363,4.542
-0.01760092956825159,4.543
-0.01536985285105299,4.544
-0.010609435134829193,4.545
-0.003968910685116699,4.546
0.0032580062911993575,4.547
0.009504437119960378,4.548
0.013444178683484251,4.549
0.014422463996489476,4.55
0.012672259686601066,4.551
0.009175735583311874,4.552
0.005190587430121862,4.553
0.0017871916010090579,4.554
-0.0003302784356456952,4.555
-0.0008314509184517462,4.556
0.00015907457002307523,4.557
0.0019402444804477229,4.558
0.003387211765791904,4.559
0.003481072371532915,4.56
0.0018471250393119155,4.561
-0.001104946019043423,4.562
-0.00443677761144535,4.563
-0.007063708278659194,4.564
-0.008082423998904645,4.565
-0.007026193661911767,4.566
-0.004040806964531363,4.567
9.454868958224934e-05,4.568
0.004176402700962694,4.569
0.0070088947206921074,4.57
0.007874416782106701,4.571
0.0067480276096895594,4.572
0.004178919769002786,4.573
0.0009962856679432638,4.574
-0.002025720673753867,4.575
-0.0043868981820392,4.576
-0.005834419582425939,4.577
-0.006224690255008782,4.578
-0.005510856689551474,4.579
-0.00386017668145347,4.58
-0.0017055987410629153,4.581
0.0003585046885634314,4.582
0.0017471363175687257,4.583
0.00204872475799008,4.584
0.0011707437196187033,4.585
-0.0005765558158832564,4.586
-0.0025152447840324156,4.587
-0.0037964852644942564,4.588
-0.003756841781621008,4.589
-0.0022278143456591253,4.59
0.00047183615873641865,4.591
0.0037508409872857805,4.592
0.006883085877896527,4.593
0.0091250503421867,4.594
0.00990243360924634,4.595
0.008911905848039716,4.596
0.006159218105531145,4.597
0.0020859117319949327,4.598
-0.002387937417353814,4.599
-0.006188543652115966,4.6
-0.008630716504447626,4.601
-0.009683632737305624,4.602
-0.009707779916676035,4.603
-0.008913129519488455,4.604
-0.007054610984992816,4.605
-0.003689415346151028,4.606
0.0012001176142167327,4.607
0.006742566742302831,4.608
0.01125453264692739,4.609
0.012904193551300513,4.61
0.010702407591421045,4.611
0.00521046537033302,4.612
-0.001668021133088926,4.613
-0.0076805537755307695,4.614
-0.011218151188957574,4.615
-0.01176755281906197,4.616
-0.009786070099834097,4.617
-0.006238639618978551,4.618
-0.0021189656516161135,4.619
0.0018498083015885218,4.62
0.005291815967011928,4.621
0.008064039481560429,4.622
0.010054100024152274,4.623
0.011032935628121394,4.624
0.01066224572430099,4.625
0.008692452425979384,4.626
0.00525557471049949,4.627
0.0009703614568895326,4.628
-0.0032879970018196455,4.629
-0.006706484802803564,4.63
-0.008681820698213676,4.631
-0.008866307165684146,4.632
-0.007253090248797987,4.633
-0.00425687814889569,4.634
-0.0006773170664649047,4.635
0.002482756834077392,4.636
0.004293102406076159,4.637
0.004210816882145811,4.638
0.002351321019433149,4.639
-0.0004767947654762321,4.64
-0.0031070671348066956,4.641
-0.0045565903184713,4.642
-0.00445081311497253,4.643
-0.0031089223060567447,4.644
-0.001225058722519974,4.645
0.0006583910116444439,4.646
0.0024321337007202682,4.647
0.00422027727467384,4.648
0.0059893926247584755,4.649
0.007385764310546008,4.65
0.007896440509009669,4.651
0.007114227269136988,4.652
0.004862338591534801,4.653
0.001158812830137386,4.654
-0.0037938587642730483,4.655
-0.009476770398653566,4.656
-0.014920525711875441,4.657
-0.018801689354996216,4.658
-0.019834445932143455,4.659
-0.017280268572891114,4.66
-0.0112969966269312,4.661
-0.00295782126870321,4.662
0.00607696056531196,4.663
0.014089485211885525,4.664
0.01974284900442476,4.665
0.02225348614943909,4.666
0.02140583125600834,4.667
0.01755715951471572,4.668
0.011558462958676517,4.669
0.00448540413349542,4.67
-0.0026765849747472903,4.671
-0.009187353649233008,4.672
-0.014515326425040895,4.673
-0.018187266303282712,4.674
-0.0196846749391588,4.675
-0.018529837419216256,4.676
-0.014509730033766387,4.677
-0.00791422866469171,4.678
0.00031928353615049164,4.679
0.008737661344230747,4.68
0.015826150442602115,4.681
0.020498274019510404,4.682
0.022247719529024237,4.683
0.020923987236691397,4.684
0.016559199437507492,4.685
0.009602544173468156,4.686
0.0012896620369574033,4.687
-0.006427935878388812,4.688
-0.011533867106111925,4.689
-0.01275098639798051,4.69
-0.01002490109641195,4.691
-0.004539010397708457,4.692
0.0016586791185418581,4.693
0.006300026352346401,4.694
0.007671016973816862,4.695
0.005217445494644101,4.696
-0.00035590249665038814,4.697
-0.007490407619915753,4.698
-0.014356728742969926,4.699
-0.019348625533019564,4.7
-0.021392675994615574,4.701
-0.0200632393181345,4.702
-0.015577417519953082,4.703
-0.008761745557791049,4.704
-0.0009827415338580442,4.705
0.006055692493665741,4.706
0.010729666202859159,4.707
0.012080323605529675,4.708
0.010291848963906187,4.709
0.006642696800206569,4.71
0.0028348170339655182,4.711
0.00019159369145651622,4.712
-0.000710763223712247,4.713
5.6543406941382004e-05,4.714
0.0019756794370897443,4.715
0.00423805004781384,4.716
0.0060226529954611,4.717
0.0068533887974017126,4.718
0.0067403229752396945,4.719
0.006018150986155455,4.72
0.005082876633459828,4.721
0.0042356705185062,4.722
0.0036492892020669686,4.723
0.003338896500850705,4.724
0.0031252049573608134,4.725
0.002693448687304484,4.726
0.0017598761229437982,4.727
0.00024843897557214186,4.728
-0.0016199926175287996,4.729
