VaMe,time
0.0038136656901718506,0.001
0.003909451146762672,0.002
0.004007260159335114,0.003
0.004107081866081939,0.004
0.004208902114064315,0.005
0.004312703150549452,0.006
0.004418463419071318,0.007
0.00452615757871749,0.008
0.004635756617116356,0.009
0.0047472278198228655,0.01
0.004860534544929329,0.011
0.0049756360680226685,0.012
0.005092487843551976,0.013
0.0052110421969188,0.014
0.0053312490911932835,0.015
0.00545305648206034,0.016
0.005576409926263905,0.017
0.005701251814695558,0.018
0.005827521336189755,0.019
0.005955155656514132,0.02
0.006084091407393242,0.021
0.006214265407394054,0.022
0.006345614399309817,0.023
0.006478074201645821,0.024
0.006611578825851395,0.025
0.006746059958943683,0.026
0.006881446825931371,0.027
0.007017666034809517,0.028
0.007154640905211531,0.029
0.007292290502399601,0.03
0.007430529683821789,0.031
0.007569271022841556,0.032
0.007708427693480291,0.033
0.007847915793362931,0.034
0.007987655337731329,0.035
0.008127569808561094,0.036
0.00826758445622492,0.037
0.008407623741954412,0.038
0.008547608532091022,0.039
0.008687454014704814,0.04
0.008827069112566109,0.041
0.008966357020995106,0.042
0.009105215668744367,0.043
0.009243537322021817,0.044
0.009381207734411869,0.045
0.009518106211752884,0.046
0.009654107371400303,0.047
0.009789083615079396,0.048
0.009922906570262955,0.049
0.010055446399313602,0.05
0.010186569930112035,0.051
0.010316141280949648,0.052
0.010444027615364268,0.053
0.010570107857527508,0.054
0.010694280008842547,0.055
0.010816464217273787,0.056
0.010936600579678178,0.057
0.011054642064509216,0.058
0.011170545403499333,0.059
0.0112842657704012,0.06
0.011395758787510653,0.061
0.01150498647150385,0.062
0.011611921754364419,0.063
0.011716549662494346,0.064
0.011818865609089986,0.065
0.011918871742816441,0.066
0.01201657234722538,0.067
0.012111969115847441,0.068
0.012205057088193224,0.069
0.01229582227181176,0.07
0.012384241556179393,0.071
0.012470284231056639,0.072
0.012553913829811908,0.073
0.01263508952506747,0.074
0.012713766802073425,0.075
0.012789897328455582,0.076
0.0128634281100117,0.077
0.012934300193262135,0.078
0.013002447272780458,0.079
0.013067794544932577,0.08
0.01313025800838589,0.081
0.013189744163084808,0.082
0.013246149755454835,0.083
0.01329936128332102,0.084
0.013349254997732872,0.085
0.013395699160492582,0.086
0.013438559605123926,0.087
0.013477707897928327,0.088
0.013513030315384448,0.089
0.01354443537068761,0.09
0.013571857386325228,0.091
0.013595254113044814,0.092
0.013614598266555339,0.093
0.013629867309200829,0.094
0.013641039791215942,0.095
0.013648101837853652,0.096
0.013651057816153805,0.097
0.013649937918928828,0.098
0.013644800540016,0.099
0.013635730213464523,0.1
0.013622832450612268,0.101
0.013606226927102017,0.102
0.013586040281834333,0.103
0.013562399457007908,0.104
0.01353542616567208,0.105
0.013505232873090148,0.106
0.013471920580385556,0.107
0.01343557828680664,0.108
0.013396283494142293,0.109
0.01335410330429484,0.11
0.013309096246827244,0.111
0.013261315085787937,0.112
0.013210810485774365,0.113
0.013157634976527863,0.114
0.013101846393059478,0.115
0.013043509999346496,0.116
0.012982698816811333,0.117
0.01291949214574613,0.118
0.01285397269562321,0.119
0.012786222962591121,0.12
0.012716321453869216,0.121
0.012644339323430587,0.122
0.012570338289577316,0.123
0.012494370740405863,0.124
0.012416481993737922,0.125
0.012336713754355027,0.126
0.012255107828979206,0.127
0.012171709392240087,0.128
0.012086569020759677,0.129
0.011999742693880055,0.13
0.011911289213571746,0.131
0.01182126585002338,0.132
0.011729725671933852,0.133
0.011636720016597891,0.134
0.011542305152191675,0.135
0.01144654905653826,0.136
0.011349535237038619,0.137
0.011251362413258317,0.138
0.011152140021195307,0.139
0.011051981192862687,0.14
0.010950997419492113,0.141
0.010849298630148017,0.142
0.010746997432412222,0.143
0.010644213096630275,0.144
0.01054107274649109,0.145
0.010437709955939286,0.146
0.010334261955215836,0.147
0.010230866652373981,0.148
0.010127660308258306,0.149
0.01002477619747708,0.15
0.00992234415580312,0.151
0.009820490657370694,0.152
0.009719338982710352,0.153
0.009619009087501483,0.154
0.009519616914277024,0.155
0.009421273094267291,0.156
0.009324081507482264,0.157
0.009228138799039698,0.158
0.00913353545899027,0.159
0.009040357722398761,0.16
0.008948689249442554,0.161
0.008858612234923745,0.162
0.008770208008991764,0.163
0.008683557239110415,0.164
0.008598739791636095,0.165
0.008515834225892667,0.166
0.008434916866407785,0.167
0.008356060466896173,0.168
0.008279332656885298,0.169
0.00820479466787587,0.17
0.00813250092629335,0.171
0.008062499527543858,0.172
0.007994832949336648,0.173
0.007929538448349514,0.174
0.007866648013976652,0.175
0.007806187930935266,0.176
0.007748178137964935,0.177
0.007692631820742551,0.178
0.007639555557637266,0.179
0.007588949747202612,0.18
0.0075408087497016345,0.181
0.0074951206213970355,0.182
0.00745186702098139,0.183
0.007411023750973403,0.184
0.007372561462958637,0.185
0.007336445764880373,0.186
0.007302636855187675,0.187
0.007271089737666378,0.188
0.007241755662633523,0.189
0.00721458412230031,0.19
0.007189524277401834,0.191
0.0071665252092685955,0.192
0.007145534895706921,0.193
0.00712649837256403,0.194
0.007109356330976744,0.195
0.00709404534442001,0.196
0.007080499584415566,0.197
0.007068652953447476,0.198
0.007058440920589209,0.199
0.007049801892270557,0.2
0.007042678062526954,0.201
0.007037015642013507,0.202
0.0070327643508481755,0.203
0.007029876104419774,0.204
0.0070283029327552335,0.205
0.007027994519374012,0.206
0.007028896341792679,0.207
0.007030949310687101,0.208
0.007034090594301593,0.209
0.007038254535651415,0.21
0.007043373167187042,0.211
0.007049376665407846,0.212
0.007056194277091806,0.213
0.007063755965120483,0.214
0.00707199459091738,0.215
0.0070808481005763466,0.216
0.007090261047445516,0.217
0.0071001848726786,0.218
0.0071105766176785675,0.219
0.007121396083470877,0.22
0.007132602270731985,0.221
0.0071441511338681705,0.222
0.007155996124375867,0.223
0.007168090495601028,0.224
0.007180389340226756,0.225
0.0071928505466872135,0.226
0.007205434951879715,0.227
0.007218106220873993,0.228
0.007230830845725237,0.229
0.007243578324654052,0.23
0.007256321242171101,0.231
0.007269034808105104,0.232
0.0072816955079225325,0.233
0.007294278841685402,0.234
0.00730675689145439,0.235
0.007319097259085065,0.236
0.007331264138863103,0.237
0.007343220440576549,0.238
0.007354929523922111,0.239
0.007366355980830744,0.24
0.007377465324774262,0.241
0.007388222539054014,0.242
0.007398589866164313,0.243
0.0074085248870454454,0.244
0.007417979671651031,0.245
0.0074269006844704935,0.246
0.007435229416308572,0.247
0.00744290471639914,0.248
0.007449866888150939,0.249
0.007456061907468352,0.25
0.007461443730160267,0.251
0.007465973200931311,0.252
0.007469614230366058,0.253
0.007472331751584624,0.254
0.007474095605380263,0.255
0.007474888352733357,0.256
0.00747471160397397,0.257
0.007473587613619152,0.258
0.007471555677923231,0.259
0.0074686649196462,0.26
0.007464967380659751,0.261
0.007460515691205156,0.262
0.0074553655112587994,0.263
0.00744957884385282,0.264
0.007443225181550648,0.265
0.007436380317414433,0.266
0.0074291237670233955,0.267
0.00742153567956876,0.268
0.007413693860568766,0.269
0.007405671395186784,0.27
0.00739753538136933,0.271
0.007389346805663916,0.272
0.007381160802247812,0.273
0.007373026574260033,0.274
0.007364987016664596,0.275
0.007357078508431956,0.276
0.007349330999289273,0.277
0.007341768094670372,0.278
0.007334407262944327,0.279
0.007327260753232716,0.28
0.007320337230214916,0.281
0.007313643294930674,0.282
0.0073071838940643495,0.283
0.0073009613809035525,0.284
0.007294974613178958,0.285
0.007289219961027925,0.286
0.0072836940486199295,0.287
0.007278396140089158,0.288
0.0072733285174156346,0.289
0.007268494580015393,0.29
0.007263895795222825,0.291
0.007259529881666403,0.292
0.007255391644652131,0.293
0.007251475170316083,0.294
0.0072477754557635984,0.295
0.007244288969615454,0.296
0.0072410134820883034,0.297
0.0072379475531924265,0.298
0.007235089936550942,0.299
0.007232438981906947,0.3
0.007229991995983669,0.301
0.007227744472103246,0.302
0.007225689105361181,0.303
0.007223814563667863,0.304
0.007222104280714428,0.305
0.007220536015353563,0.306
0.007219082700125298,0.307
0.007217714193376339,0.308
0.007216399234307767,0.309
0.007215107211792207,0.31
0.007213809505224532,0.311
0.007212480156542337,0.312
0.007211095684800919,0.313
0.007209633942553951,0.314
0.007208072025403917,0.315
0.007206383851918124,0.316
0.00720453908741007,0.317
0.007202504554090252,0.318
0.007200247078186826,0.319
0.007197735904016157,0.32
0.007194943592363124,0.321
0.007191844879327227,0.322
0.007188414041097411,0.323
0.007184623439257819,0.324
0.007180445732477943,0.325
0.007175858690883859,0.326
0.0071708494417275295,0.327
0.007165416047504343,0.328
0.007159565795405826,0.329
0.007153310887740721,0.33
0.0071466643007916525,0.331
0.0071396393701143295,0.332
0.00713225356916811,0.333
0.0071245332877539255,0.334
0.007116516596288879,0.335
0.0071082531234728874,0.336
0.007099801344018468,0.337
0.007091224025442411,0.338
0.007082583441341573,0.339
0.0070739388423230205,0.34
0.0070653471174641465,0.341
0.007056864509003724,0.342
0.0070485469398239645,0.343
0.007040448622535963,0.344
0.0070326203340113904,0.345
0.007025109049562157,0.346
0.007017959103388717,0.347
0.007011213361952461,0.348
0.007004913135975246,0.349
0.006999096885774454,0.35
0.0069937988629025834,0.351
0.006989048985539648,0.352
0.006984874066058293,0.353
0.006981299364273451,0.354
0.006978349666395132,0.355
0.006976049824471619,0.356
0.006974424951960212,0.357
0.006973500398593181,0.358
0.006973301486119477,0.359
0.006973852871084955,0.36
0.006975177396010606,0.361
0.00697729452122991,0.362
0.006980218910038305,0.363
0.006983959814598491,0.364
0.0069885210707574755,0.365
0.006993901128879568,0.366
0.0070000935393948575,0.367
0.007007088511139453,0.368
0.007014874677952787,0.369
0.007023439437547418,0.37
0.00703276782870426,0.371
0.007042842546789276,0.372
0.007053647311518081,0.373
0.007065172157336328,0.374
0.007077417546210733,0.375
0.007090395533711871,0.376
0.0071041276426960995,0.377
0.007118640237993695,0.378
0.007133959757288704,0.379
0.007150110731006605,0.38
0.007167117043817637,0.381
0.007185003822388541,0.382
0.007203797648184433,0.383
0.007223524907803832,0.384
0.007244209289616192,0.385
0.007265869889258812,0.386
0.0072885208120423576,0.387
0.007312171638498137,0.388
0.007336827520634324,0.389
0.0073624885707050365,0.39
0.007389149315864894,0.391
0.007416799104986143,0.392
0.007445423413063852,0.393
0.007475005266350928,0.394
0.00750552616757621,0.395
0.007536966275324833,0.396
0.007569303787272789,0.397
0.007602513610592542,0.398
0.007636565766695166,0.399
0.007671424520678555,0.4
0.007707048888525422,0.401
0.007743393966391848,0.402
0.007780412108133642,0.403
0.007818053479858197,0.404
0.007856265864079235,0.405
0.007894993671770028,0.406
0.007934176504582365,0.407
0.00797374836445365,0.408
0.008013638477212322,0.409
0.008053773322083546,0.41
0.008094078669495882,0.411
0.00813448082117969,0.412
0.008174906737696393,0.413
0.008215282992653894,0.414
0.008255533749183624,0.415
0.008295578570370594,0.416
0.008335331562076727,0.417
0.008374702583428985,0.418
0.008413599471314008,0.419
0.008451929815004826,0.42
0.008489601636324793,0.421
0.008526522844881026,0.422
0.008562599539230416,0.423
0.008597733718279817,0.424
0.008631821742833619,0.425
0.008664754636692024,0.426
0.008696419715889064,0.427
0.008726702152412743,0.428
0.00875548563757273,0.429
0.008782651964365609,0.43
0.008808079579680283,0.431
0.008831641757423188,0.432
0.00885320614706786,0.433
0.008872637151312413,0.434
0.008889800673161054,0.435
0.008904569876671653,0.436
0.008916830874636772,0.437
0.008926487052644152,0.438
0.008933460291018493,0.439
0.008937687507693186,0.44
0.00893911362616223,0.441
0.008937687185708414,0.442
0.008933364383713267,0.443
0.008926119113370283,0.444
0.008915951870997849,0.445
0.008902893286378664,0.446
0.00888700167283646,0.447
0.00886835576448177,0.448
0.008847044921942916,0.449
0.008823160254318368,0.45
0.008796790203552573,0.451
0.008768020893054613,0.452
0.008736937876176172,0.453
0.008703626658076485,0.454
0.008668172105261435,0.455
0.008630657679152828,0.456
0.008591164992661968,0.457
0.008549773754240654,0.458
0.008506561915063018,0.459
0.00846160578936962,0.46
0.008414979998075472,0.461
0.008366757207041236,0.462
0.00831700773804934,0.463
0.008265799197267262,0.464
0.00821319628779882,0.465
0.008159260946783181,0.466
0.008104052866399196,0.467
0.00804763032446728,0.468
0.007990051088211441,0.469
0.007931373011205257,0.47
0.00787165387890037,0.471
0.007810950120779182,0.472
0.00774931479461296,0.473
0.0076867967657147165,0.474
0.007623442710974096,0.475
0.007559300998447444,0.476
0.007494425263634419,0.477
0.007428876427565714,0.478
0.00736272281040553,0.479
0.007296038420377067,0.48
0.007228899802516538,0.481
0.007161382396600785,0.482
0.007093558179004282,0.483
0.007025495744218625,0.484
0.006957261739475725,0.485
0.006888921598822908,0.486
0.006820538762447,0.487
0.006752173381146657,0.488
0.0066838822966805815,0.489
0.006615720713375066,0.49
0.006547743967116692,0.491
0.006480007743914416,0.492
0.006412566636721435,0.493
0.006345472543186481,0.494
0.0062787747398783626,0.495
0.006212521762694904,0.496
0.006146763559303569,0.497
0.006081552709899386,0.498
0.006016944592081139,0.499
0.005952996823942429,0.5
0.005889768341656317,0.501
0.005827318377399193,0.502
0.005765705472265328,0.503
0.005704986536459819,0.504
0.005645215885656176,0.505
0.005586444265813562,0.506
0.005528718224050887,0.507
0.005472080330729633,0.508
0.005416570267294562,0.509
0.005362226257315326,0.51
0.005309086336994591,0.511
0.005257189199301181,0.512
0.005206574464168416,0.513
0.0051572823116458315,0.514
0.005109352528623736,0.515
0.005062823137486702,0.516
0.005017729020467478,0.517
0.004974101215673398,0.518
0.004931967141210731,0.519
0.004891351144920237,0.52
0.004852274678588849,0.521
0.00481475596956421,0.522
0.004778809554243394,0.523
0.004744446175413315,0.524
0.004711673108639313,0.525
0.004680494428142734,0.526
0.004650910843510553,0.527
0.004622919306738894,0.528
0.0045965127840254996,0.529
0.004571680233369152,0.53
0.004548406631419301,0.531
0.0045266731250978255,0.532
0.004506457337953436,0.533
0.004487733534749845,0.534
0.0044704726166369686,0.535
0.004454642567677051,0.536
0.004440209828092331,0.537
0.004427141219062845,0.538
0.004415405629076086,0.539
0.004404974835181602,0.54
0.004395823071353134,0.541
0.004387925432586103,0.542
0.004381256248518814,0.543
0.004375789122638911,0.544
0.004371498998597212,0.545
0.00436836480273329,0.546
0.004366371144714919,0.547
0.004365508527569966,0.548
0.004365772133142761,0.549
0.004367159535050595,0.55
0.004369668092275046,0.551
0.004373293257666416,0.552
0.004378028574726857,0.553
0.004383866727892754,0.554
0.00439080048253304,0.555
0.004398823025597744,0.556
0.004407927796835555,0.557
0.00441810801195274,0.558
0.004429356028300645,0.559
0.004441662632138581,0.56
0.004455016302474422,0.561
0.004469402549917673,0.562
0.004484803486865063,0.563
0.004501197780121753,0.564
0.004518561042016856,0.565
0.004536866578923606,0.566
0.0045560863104380615,0.567
0.004576191634323349,0.568
0.004597154027005836,0.569
0.004618945206931179,0.57
0.004641536735414221,0.571
0.004664899019453884,0.572
0.004689000100222671,0.573
0.004713805235556981,0.574
0.004739277923515818,0.575
0.004765381754245017,0.576
0.004792082077000696,0.577
0.004819346994414661,0.578
0.004847147559145007,0.579
0.004875457183800624,0.58
0.004904250398447093,0.581
0.004933501176528834,0.582
0.0049631812117277825,0.583
0.004993258746289232,0.584
0.005023698246118853,0.585
0.005054460443800146,0.586
0.005085502323291012,0.587
0.005116777507532252,0.588
0.005148237482267776,0.589
0.005179833044866509,0.59
0.00521151494088889,0.591
0.005243233215135577,0.592
0.005274935941216906,0.593
0.005306569033540629,0.594
0.005338078121298606,0.595
0.005369411487508425,0.596
0.005400522496948619,0.597
0.005431370718183908,0.598
0.005461921536959609,0.599
0.005492144398669269,0.6
0.005522010158768708,0.601
0.005551488302632027,0.602
0.005580544939698981,0.603
0.005609142103933417,0.604
0.005637238046319587,0.605
0.005664787823889787,0.606
0.005691743867161574,0.607
0.00571805656616975,0.608
0.005743674907145953,0.609
0.005768547085314113,0.61
0.005792620972645419,0.611
0.005815844330528936,0.612
0.005838164697993955,0.613
0.005859528925699021,0.614
0.0058798823502093246,0.615
0.005899167636338708,0.616
0.005917323616750143,0.617
0.005934284979896861,0.618
0.0059499834147901855,0.619
0.0059643497917690235,0.62
0.005977316515237057,0.621
0.005988819392296919,0.622
0.005998798412732856,0.623
0.006007196819876522,0.624
0.006013958729119107,0.625
0.006019027581329476,0.626
0.006022347994101129,0.627
0.00602387052820185,0.628
0.006023556491232142,0.629
0.006021380515547609,0.63
0.006017330064565446,0.631
0.006011401860150955,0.632
0.006003596677267877,0.633
0.005993916234221699,0.634
0.005982365111606065,0.635
0.005968956082130762,0.636
0.0059537150073257035,0.637
0.005936683145015137,0.638
0.005917916502803962,0.639
0.005897482636521808,0.64
0.005875455705633092,0.641
0.005851911315183073,0.642
0.0058269236213748556,0.643
0.00580056601456343,0.644
0.00577291371863486,0.645
0.0057440458967028965,0.646
0.005714046405883044,0.647
0.005683003380972022,0.648
0.0056510080419447835,0.649
0.0056181531377370725,0.65
0.005584531329250919,0.651
0.00555023364388904,0.652
0.005515348080297331,0.653
0.005479958661206372,0.654
0.005444145345024411,0.655
0.005407984718786902,0.656
0.005371550827010966,0.657
0.005334915560424347,0.658
0.0052981484334201434,0.659
0.005261315863582345,0.66
0.005224480314117652,0.661
0.0051876997942922574,0.662
0.005151027838117561,0.663
0.005114513574102698,0.664
0.005078201687108101,0.665
0.0050421325371213434,0.666
0.005006342566863415,0.667
0.004970864722234342,0.668
0.004935728572974614,0.669
0.004900960077497683,0.67
0.004866581263303244,0.671
0.0048326103107986275,0.672
0.004799062268738318,0.673
0.00476595010974352,0.674
0.004733285686350171,0.675
0.0047010803057958945,0.676
0.004669344747853972,0.677
0.004638088618928096,0.678
0.004607319289718816,0.679
0.0045770413218008095,0.68
0.004547257184086759,0.681
0.004517968917072519,0.682
0.004489179772998563,0.683
0.004460895223270559,0.684
0.004433123152613922,0.685
0.004405873266629675,0.686
0.004379155878833482,0.687
0.004352980352154208,0.688
0.004327353705544191,0.689
0.004302280090468751,0.69
0.004277761312234002,0.691
0.004253797660582181,0.692
0.004230388177923902,0.693
0.004207530186678155,0.694
0.004185218831911541,0.695
0.004163447650941583,0.696
0.004142210097210174,0.697
0.004121500798036357,0.698
0.004101315442946475,0.699
0.004081649448605677,0.7
0.004062497089716539,0.701
0.004043852574491937,0.702
0.004025712395046056,0.703
0.0040080772794939545,0.704
0.003990952951487955,0.705
0.003974349766450301,0.706
0.003958281595103716,0.707
0.003942764385230816,0.708
0.003927814735108019,0.709
0.00391344863855409,0.71
0.0038996804013973134,0.711
0.003886521765630839,0.712
0.003873981558268722,0.713
0.0038620661670967175,0.714
0.0038507806439840382,0.715
0.003840129951872702,0.716
0.00383012000878842,0.717
0.003820758328487407,0.718
0.003812054134822427,0.719
0.0038040179251151744,0.72
0.003796660570304894,0.721
0.0037899921469951403,0.722
0.003784020773508936,0.723
0.0037787517384162265,0.724
0.003774187144172582,0.725
0.003770326140374964,0.726
0.0037671656222654994,0.727
0.0037647010888424495,0.728
0.003762927273673705,0.729
0.003761838223767534,0.73
0.0037614267464288658,0.731
0.003761683673554751,0.732
0.003762597832467982,0.733
0.0037641571351338,0.734
0.003766350224152721,0.735
0.003769167894757032,0.736
0.0037726038983395367,0.737
0.0037766549750814144,0.738
0.0037813200694463978,0.739
0.003786598816165941,0.74
0.00379248978095888,0.741
0.003798989488476074,0.742
0.0038060928268988186,0.743
0.0038137941479043386,0.744
0.003822088122226733,0.745
0.003830970131875123,0.746
0.003840436402039342,0.747
0.0038504840930224304,0.748
0.003861111462822035,0.749
0.0038723180258666856,0.75
0.0038841044607968523,0.751
0.003896471960333789,0.752
0.003909421049648974,0.753
0.00392295071749051,0.754
0.0039370589097622805,0.755
0.003951744272691825,0.756
0.003967007966576624,0.757
0.003982854577407908,0.758
0.00399929184640908,0.759
0.004016329379462028,0.76
0.004033976769620852,0.761
0.004052241863693836,0.762
0.004071129976190546,0.763
0.004090644163090847,0.764
0.004110785825476635,0.765
0.004131555006887103,0.766
0.004152950333676018,0.767
0.0041749687964095505,0.768
0.004197605565457961,0.769
0.004220853975049932,0.77
0.004244705704242452,0.771
0.004269151059167122,0.772
0.004294179165968065,0.773
0.0043197778603710525,0.774
0.004345933122592194,0.775
0.0043726282447911855,0.776
0.004399843467999548,0.777
0.004427556648596974,0.778
0.004455744576914323,0.779
0.004484384240204257,0.78
0.004513453716698304,0.781
0.004542932646032349,0.782
0.004572802265443713,0.783
0.004603045016953396,0.784
0.0046336437378564745,0.785
0.004664580472700507,0.786
0.004695835117728671,0.787
0.0047273844479516075,0.788
0.004759202023992374,0.789
0.004791258793174304,0.79
0.0048235237717109344,0.791
0.0048559644834614835,0.792
0.004888547221365151,0.793
0.004921237309842709,0.794
0.00495399950131585,0.795
0.004986798541283134,0.796
0.005019599825836071,0.797
0.0050523699931215235,0.798
0.005085077258569976,0.799
0.005117691327107774,0.8
0.005150182785441054,0.801
0.005182521971765849,0.802
0.005214677485571694,0.803
0.0052466148893348715,0.804
0.005278296428141308,0.805
0.005309682016004722,0.806
0.0053407308206646865,0.807
0.00537140267899691,0.808
0.005401658998790521,0.809
0.005431463002432332,0.81
0.005460779213649256,0.811
0.0054895721666106696,0.812
0.005517804646738898,0.813
0.0055454364285313085,0.814
0.0055724244459941326,0.815
0.005598724080829023,0.816
0.005624290322499167,0.817
0.005649077911182149,0.818
0.005673040327445792,0.819
0.005696128273819064,0.82
0.005718289005059302,0.821
0.00573946726041784,0.822
0.0057596069935175265,0.823
0.005778652768121631,0.824
0.005796550481589736,0.825
0.0058132475470321476,0.826
0.005828692738748456,0.827
0.005842835888366138,0.828
0.005855627527352746,0.829
0.005867018438497524,0.83
0.005876958947894209,0.831
0.005885397747706356,0.832
0.005892280574330478,0.833
0.005897550120124312,0.834
0.00590114836361814,0.835
0.0059030208373989645,0.836
0.005903121526227459,0.837
0.005901417376361068,0.838
0.005897891476523695,0.839
0.00589254390882803,0.84
0.005885389561268241,0.841
0.005876452996907649,0.842
0.005865762459262703,0.843
0.005853347100934575,0.844
0.00583923932584328,0.845
0.005823479297816555,0.846
0.00580611799043085,0.847
0.005787217850109824,0.848
0.005766851601287843,0.849
0.005745099896869439,0.85
0.005722048469826302,0.851
0.0056977852594199295,0.852
0.00567239777468377,0.853
0.0056459709075494776,0.854
0.005618585573571479,0.855
0.005590318429961677,0.856
0.005561242284284741,0.857
0.005531426476175202,0.858
0.005500936872695925,0.859
0.0054698355572852,0.86
0.005438180460063942,0.861
0.005406025185477484,0.862
0.005373419219607825,0.863
0.005340408573918553,0.864
0.005307036790110072,0.865
0.005273346127859289,0.866
0.005239378703983852,0.867
0.005205177356757067,0.868
0.005170786066380642,0.869
0.005136249848058527,0.87
0.005101614116369525,0.871
0.005066923577930435,0.872
0.005032220861101148,0.873
0.004997545479119961,0.874
0.004962933860359449,0.875
0.004928420497137986,0.876
0.004894039490774137,0.877
0.004859825789054111,0.878
0.004825815796351806,0.879
0.0047920472383734605,0.88
0.004758558274579314,0.881
0.004725386048534732,0.882
0.0046925653064512855,0.883
0.004660128024896809,0.884
0.004628104325621985,0.885
0.004596523888994452,0.886
0.00456541697589293,0.887
0.004534814713831194,0.888
0.004504748597259106,0.889
0.004475249309337986,0.89
0.004446345434345373,0.891
0.004418063088248626,0.892
0.00439042689472599,0.893
0.004363461500676506,0.894
0.004337192605539649,0.895
0.00431164710499704,0.896
0.0042868523667786785,0.897
0.0042628348894086605,0.898
0.004239618971113376,0.899
0.0042172261986595,0.9
0.004195675919158255,0.901
0.004174985979819975,0.902
0.004155173048969791,0.903
0.004136252385280385,0.904
0.004118237189684935,0.905
0.004101137826572918,0.906
0.004084961409954478,0.907
0.004069712034083325,0.908
0.004055391335726753,0.909
0.004041998907729842,0.91
0.004029532359029613,0.911
0.004017987000814118,0.912
0.004007355318817099,0.913
0.0039976267009727215,0.914
0.003988787804881764,0.915
0.003980823370507157,0.916
0.003973717000505778,0.917
0.003967451634332968,0.918
0.003962009647887312,0.919
0.003957372599803061,0.92
0.00395352071279409,0.921
0.0039504322311974035,0.922
0.003948082819661067,0.923
0.003946445145439258,0.924
0.003945488707901942,0.925
0.0039451798457029045,0.926
0.003945481754074176,0.927
0.003946354559762646,0.928
0.003947755965177459,0.929
0.003949642900361811,0.93
0.003951973839268688,0.931
0.003954710857007026,0.932
0.003957820539957319,0.933
0.003961273226646787,0.934
0.003965040904604819,0.935
0.003969095393543284,0.936
0.003973408526259273,0.937
0.0039779540687174325,0.938
0.003982709607903753,0.939
0.003987657191598583,0.94
0.0039927825869435695,0.941
0.003998073486554181,0.942
0.004003517326185202,0.943
0.00400909985770517,0.944
0.004014805269215118,0.945
0.0040206173161894425,0.946
0.004026520314761293,0.947
0.004032499408130146,0.948
0.004038540093713258,0.949
0.004044627184415838,0.95
0.004050743573526506,0.951
0.004056869486270611,0.952
0.004062982680324917,0.953
0.004069059223588388,0.954
0.004075074104735958,0.955
0.004081001262677761,0.956
0.004086813011037948,0.957
0.004092479270624462,0.958
0.004097967400254851,0.959
0.0041032429711327775,0.96
0.0041082708854600775,0.961
0.004113016022154917,0.962
0.004117443009061791,0.963
0.004121515290269657,0.964
0.004125194497072215,0.965
0.00412844128859686,0.966
0.004131217607136029,0.967
0.004133489205227724,0.968
0.004135227378296801,0.969
0.0041364093039910855,0.97
0.004137016739341559,0.971
0.00413703351741018,0.972
0.004136443516645314,0.973
0.004135230972175462,0.974
0.0041333830637146985,0.975
0.00413089296528155,0.976
0.0041277618517772665,0.977
0.0041239993641448425,0.978
0.004119622529170831,0.979
0.004114653358481918,0.98
0.004109115774746896,0.981
0.004103033248641957,0.982
0.004096428481420753,0.983
0.0040893248979588905,0.984
0.004081748444746277,0.985
0.004073728605633406,0.986
0.004065298440756286,0.987
0.004056493799871623,0.988
0.004047351917696793,0.989
0.004037909675870666,0.99
0.004028202087779076,0.991
0.004018261736059338,0.992
0.004008119271279333,0.993
0.003997804192843503,0.994
0.003987345150145517,0.995
0.003976769579203412,0.996
0.003966102911871993,0.997
0.003955367952350424,0.998
0.003944584997239487,0.999
0.003933772618386908,1.0
0.003922948523033517,1.001
0.003912130045486303,1.002
0.0039013341246549086,1.003
0.003890576759078869,1.004
0.003879872127974964,1.005
0.0038692319481120566,1.006
0.003858665663714838,1.007
0.0038481814091948182,1.008
0.003837787138510863,1.009
0.0038274914296786726,1.01
0.003817303774025684,1.011
0.003807234300053249,1.012
0.0037972929530664086,1.013
0.0037874883554353906,1.014
0.003777826976963202,1.015
0.0037683132579271377,1.016
0.0037589505782375998,1.017
0.0037497423605565086,1.018
0.0037406927646058677,1.019
0.003731806813790684,1.02
0.0037230899703904665,1.021
0.003714547247244228,1.022
0.0037061821046446334,1.023
0.0036979956794639074,1.024
0.003689986852420736,1.025
0.0036821530276143315,1.026
0.0036744910330544457,1.027
0.003666997705981546,1.028
0.003659670022148993,1.029
0.003652504758644476,1.03
0.0036454977497909747,1.031
0.00363864295329841,1.032
0.003631931785408077,1.033
0.0036253530824269667,1.034
0.003618893487209382,1.035
0.0036125377519335253,1.036
0.0036062686791818706,1.037
0.003600066745769668,1.038
0.0035939096945643368,1.039
0.003587772477316011,1.04
0.0035816276530677097,1.041
0.003575445954717631,1.042
0.0035691967123922916,1.043
0.003562848022667069,1.044
0.0035563666525540035,1.045
0.0035497176745696852,1.046
0.0035428639377879725,1.047
0.003535765789761608,1.048
0.0035283815429753835,1.049
0.0035206687244526947,1.05
0.0035125857417150383,1.051
0.0035040936178142193,1.052
0.003495157550207142,1.053
0.0034857480449540443,1.054
0.0034758413665628126,1.055
0.0034654190737962312,1.056
0.0034544664847998385,1.057
0.0034429704436782756,1.058
0.0034309179063929775,1.059
0.003418296891349477,1.06
0.0034050993792732417,1.061
0.003391324302652316,1.062
0.003376979240141803,1.063
0.003362080384105913,1.064
0.003346650907701294,1.065
0.0033307181912422476,1.066
0.0033143107964164246,1.067
0.0032974565443108926,1.068
0.0032801824305135445,1.069
0.0032625155237429827,1.07
0.00324448351738237,1.071
0.0032261144427351775,1.072
0.003207435743514025,1.073
0.003188473236982104,1.074
0.0031692506267843867,1.075
0.0031497897594740185,1.076
0.0031301110943110105,1.077
0.0031102338196013282,1.078
0.00309017552885192,1.079
0.0030699518088297315,1.08
0.003049576285014857,1.081
0.0030290613176556596,1.082
0.0030084189747531034,1.083
0.002987661834620335,1.084
0.002966803432224794,1.085
0.0029458583112002504,1.086
0.002924841685927692,1.087
0.002903768757730529,1.088
0.0028826538187586744,1.089
0.002861509487271764,1.09
0.002840346520978602,1.091
0.0028191742834012957,1.092
0.0027980014474482716,1.093
0.0027768365128869486,1.094
0.0027556879684494467,1.095
0.0027345640484926796,1.096
0.002713472137231635,1.097
0.002692418169302787,1.098
0.002671406588765587,1.099
0.0026504410338359396,1.1
0.0026295252786997536,1.101
0.0026086638957058986,1.102
0.0025878624258203146,1.103
0.0025671270477099187,1.104
0.002546463813730596,1.105
0.0025258777383378563,1.106
0.0025053723733521483,1.107
0.002484950286962332,1.108
0.002464614081035552,1.109
0.002444367321728472,1.11
0.00242421508817702,1.111
0.0024041640690990254,1.112
0.0023842222133239367,1.113
0.002364398013624143,1.114
0.002344699585079258,1.115
0.002325133861224146,1.116
0.0023057063311399794,1.117
0.0022864214228499576,1.118
0.002267283161213524,1.119
0.002248295689874751,1.12
0.002229463483939905,1.121
0.00221079119902812,1.122
0.0021922831551711474,1.123
0.002173942667683656,1.124
0.0021557717488876207,1.125
0.0021377714967332033,1.126
0.0021199428065225632,1.127
0.002102286842554858,1.128
0.0020848050282845495,1.129
0.0020674985767930175,1.13
0.002050367865893254,1.131
0.002033412254904999,1.132
0.0020166306612338027,1.133
0.002000022536913985,1.134
0.0019835887082094907,1.135
0.001967331814442501,1.136
0.0019512562487491402,1.137
0.0019353675734979654,1.138
0.0019196715803455405,1.139
0.0019041735198226442,1.14
0.001888878052984171,1.141
0.0018737898484920575,1.142
0.0018589142156782289,1.143
0.0018442573350994623,1.144
0.0018298260452210184,1.145
0.0018156273215251435,1.146
0.0018016676211769108,1.147
0.0017879523011402536,1.148
0.0017744853191839526,1.149
0.0017612692334791507,1.15
0.0017483052733739607,1.151
0.0017355933009447157,1.152
0.0017231317115110343,1.153
0.0017109174226198768,1.154
0.0016989460204180783,1.155
0.0016872120164090172,1.156
0.0016757091560254212,1.157
0.0016644307575523702,1.158
0.0016533700452448106,1.159
0.0016425203961783527,1.16
0.0016318753955313376,1.161
0.0016214286118305834,1.162
0.0016111731516758124,1.163
0.0016011013459887998,1.164
0.0015912049492665444,1.165
0.0015814757984346044,1.166
0.0015719065550577511,1.167
0.0015624912695534178,1.168
0.0015532257052064688,1.169
0.0015441074264103234,1.17
0.0015351356596097448,1.171
0.0015263109339891574,1.172
0.001517634518334933,1.173
0.0015091077210778326,1.174
0.0015007312758364099,1.175
0.0014925051487939508,1.176
0.0014844288462352005,1.177
0.0014765018934445487,1.178
0.0014687241372694677,1.179
0.0014610957661856624,1.18
0.0014536170769330478,1.181
0.0014462880559451628,1.182
0.0014391079336907708,1.183
0.0014320749851171404,1.184
0.001425186704454667,1.185
0.0014184401413415355,1.186
0.0014118321138484181,1.187
0.0014053591847200194,1.188
0.0013990174261317681,1.189
0.001392802171984886,1.19
0.001386708084694146,1.191
0.0013807296512655417,1.192
0.001374861866359796,1.193
0.0013691007934194938,1.194
0.0013634438432450753,1.195
0.0013578897189797073,1.196
0.001352438043397279,1.197
0.001347088742955477,1.198
0.0013418413836595938,1.199
0.0013366948198916537,1.2
0.0013316473691507278,1.201
0.0013266972957349404,1.202
0.0013218432606703413,1.203
0.0013170845805082587,1.204
0.0013124212475349808,1.205
0.0013078536954055054,1.206
0.0013033823462120216,1.207
0.0012990070921160275,1.208
0.001294726995078578,1.209
0.0012905403378119145,1.21
0.0012864448012588903,1.211
0.0012824374794123182,1.212
0.0012785147137366255,1.213
0.0012746719959719811,1.214
0.0012709041603722853,1.215
0.0012672057851807173,1.216
0.0012635715537586874,1.217
0.0012599964077349595,1.218
0.0012564754291760974,1.219
0.001253003495004295,1.22
0.0012495749417949494,1.221
0.0012461835641087622,1.222
0.0012428229984997369,1.223
0.0012394872147752625,1.224
0.0012361708469052618,1.225
0.0012328692850564393,1.226
0.001229578553773333,1.227
0.0012262950306573248,1.228
0.0012230150617210333,1.229
0.0012197345519951886,1.23
0.0012164487074182314,1.231
0.001213152132760383,1.232
0.0012098393031628417,1.233
0.0012065052279490128,1.234
0.0012031461080814476,1.235
0.001199759832734741,1.236
0.0011963461741843016,1.237
0.0011929065783973431,1.238
0.001189443534884738,1.239
0.0011859597513708884,1.24
0.0011824576968282048,1.241
0.001178939879095933,1.242
0.0011754095166515938,1.243
0.0011718710435199065,1.244
0.0011683302282655304,1.245
0.001164793937261164,1.246
0.001161269637449185,1.247
0.001157764791337113,1.248
0.0011542864027775169,1.249
0.0011508409583620754,1.25
0.0011474347218652001,1.251
0.0011440740778973944,1.252
0.0011407656716686746,1.253
0.0011375162724563447,1.254
0.0011343324287088753,1.255
0.0011312201242546043,1.256
0.001128184673385645,1.257
0.0011252308680209215,1.258
0.0011223631673784383,1.259
0.0011195857722122878,1.26
0.001116902583850221,1.261
0.0011143171076162704,1.262
0.001111832353552498,1.263
0.0011094507704862836,1.264
0.0011071742278245692,1.265
0.0011050040320879956,1.266
0.0011029409369695056,1.267
0.0011009850929103327,1.268
0.0010991359260543192,1.269
0.0010973920399751775,1.27
0.0010957512523421756,1.271
0.0010942107392732992,1.272
0.001092767157975843,1.273
0.0010914166732584193,1.274
0.0010901549027903484,1.275
0.0010889768296035375,1.276
0.0010878767299146704,1.277
0.001086848158541294,1.278
0.0010858840271947767,1.279
0.0010849767923718106,1.28
0.0010841187351389645,1.281
0.0010833022792195038,1.282
0.0010825202779583731,1.283
0.0010817662138229876,1.284
0.001081034284751211,1.285
0.0010803193765871438,1.286
0.0010796169218431253,1.287
0.0010789226251837892,1.288
0.0010782320832377341,1.289
0.001077540522510114,1.29
0.001076842969487683,1.291
0.0010761348773548863,1.292
0.0010754128930486012,1.293
0.0010746754350765655,1.294
0.0010739229068189168,1.295
0.0010731574851980453,1.296
0.001072382516009261,1.297
0.0010716017199575469,1.298
0.001070818651755846,1.299
0.0010700367496826446,1.3
0.001069259791324786,1.301
0.0010684923031359103,1.302
0.0010677396714883556,1.303
0.0010670079323022899,1.304
0.0010663033182807394,1.305
0.0010656317755193363,1.306
0.0010649987788925311,1.307
0.0010644095728635455,1.308
0.0010638695798137442,1.309
0.0010633846564862056,1.31
0.0010629610755602341,1.311
0.0010626052338675303,1.312
0.0010623232253710575,1.313
0.0010621206122097672,1.314
0.0010620026061208124,1.315
0.001061974459626165,1.316
0.00106204174785834,1.317
0.001062210423786476,1.318
0.0010624866675024006,1.319
0.0010628765849628708,1.32
0.0010633858550060556,1.321
0.0010640194970548207,1.322
0.0010647819044473903,1.323
0.0010656770988690385,1.324
0.001066709028686039,1.325
0.0010678817731011757,1.326
0.001069199591000144,1.327
0.0010706667977246908,1.328
0.0010722874919694837,1.329
0.0010740652280998117,1.33
0.0010760028128578012,1.331
0.0010781023292008834,1.332
0.0010803652827053977,1.333
0.0010827927202337034,1.334
0.001085385290712877,1.335
0.001088143290359165,1.336
0.0010910667290444072,1.337
0.001094155426193816,1.338
0.0010974091129694783,1.339
0.0011008274931232317,1.34
0.0011044102065917998,1.341
0.0011081566536061834,1.342
0.0011120657234117138,1.343
0.0011161356257118867,1.344
0.0011203640009552404,1.345
0.0011247482236637811,1.346
0.0011292856649353328,1.347
0.001133973763987141,1.348
0.0011388098610138487,1.349
0.0011437908773031754,1.35
0.0011489131412830928,1.351
0.0011541726048674514,1.352
0.0011595653072908958,1.353
0.0011650877534901826,1.354
0.0011707370154302895,1.355
0.0011765105243348377,1.356
0.0011824056381031334,1.357
0.001188419220372931,1.358
0.0011945475206437532,1.359
0.0012007864073349816,1.36
0.0012071317112376323,1.361
0.001213579436036719,1.362
0.0012201257531551774,1.363
0.0012267667902960773,1.364
0.0012334982791574439,1.365
0.001240315210372846,1.366
0.0012472116705704451,1.367
0.0012541808789515013,1.368
0.0012612152463112897,1.369
0.0012683063220825556,1.37
0.0012754447029972066,1.371
0.0012826200662944829,1.372
0.00128982136608581,1.373
0.0012970370815061226,1.374
0.0013042554050830975,1.375
0.0013114643300037342,1.376
0.001318651623891656,1.377
0.0013258046760314488,1.378
0.001332910246817924,1.379
0.0013399542889123855,1.38
0.001346922085436721,1.381
0.001353798761788018,1.382
0.0013605699791744337,1.383
0.0013672225781441864,1.384
0.0013737450152939644,1.385
0.0013801274909854859,1.386
0.0013863617199392976,1.387
0.0013924403650031197,1.388
0.0013983562760044477,1.389
0.0014041018821755878,1.39
0.0014096691064815494,1.391
0.0014150497843943145,1.392
0.0014202362259966097,1.393
0.0014252216520079476,1.394
0.0014300004543119126,1.395
0.0014345682913381615,1.396
0.0014389220083484528,1.397
0.0014430593637390781,1.398
0.0014469785566844447,1.399
0.001450677626628476,1.4
0.0014541539626281696,1.401
0.0014574042099978512,1.402
0.0014604245685625173,1.403
0.001463211160629148,1.404
0.0014657601874338304,1.405
0.0014680677965808746,1.406
0.0014701297217188719,1.407
0.0014719409056350317,1.408
0.0014734953832908667,1.409
0.0014747864494828282,1.41
0.0014758068081386223,1.411
0.0014765484888373832,1.412
0.001477002755740041,1.413
0.001477160408053324,1.414
0.0014770125049096024,1.415
0.0014765511601144534,1.416
0.0014757700663871737,1.417
0.001474664598535585,1.418
0.0014732314723425175,1.419
0.0014714680298572255,1.42
0.0014693714467433562,1.421
0.0014669384316261388,1.422
0.0014641657283189738,1.423
0.0014610510630937155,1.424
0.001457594012639618,1.425
0.0014537965630094655,1.426
0.0014496632966020356,1.427
0.0014452011816397162,1.428
0.0014404189853413078,1.429
0.0014353263817284284,1.43
0.001429933005586513,1.431
0.001424247988100166,1.432
0.0014182803010858852,1.433
0.0014120395737152504,1.434
0.0014055368662040523,1.435
0.0013987851978468813,1.436
0.0013917998035659948,1.437
0.001384598107562197,1.438
0.0013771994116337867,1.439
0.0013696243165401214,1.44
0.001361893937111224,1.441
0.001354029123688994,1.442
0.0013460500928514888,1.443
0.0013379766510924229,1.444
0.001329828682114049,1.445
0.0013216264853987858,1.446
0.0013133908404477873,1.447
0.0013051428357827026,1.448
0.001296903538623059,1.449
0.001288693596942596,1.45
0.0012805328712410604,1.451
0.0012724401888931048,1.452
0.00126443324399057,1.453
0.001256528581180259,1.454
0.0012487416453394451,1.455
0.0012410869410171815,1.456
0.00123357827348661,1.457
0.0012262289693256783,1.458
0.0012190519937198975,1.459
0.0012120599266999836,1.46
0.0012052648035712644,1.461
0.00119867788625022,1.462
0.0011923094920020419,1.463
0.0011861689592978333,1.464
0.001180264688630045,1.465
0.0011746041526478688,1.466
0.0011691938600680008,1.467
0.0011640393359850876,1.468
0.0011591451871205245,1.469
0.0011545152802036418,1.47
0.0011501530060983728,1.471
0.0011460615621314524,1.472
0.001142244177092326,1.473
0.0011387042221119984,1.474
0.0011354451798402288,1.475
0.0011324704717809555,1.476
0.001129783170026747,1.477
0.0011273856884691943,1.478
0.0011252796291841567,1.479
0.001123465859817612,1.48
0.0011219446759305985,1.481
0.001120715872954778,1.482
0.001119778683951448,1.483
0.0011191316275609197,1.484
0.0011187723631581787,1.485
0.0011186976540670812,1.486
0.0011189034382843787,1.487
0.0011193849095714361,1.488
0.0011201365319087274,1.489
0.0011211519778493455,1.49
0.0011224240252009007,1.491
0.001123944476387941,1.492
0.0011257041507270952,1.493
0.0011276929350499969,1.494
0.0011298998428191302,1.495
0.001132313051023209,1.496
0.0011349199035874343,1.497
0.0011377068713808952,1.498
0.0011406594809136605,1.499
0.0011437622760135404,1.5
0.0011469988644968153,1.501
0.0011503519975862113,1.502
0.0011538035884000872,1.503
0.0011573346972228702,1.504
0.0011609256597020997,1.505
0.001164556481541385,1.506
0.0011682074144184348,1.507
0.0011718595225580681,1.508
0.0011754950758944963,1.509
0.001179097645772145,1.51
0.0011826518265303505,1.511
0.001186142649840121,1.512
0.0011895550602825488,1.513
0.0011928739517198118,1.514
0.0011960848480124272,1.515
0.0011991748117276423,1.516
0.0012021331741406036,1.517
0.0012049519383927657,1.518
0.0012076258374489589,1.519
0.0012101520716097372,1.52
0.0012125297808343435,1.521
0.0012147593170757818,1.522
0.001216841430836248,1.523
0.001218776662605155,1.524
0.0012205653076812692,1.525
0.0012222079863967053,1.526
0.0012237064419574277,1.527
0.0012250641854256287,1.528
0.001226286814772566,1.529
0.0012273819568095793,1.53
0.001228358857148348,1.531
0.001229227722844729,1.532
0.0012299989757939098,1.533
0.0012306825928548313,1.534
0.001231287677419678,1.535
0.0012318222810079613,1.536
0.0012322933519749795,1.537
0.0012327067018544787,1.538
0.0012330669980361974,1.539
0.0012333778469749439,1.54
0.0012336420047978204,1.541
0.0012338616959666384,1.542
0.0012340389752085248,1.543
0.0012341760545359853,1.544
0.0012342755322552084,1.545
0.0012343404933564616,1.546
0.001234374488460459,1.547
0.001234381429255394,1.548
0.001234365453250199,1.549
0.0012343308034647618,1.55
0.0012342817390320257,1.551
0.0012342224522606038,1.552
0.0012341569379932975,1.553
0.0012340887648151881,1.554
0.0012340208052259607,1.555
0.0012339551582813766,1.556
0.0012338934360832587,1.557
0.0012338372809240954,1.558
0.00123378886270379,1.559
0.0012337512172509364,1.56
0.0012337283700209456,1.561
0.0012337252215078884,1.562
0.0012337472003590769,1.563
0.0012337997461244253,1.564
0.0012338878203347907,1.565
0.0012340157276759453,1.566
0.0012341873018638814,1.567
0.0012344061879633133,1.568
0.0012346759589476088,1.569
0.0012350000050430267,1.57
0.00123538125881213,1.571
0.0012358219242717206,1.572
0.0012363234262185371,1.573
0.0012368866220536946,1.574
0.0012375120929588395,1.575
0.001238200329515217,1.576
0.0012389517503227114,1.577
0.0012397665572645266,1.578
0.0012406444653517486,1.579
0.0012415844312562026,1.58
0.0012425845823760568,1.581
0.0012436424339540776,1.582
0.0012447552664344083,1.583
0.001245920502246945,1.584
0.0012471360150253723,1.585
0.001248400336782738,1.586
0.0012497127159665942,1.587
0.0012510729798754523,1.588
0.0012524811807012458,1.589
0.0012539371104260968,1.59
0.001255439952273564,1.591
0.0012569883184084393,1.592
0.0012585806006757902,1.593
0.0012602153503162518,1.594
0.0012618915022606454,1.595
0.0012636084012221304,1.596
0.001265365632353839,1.597
0.0012671626724684271,1.598
0.001268998469865842,1.599
0.0012708712315436651,1.6
0.0012727786171828123,1.601
0.0012747181775732334,1.602
0.0012766877302975701,1.603
0.0012786855154039072,1.604
0.0012807101023962135,1.605
0.0012827600689511937,1.606
0.0012848335672218242,1.607
0.0012869280589302098,1.608
0.0012890404589626775,1.609
0.0012911675890224159,1.61
0.001293306635115347,1.611
0.0012954553923113083,1.612
0.001297612216567007,1.613
0.001299775689305435,1.614
0.0013019441168824121,1.615
0.001304115138791013,1.616
0.0013062856849230524,1.617
0.0013084522173788325,1.618
0.0013106109819588537,1.619
0.0013127580838696255,1.62
0.0013148893551168139,1.621
0.0013170000717801897,1.622
0.0013190846858626946,1.623
0.0013211367663911139,1.624
0.001323149150344939,1.625
0.0013251140879452737,1.626
0.0013270231991667986,1.627
0.001328867296882759,1.628
0.0013306363621560847,1.629
0.0013323198818931989,1.63
0.0013339074320279217,1.631
0.0013353892593192796,1.632
0.001336756712900949,1.633
0.0013380024419966767,1.634
0.001339120300318247,1.635
0.0013401049395159563,1.636
0.0013409511829001876,1.637
0.0013416535050698548,1.638
0.0013422060403933183,1.639
0.0013426031851491492,1.64
0.0013428404264273534,1.641
0.001342915028609961,1.642
0.0013428264197903241,1.643
0.0013425762316309233,1.644
0.0013421679960952254,1.645
0.001341606549133071,1.646
0.001340897236427757,1.647
0.0013400451608049765,1.648
0.0013390548871881475,1.649
0.0013379307942780914,1.65
0.0013366777519393757,1.651
0.001335301694935603,1.652
0.0013338098971318669,1.653
0.0013322108860254036,1.654
0.0013305139970816661,1.655
0.0013287286999202816,1.656
0.0013268640363409794,1.657
0.0013249285164398902,1.658
0.001322930432420754,1.659
0.001320878215052508,1.66
0.0013187805500997581,1.661
0.0013166462069670627,1.662
0.0013144836610186402,1.663
0.001312300713203202,1.664
0.0013101043748356314,1.665
0.001307901084418881,1.666
0.0013056970460771586,1.667
0.0013034984797752188,1.668
0.0013013117337641416,1.669
0.0012991432805837572,1.67
0.0012969996169369426,1.671
0.0012948870787797954,1.672
0.0012928115793301568,1.673
0.0012907783123024014,1.674
0.0012887915415531806,1.675
0.0012868545941816514,1.676
0.0012849700208324834,1.677
0.001283139777309941,1.678
0.0012813653332507443,1.679
0.0012796476957189736,1.68
0.0012779873556048177,1.681
0.0012763841493066235,1.682
0.0012748370708684298,1.683
0.001273344200091511,1.684
0.00127190288746108,1.685
0.0012705100803110311,1.686
0.0012691625360803757,1.687
0.0012678567655710704,1.688
0.0012665887621451574,1.689
0.0012653538314773693,1.69
0.0012641468050181113,1.691
0.001262962529464898,1.692
0.0012617963172579462,1.693
0.0012606441757481207,1.694
0.0012595027800321242,1.695
0.0012583692177884085,1.696
0.0012572405714484916,1.697
0.0012561134559980456,1.698
0.0012549837138234874,1.699
0.0012538464349037767,1.7
0.001252696261954682,1.701
0.0012515278001777248,1.702
0.0012503359892093733,1.703
0.001249116346441638,1.704
0.0012478649946122643,1.705
0.0012465784079313774,1.706
0.0012452529455771787,1.707
0.001243884488240011,1.708
0.0012424684911144616,1.709
0.0012410003497203895,1.71
0.0012394756768503835,1.711
0.0012378902209816524,1.712
0.0012362394988977084,1.713
0.0012345185673317935,1.714
0.0012327223220870165,1.715
0.0012308462005002389,1.716
0.0012288868523183199,1.717
0.0012268424822924806,1.718
0.0012247127629868132,1.719
0.0012224983200247199,1.72
0.001220199992934486,1.721
0.0012178183961076704,1.722
0.001215354200465585,1.723
0.001212808923545061,1.724
0.0012101856958849195,1.725
0.0012074896874053297,1.726
0.0012047281007167105,1.727
0.001201909726535202,1.728
0.0011990441613342205,1.729
0.0011961410148156764,1.73
0.0011932095813736035,1.731
0.001190259085368445,1.732
0.001187299071203238,1.733
0.0011843395269825854,1.734
0.0011813906898291181,1.735
0.0011784626594001063,1.736
0.0011755649740433412,1.737
0.0011727062926613608,1.738
0.0011698942392848392,1.739
0.0011671353590280863,1.74
0.0011644351228013113,1.741
0.0011617979542176047,1.742
0.001159227245614562,1.743
0.0011567253452328362,1.744
0.0011542935530728536,1.745
0.0011519321845767634,1.746
0.0011496407304275246,1.747
0.0011474180904874464,1.748
0.0011452628274052285,1.749
0.0011431733878442523,1.75
0.0011411482606356715,1.751
0.0011391860557327846,1.752
0.0011372854884362075,1.753
0.0011354452500607392,1.754
0.0011336637535344545,1.755
0.0011319388357338392,1.756
0.0011302676594780621,1.757
0.001128646985007888,1.758
0.001127073669833275,1.759
0.0011255451428161282,1.76
0.001124059715841134,1.761
0.0011226166811535258,1.762
0.0011212161812419754,1.763
0.0011198588818389984,1.764
0.0011185455086478696,1.765
0.0011172763751554128,1.766
0.0011160511390475188,1.767
0.0011148689353950212,1.768
0.0011137287396122458,1.769
0.0011126297093668896,1.77
0.0011115713808736816,1.771
0.001110553689174548,1.772
0.0011095768116655854,1.773
0.0011086408581057056,1.774
0.0011077454968831122,1.775
0.0011068897155734518,1.776
0.0011060718634333224,1.777
0.001105289881950506,1.778
0.001104541517194529,1.779
0.001103824408186108,1.78
0.0011031360445695902,1.781
0.0011024736158974239,1.782
0.0011018337862524763,1.783
0.0011012124713666784,1.784
0.0011006047493621876,1.785
0.0011000049596399527,1.786
0.001099406873326057,1.787
0.0010988037787836853,1.788
0.0010981884162830052,1.789
0.0010975528287035972,1.79
0.0010968883342344234,1.791
0.0010961857619295292,1.792
0.0010954358312371766,1.793
0.0010946294493017646,1.794
0.0010937577824368923,1.795
0.0010928120490460008,1.796
0.0010917831700205957,1.797
0.0010906616789873838,1.798
0.0010894381707027727,1.799
0.0010881040820318654,1.8
0.001086652433762682,1.801
0.0010850783471294315,1.802
0.0010833792713104686,1.803
0.0010815548933495716,1.804
0.001079606743712469,1.805
0.0010775375541562148,1.806
0.0010753504953399777,1.807
0.0010730485707021594,1.808
0.0010706344975478373,1.809
0.0010681111124259774,1.81
0.0010654819839394864,1.811
0.0010627519287102975,1.812
0.0010599273245000098,1.813
0.0010570162090826644,1.814
0.0010540281763733554,1.815
0.0010509740950987681,1.816
0.0010478656847390548,1.817
0.0010447149978448946,1.818
0.001041533895902419,1.819
0.0010383336667119886,1.82
0.0010351249062026467,1.821
0.0010319176194576029,1.822
0.0010287213796551576,1.823
0.0010255454456107851,1.824
0.001022398823407105,1.825
0.0010192902616400984,1.826
0.0010162281554688464,1.827
0.0010132203687549786,1.828
0.0010102740723991574,1.829
0.0010073957238942342,1.83
0.001004591185568268,1.831
0.00100186585695395,1.832
0.000999224731136743,1.833
0.0009966723696201907,1.834
0.000994212814075007,1.835
0.0009918494588690198,1.836
0.0009895849569477478,1.837
0.0009874212636367436,1.838
0.0009853598395102156,1.839
0.0009834019156227884,1.84
0.0009815487077000802,1.841
0.0009798015166815222,1.842
0.0009781616992561534,1.843
0.0009766305323594309,1.844
0.0009752090298569368,1.845
0.0009738977850385278,1.846
0.0009726969034893092,1.847
0.000971606059379174,1.848
0.0009706246634473918,1.849
0.0009697520855349664,1.85
0.0009689878413957187,1.851
0.0009683316471157282,1.852
0.0009677832753681222,1.853
0.0009673422599061501,1.854
0.0009670076762518934,1.855
0.0009667782277656854,1.856
0.0009666525956102541,1.857
0.0009666298308008726,1.858
0.00096670964619707,1.859
0.0009668925781870784,1.86
0.0009671800171108588,1.861
0.0009675741074414386,1.862
0.000968077526314237,1.863
0.0009686931603705843,1.864
0.0009694237282886203,1.865
0.0009702714777153859,1.866
0.0009712381350968275,1.867
0.0009723251376342606,1.868
0.000973533963607793,1.869
0.0009748663688768839,1.87
0.0009763244607368069,1.871
0.000977910619533222,1.872
0.0009796273124690977,1.873
0.0009814768586604232,1.874
0.0009834611969287532,1.875
0.0009855816865593314,1.876
0.0009878389508294048,1.877
0.000990232763808894,1.878
0.0009927619820924054,1.879
0.0009954245279034915,1.88
0.0009982174337859753,1.881
0.0010011369600241465,1.882
0.0010041787914392103,1.883
0.0010073383062696518,1.884
0.0010106108826955496,1.885
0.0010139921707352415,1.886
0.001017478224723794,1.887
0.0010210653893175839,1.888
0.00102474996778166,1.889
0.0010285279997287997,1.89
0.0010323955133268615,1.891
0.001036349183260049,1.892
0.0010403869991968582,1.893
0.001044508657595578,1.894
0.001048715602865454,1.895
0.0010530107579503037,1.896
0.0010573980363713688,1.897
0.0010618817391043007,1.898
0.0010664659723641434,1.899
0.0010711543065665837,1.9
0.0010759498263991064,1.901
0.0010808554482230354,1.902
0.0010858742478476106,1.903
0.00109100964727571,1.904
0.0010962654233488277,1.905
0.0011016455488589406,1.906
0.001107153904021548,1.907
0.0011127939287362287,1.908
0.001118568336771156,1.909
0.001124479006083852,1.91
0.0011305270218567465,1.911
0.0011367127244277678,1.912
0.0011430356657652757,1.913
0.001149494534283393,1.914
0.0011560871966022409,1.915
0.0011628109221343893,1.916
0.0011696626990688774,1.917
0.0011766395004697405,1.918
0.0011837384017162834,1.919
0.0011909564950277505,1.92
0.0011982906082839305,1.921
0.0012057369708607657,1.922
0.0012132910874923684,1.923
0.0012209479329698986,1.924
0.001228702282225644,1.925
0.0012365489374318774,1.926
0.0012444827557170325,1.927
0.001252498469295567,1.928
0.0012605903595856837,1.929
0.0012687519717518461,1.93
0.0012769760854633013,1.931
0.0012852549560653963,1.932
0.0012935806327864813,1.933
0.001301945178577463,1.934
0.001310340721731129,1.935
0.0013187593113664993,1.936
0.001327192603693054,1.937
0.0013356315624530489,1.938
0.0013440664375027637,1.939
0.0013524870538648857,1.94
0.0013608831496965366,1.941
0.0013692445118752964,1.942
0.001377560832676743,1.943
0.0013858213645001744,1.944
0.0013940146350021154,1.945
0.001402128520889474,1.946
0.0014101506849174402,1.947
0.001418069102296979,1.948
0.0014258724362125785,1.949
0.0014335501661128115,1.95
0.0014410924388452847,1.951
0.0014484896392678228,1.952
0.0014557318186910698,1.953
0.001462808396461064,1.954
0.0014697084855883405,1.955
0.0014764216733344213,1.956
0.0014829388116844408,1.957
0.0014892525311622636,1.958
0.0014953573618211695,1.959
0.0015012494203116293,1.96
0.0015069256874286462,1.961
0.0015123831186293442,1.962
0.001517618172139178,1.963
0.0015226271338336225,1.964
0.0015274068710574675,1.965
0.0015319554079317843,1.966
0.001536272068256149,1.967
0.0015403571961685202,1.968
0.0015442115516313885,1.969
0.001547835588502391,1.97
0.0015512289732184344,1.971
0.0015543906094720693,1.972
0.00155731904491189,1.973
0.001560012937352888,1.974
0.0015624713988828386,1.975
0.0015646941794575867,1.976
0.0015666816773433085,1.977
0.0015684347630855846,1.978
0.0015699544157480787,1.979
0.0015712412255927185,1.98
0.0015722949686065963,1.981
0.001573114560677743,1.982
0.0015736984902586524,1.983
0.0015740455075938776,1.984
0.0015741553101313545,1.985
0.001574029090813422,1.986
0.0015736698673858352,1.987
0.0015730825305577871,1.988
0.0015722735981610746,1.989
0.001571250718686677,1.99
0.0015700220025581572,1.991
0.001568595304613522,1.992
0.0015669776904335107,1.993
0.0015651753228138965,1.994
0.0015631937193720988,1.995
0.0015610380656898419,1.996
0.0015587133498223109,1.997
0.0015562243074906173,1.998
0.0015535752820706621,1.999
0.0015507701250134975,2.0
0.001547812234896114,2.001
0.001544704772527322,2.002
0.0015414510217532415,2.003
0.0015380548108333504,2.004
0.0015345208785538928,2.005
0.001530855069369715,2.006
0.0015270642742690463,2.007
0.001523156090571441,2.008
0.0015191382369903548,2.009
0.0015150179046481073,2.01
0.0015108014237566936,2.011
0.001506494476608738,2.012
0.0015021026273457471,2.013
0.0014976318132891644,2.014
0.001493088656921352,2.015
0.0014884805834400135,2.016
0.0014838157520311104,2.017
0.0014791028330696412,2.018
0.0014743506828558614,2.019
0.001469567972021157,2.02
0.0014647628123646934,2.021
0.0014599424208111046,2.022
0.0014551128885219849,2.023
0.001450279134895189,2.024
0.00144544503364544,2.025
0.0014406135906434576,2.026
0.0014357870637926164,2.027
0.001430966980853619,2.028
0.0014261540394011046,2.029
0.0014213479348366437,2.03
0.0014165472958493433,2.031
0.0014117498943447212,2.032
0.001406953071793041,2.033
0.0014021541862559283,2.034
0.001397350923537101,2.035
0.0013925413689281506,2.036
0.0013877237787556865,2.037
0.0013828961334753417,2.038
0.0013780558088667706,2.039
0.0013731997188620405,2.04
0.0013683248897036378,2.041
0.001363429126757014,2.042
0.0013585115257416193,2.043
0.0013535727487996574,2.044
0.0013486150425493634,2.045
0.0013436419909427125,2.046
0.0013386580194791058,2.047
0.001333667729858391,2.048
0.0013286753034249317,2.049
0.0013236843123451054,2.05
0.0013186980110692248,2.051
0.001313719793444456,2.052
0.0013087535027870578,2.053
0.001303803520020965,2.054
0.0012988746720521797,2.055
0.0012939720170047644,2.056
0.0012891005604038228,2.057
0.0012842649491738227,2.058
0.0012794691862230696,2.059
0.0012747164062708008,2.06
0.0012700087461209552,2.061
0.0012653473245745196,2.062
0.0012607323235506256,2.063
0.0012561631438305712,2.064
0.001251638600781639,2.065
0.0012471571224323852,2.066
0.001242716909065406,2.067
0.001238316011200452,2.068
0.0012339522858457672,2.069
0.0012296232025517063,2.07
0.001225325567530491,2.071
0.0012210554205261668,2.072
0.0012168083216951195,2.073
0.0012125799302931948,2.074
0.0012083666235542356,2.075
0.0012041659880467038,2.076
0.0011999770803471101,2.077
0.0011958003810565339,2.078
0.0011916374175166978,2.079
0.0011874901313177206,2.08
0.0011833602733395555,2.081
0.0011792492351620177,2.082
0.0011751584206949157,2.083
0.001171089812189038,2.084
0.0011670463720638996,2.085
0.0011630321791157917,2.086
0.0011590523303514552,2.087
0.001155112669323625,2.088
0.001151219412629755,2.089
0.001147378734180144,2.09
0.0011435963662554866,2.091
0.0011398773341195143,2.092
0.0011362259558106418,2.093
0.0011326460866530417,2.094
0.001129141429936835,2.095
0.001125715757912968,2.096
0.0011223729909198685,2.097
0.001119117139423245,2.098
0.0011159521310235255,2.099
0.0011128815451727978,2.1
0.0011099083252829327,2.101
0.0011070346392851975,2.102
0.0011042619937518838,2.103
0.0011015914603262629,2.104
0.0010990237897243783,2.105
0.0010965593217780792,2.106
0.0010941977879484219,2.107
0.0010919382473245183,2.108
0.001089779276377328,2.109
0.0010877192302042019,2.11
0.0010857563261460392,2.111
0.0010838884891051879,2.112
0.001082113130777797,2.113
0.0010804271568455323,2.114
0.00107882730930195,2.115
0.0010773106378625873,2.116
0.0010758748454603605,2.117
0.0010745183925270146,2.118
0.0010732403368716354,2.119
0.0010720399335105082,2.12
0.0010709161481864482,2.121
0.001069867420543779,2.122
0.0010688918765168688,2.123
0.0010679877740599813,2.124
0.0010671538578446206,2.125
0.001066389497945175,2.126
0.0010656946099143758,2.127
0.0010650693811110074,2.128
0.0010645138717511626,2.129
0.0010640276643595799,2.13
0.0010636097881571173,2.131
0.001063258954806169,2.132
0.0010629738929680116,2.133
0.0010627535700307457,2.134
0.0010625972250331236,2.135
0.0010625042006711155,2.136
0.0010624736239929187,2.137
0.0010625041326243134,2.138
0.0010625938869950199,2.139
0.0010627408682988167,2.14
0.0010629432151970145,2.141
0.0010631993913603952,2.142
0.0010635081367994193,2.143
0.0010638682407184792,2.144
0.0010642782074173445,2.145
0.0010647359469585335,2.146
0.0010652386784955655,2.147
0.0010657831292022076,2.148
0.0010663659090821113,2.149
0.0010669838960481782,2.15
0.0010676345422106495,2.151
0.001068316049349945,2.152
0.0010690273694548371,2.153
0.0010697680016588434,2.154
0.0010705375933311155,2.155
0.0010713354955438027,2.156
0.0010721605955436476,2.157
0.0010730115831303903,2.158
0.001073887400191559,2.159
0.0010747875339563017,2.16
0.0010757120194101687,2.161
0.0010766611619461898,2.162
0.001077635098927658,2.163
0.0010786334561028949,2.164
0.0010796553217088099,2.165
0.0010806994816867322,2.166
0.0010817646629041747,2.167
0.0010828496021185947,2.168
0.0010839528929106315,2.169
0.0010850726930814643,2.17
0.0010862065404341518,2.171
0.0010873514772424516,2.172
0.0010885043787506592,2.173
0.0010896622362661307,2.174
0.0010908222603455322,2.175
0.0010919817802052265,2.176
0.0010931379636568326,2.177
0.0010942874936509133,2.178
0.0010954264780780243,2.179
0.001096550748643137,2.18
0.0010976563757001086,2.181
0.0010987401250309428,2.182
0.0010997997091822614,2.183
0.0011008337759424768,2.184
0.0011018416197022228,2.185
0.0011028226889315447,2.186
0.0011037761466316757,2.187
0.0011047008272945331,2.188
0.0011055956443722043,2.189
0.0011064601285136642,2.19
0.0011072947761346114,2.191
0.0011081011003055681,2.192
0.0011088814020732685,2.193
0.0011096383320442452,2.194
0.0011103743715837166,2.195
0.0011110914482062649,2.196
0.0011117908804946213,2.197
0.0011124736366043616,2.198
0.001113140721767507,2.199
0.0011137935543033058,2.2
0.00111443427959605,2.201
0.0011150659838445377,2.202
0.0011156927563994725,2.203
0.0011163195538255073,2.204
0.0011169518440498,2.205
0.001117595103999045,2.206
0.0011182544361967898,2.207
0.0011189346071740723,2.208
0.0011196404923095398,2.209
0.0011203776082062918,2.21
0.001121152461802046,2.211
0.0011219726315362237,2.212
0.001122846598208762,2.213
0.001123783383573217,2.214
0.0011247920676910937,2.215
0.0011258813070941687,2.216
0.0011270590722230291,2.217
0.0011283327236592457,2.218
0.0011297092583256025,2.219
0.0011311954758704537,2.22
0.001132797969699861,2.221
0.0011345229640927583,2.222
0.0011363760687512971,2.223
0.00113836207089863,2.224
0.0011404848755573495,2.225
0.001142747584112414,2.226
0.0011451525925646583,2.227
0.0011477016122441875,2.228
0.0011503955927179915,2.229
0.0011532346026820644,2.23
0.0011562177952759505,2.231
0.001159343538295338,2.232
0.0011626096443208228,2.233
0.0011660135863408587,2.234
0.0011695526379497815,2.235
0.0011732239167171043,2.236
0.0011770243288915304,2.237
0.001180950435561945,2.238
0.0011849982778569467,2.239
0.001189163204166532,2.24
0.0011934397334106143,2.241
0.001197821471057888,2.242
0.001202301077352592,2.243
0.0012068702751191602,2.244
0.0012115198801496997,2.245
0.001216239839824724,2.246
0.001221019268776876,2.247
0.0012258464672342264,2.248
0.0012307088990221166,2.249
0.0012355931197415202,2.25
0.0012404847218858799,2.251
0.001245368435159141,2.252
0.0012502284525229515,2.253
0.0012550489068633,2.254
0.0012598143650648604,2.255
0.0012645102258313874,2.256
0.0012691229294126245,2.257
0.0012736399114073925,2.258
0.0012780492674395899,2.259
0.0012823392009167478,2.26
0.0012864975637999578,2.261
0.001290511885567767,2.262
0.0012943699203890602,2.263
0.0012980603425237459,2.264
0.0013015732536036065,2.265
0.001304900386999859,2.266
0.0013080349998955399,2.267
0.0013109714775337187,2.268
0.0013137047029644195,2.269
0.001316229364336633,2.27
0.0013185395807435497,2.271
0.001320629121346445,2.272
0.0013224920319958307,2.273
0.0013241232939119837,2.274
0.001325519312238895,2.275
0.0013266781610222133,2.276
0.0013275995356304855,2.277
0.0013282843870557088,2.278
0.0013287342625939009,2.279
0.00132895058066382,2.28
0.0013289343441963714,2.281
0.0013286865713097616,2.282
0.0013282090856141608,2.283
0.00132750514327509,2.284
0.0013265796734996359,2.285
0.0013254391148171116,2.286
0.0013240909140694852,2.287
0.0013225428165460351,2.288
0.00132080216701044,2.289
0.0013188755503512192,2.29
0.0013167689239870482,2.291
0.001314488000272223,2.292
0.0013120385590490204,2.293
0.0013094265706006408,2.294
0.0013066581138253652,2.295
0.001303739087584826,2.296
0.0013006748367002591,2.297
0.0012974700392963552,2.298
0.0012941290972817467,2.299
0.0012906568147110613,2.3
0.0012870589686940664,2.301
0.0012833425472879643,2.302
0.00127951557728132,2.303
0.0012755865749195558,2.304
0.001271563885667525,2.305
0.001267455398856477,2.306
0.0012632688554472863,2.307
0.0012590124070016265,2.308
0.0012546950006656079,2.309
0.0012503264668763182,2.31
0.0012459173630127458,2.311
0.0012414786700489604,2.312
0.0012370214485923322,2.313
0.0012325565304534055,2.314
0.0012280942714409683,2.315
0.0012236443503300155,2.316
0.0012192155906898896,2.317
0.0012148158185060639,2.318
0.0012104518063914339,2.319
0.0012061293094913106,2.32
0.0012018531132420814,2.321
0.0011976270226637024,2.322
0.001193453817349467,2.323
0.001189335252125115,2.324
0.001185272125977638,2.325
0.0011812643439000278,2.326
0.0011773109064695036,2.327
0.0011734098908355852,2.328
0.0011695585647163364,2.329
0.0011657536803476043,2.33
0.0011619918563549755,2.331
0.0011582699333260913,2.332
0.001154585233119678,2.333
0.0011509356768616768,2.334
0.0011473197310641224,2.335
0.0011437361744451198,2.336
0.0011401837092795254,2.337
0.0011366605340314547,2.338
0.0011331641211567015,2.339
0.001129691335111069,2.34
0.0011262387238343526,2.341
0.0011228027516039106,2.342
0.0011193798905561475,2.343
0.0011159665633275703,2.344
0.001112558935550149,2.345
0.001109152631874233,2.346
0.0011057426000407502,2.347
0.0011023233111004652,2.348
0.0010988892006648485,2.349
0.0010954351029873251,2.35
0.0010919565048661782,2.351
0.0010884495338561691,2.352
0.0010849106523304925,2.353
0.001081336183706126,2.354
0.0010777220376203037,2.355
0.0010740639264284352,2.356
0.001070357926542305,2.357
0.0010666010392947787,2.358
0.0010627915670665751,2.359
0.0010589292564562175,2.36
0.0010550151923237297,2.361
0.0010510514473950235,2.362
0.0010470405280212632,2.363
0.0010429847966863701,2.364
0.001038886240346415,2.365
0.001034746784572978,2.366
0.0010305688992856934,2.367
0.0010263561288951855,2.368
0.0010221133866895674,2.369
0.001017846978970373,2.37
0.0010135643671363979,2.371
0.0010092737216150169,2.372
0.0010049833625897287,2.373
0.0010007012528261145,2.374
0.0009964347551940191,2.375
0.0009921906999573432,2.376
0.0009879755489003886,2.377
0.0009837954462527758,2.378
0.0009796561250470558,2.379
0.0009755627343114576,2.38
0.0009715196702132949,2.381
0.0009675304850756429,2.382
0.0009635979178071907,2.383
0.0009597240531159141,2.384
0.0009559105844126228,2.385
0.0009521591268048782,2.386
0.0009484715029308193,2.387
0.0009448499136607936,2.388
0.000941296919413435,2.389
0.0009378152014073907,2.39
0.0009344071965539658,2.391
0.0009310748690295405,2.392
0.0009278197993449133,2.393
0.0009246434449893046,2.394
0.0009215473205267716,2.395
0.0009185330103854117,2.396
0.0009156020508967522,2.397
0.0009127557384306241,2.398
0.0009099949113382689,2.399
0.0009073197629927933,2.4
0.0009047297723026659,2.401
0.0009022237933426734,2.402
0.000899800242025866,2.403
0.0008974572945638749,2.404
0.0008951930538898348,2.405
0.0008930056541420499,2.406
0.000890893270842608,2.407
0.0008888540103913037,2.408
0.000886885700165481,2.409
0.0008849857285286834,2.41
0.000883151147159568,2.411
0.0008813790771855504,2.412
0.0008796672458960267,2.413
0.0008780144624527563,2.414
0.0008764209225639737,2.415
0.0008748882790176115,2.416
0.0008734194480640963,2.417
0.0008720181689489169,2.418
0.0008706884299026735,2.419
0.0008694340211018955,2.42
0.0008682584546539748,2.421
0.0008671651912806543,2.422
0.0008661578978359978,2.423
0.00086524056428692,2.424
0.0008644174790159223,2.425
0.0008636931100229289,2.426
0.000863071930531401,2.427
0.0008625582219591934,2.428
0.0008621558901616499,2.429
0.000861868330118633,2.43
0.0008616983569573938,2.431
0.0008616481913594906,2.432
0.0008617194664888406,2.433
0.0008619132298308662,2.434
0.0008622299397151839,2.435
0.0008626694751221053,2.436
0.0008632311686007399,2.437
0.0008639138441875093,2.438
0.0008647158232663546,2.439
0.0008656348701283508,2.44
0.0008666680953734456,2.441
0.0008678118949707078,2.442
0.00086906198330664,2.443
0.0008704134806509067,2.444
0.0008718609773424652,2.445
0.0008733985462472139,2.446
0.000875019730028684,2.447
0.0008767175621352416,2.448
0.0008784846865614115,2.449
0.0008803136129229498,2.45
0.0008821970909586214,2.451
0.0008841285356902437,2.452
0.0008861024014119843,2.453
0.0008881143998802623,2.454
0.0008901614851468411,2.455
0.0008922415729314772,2.456
0.0008943530412312033,2.457
0.0008964942403493256,2.458
0.0008986633841009089,2.459
0.0009008589531429917,2.46
0.0009030803194981843,2.461
0.0009053282425708548,2.462
0.0009076050927933748,2.463
0.0009099147851253976,2.464
0.0009122624586129183,2.465
0.000914653985334041,2.466
0.0009170954204762434,2.467
0.0009195925113414254,2.468
0.0009221503571190895,2.469
0.0009247732441105773,2.47
0.0009274646153315493,2.471
0.0009302271087842589,2.472
0.0009330625918204053,2.473
0.0009359721605111985,2.474
0.000938956180429848,2.475
0.0009420144609440925,2.476
0.0009451465343919025,2.477
0.0009483519451886785,2.478
0.0009516304882777667,2.479
0.0009549823667768005,2.48
0.0009584082477390691,2.481
0.0009619092055235653,2.482
0.0009654865554307326,2.483
0.000969141592392219,2.484
0.000972875282117871,2.485
0.0009766880330426711,2.486
0.0009805797010708458,2.487
0.0009845498246313668,2.488
0.0009885979148992264,2.489
0.0009927236305057683,2.49
0.000996926764348944,2.491
0.001001207043710654,2.492
0.0010055638211665294,2.493
0.0010099958204898834,2.494
0.0010145010682321477,2.495
0.0010190769563732328,2.496
0.0010237202734261703,2.497
0.0010284271292592924,2.498
0.001033192835472503,2.499
0.0010380118419349013,2.5
0.00104287774629407,2.501
0.0010477833064122784,2.502
0.001052720410071015,2.503
0.0010576800222577875,2.504
0.0010626521483861455,2.505
0.0010676258354041929,2.506
0.0010725892035143947,2.507
0.0010775294693013565,2.508
0.0010824329492479152,2.509
0.0010872851427886651,2.51
0.0010920710163804229,2.511
0.0010967754659125081,2.512
0.0011013838202807407,2.513
0.0011058822561814262,2.514
0.00111025804074032,2.515
0.0011144995720282936,2.516
0.0011185962370360858,2.517
0.0011225381276090218,2.518
0.0011263156468398173,2.519
0.0011299190551648493,2.52
0.0011333381208108117,2.521
0.001136562124644493,2.522
0.0011395802916384853,2.523
0.0011423824517873906,2.524
0.0011449596982710793,2.525
0.0011473049140532728,2.526
0.0011494130886495221,2.527
0.00115128137475136,2.528
0.0011529088802115053,2.529
0.001154296235781951,2.53
0.001155445006137661,2.531
0.0011563570174504742,2.532
0.0011570337414720546,2.533
0.0011574759971857836,2.534
0.0011576840961354262,2.535
0.0011576582101067616,2.536
0.001157398678397335,2.537
0.001156906164670179,2.538
0.0011561816766871545,2.539
0.0011552264810293597,2.54
0.0011540419651384257,2.541
0.0011526295147654287,2.542
0.001150990472223208,2.543
0.001149126210656599,2.544
0.0011470383102888723,2.545
0.0011447287776303163,2.546
0.0011422002302881062,2.547
0.00113945598341419,2.548
0.0011365000040555405,2.549
0.0011333367253335168,2.55
0.0011299707241173083,2.551
0.0011264063179554564,2.552
0.00112264727521422,2.553
0.0011186968630493136,2.554
0.0011145582206750519,2.555
0.0011102348286417918,2.556
0.001105730892665337,2.557
0.0011010515891636,2.558
0.0010962031648615593,2.559
0.001091192882991179,2.56
0.0010860288076382449,2.561
0.0010807194267840508,2.562
0.0010752731751091232,2.563
0.0010696980604493038,2.564
0.0010640016401472774,2.565
0.0010581913457570638,2.566
0.0010522748843182956,2.567
0.0010462604635893213,2.568
0.0010401567450285748,2.569
0.0010339725301664318,2.57
0.0010277163366183468,2.571
0.0010213961999179684,2.572
0.0010150198777174335,2.573
0.0010085952170729932,2.574
0.001002130357855729,2.575
0.0009956336627253684,2.576
0.00098911342817741,2.577
0.000982577576570035,2.578
0.0009760336139386867,2.579
0.000969488932757142,2.58
0.000962951237702328,2.581
0.0009564288528831446,2.582
0.0009499308262329051,2.583
0.0009434668326087373,2.584
0.0009370468992473407,2.585
0.0009306810191006259,2.586
0.0009243788285177711,2.587
0.0009181495774639269,2.588
0.0009120024211846121,2.589
0.0009059468099714564,2.59
0.0008999927513842602,2.591
0.0008941508522799608,2.592
0.0008884321223610022,2.593
0.0008828476061407842,2.594
0.0008774080756075687,2.595
0.0008721240367242201,2.596
0.0008670060141246303,2.597
0.0008620648239114877,2.598
0.0008573116179128641,2.599
0.0008527576786069354,2.6
0.0008484140833025282,2.601
0.0008442914523261309,2.602
0.0008403999373966722,2.603
0.0008367493877752995,2.604
0.0008333495226284328,2.605
0.0008302100144363585,2.606
0.0008273404717725819,2.607
0.0008247503376090971,2.608
0.0008224487314716194,2.609
0.0008204442762166103,2.61
0.0008187449718716706,2.611
0.0008173581820135009,2.612
0.0008162907410814883,2.613
0.0008155491289240706,2.614
0.00081513966174779,2.615
0.0008150686735779277,2.616
0.0008153426570544585,2.617
0.000815968313316619,2.618
0.000816952458070873,2.619
0.0008183017867344968,2.62
0.0008200226327558517,2.621
0.0008221209015363091,2.622
0.0008246021752487087,2.623
0.00082747178444522,2.624
0.0008307347226197469,2.625
0.0008343955228849476,2.626
0.0008384582856958097,2.627
0.0008429268549582467,2.628
0.0008478049684653171,2.629
0.000853096258554784,2.63
0.0008588041079017199,2.631
0.000864931436976612,2.632
0.000871480526958599,2.633
0.000878452951539805,2.634
0.0008858496029561284,2.635
0.000893670752554999,2.636
0.0009019161278122997,2.637
0.0009105850323754312,2.638
0.0009196765307019854,2.639
0.0009291896833928589,2.64
0.0009391237778384469,2.641
0.0009494784743723432,2.642
0.0009602537990212284,2.643
0.0009714499555448135,2.644
0.0009830669986192954,2.645
0.000995104522891256,2.646
0.001007561581181073,2.647
0.001020436886123871,2.648
0.00103372912513064,2.649
0.0010474372062476672,2.65
0.0010615603688938348,2.651
0.00107609815966971,2.652
0.0010910503014223284,2.653
0.0011064165017901442,2.654
0.001122196242673658,2.655
0.0011383885669348076,2.656
0.0011549918615759171,2.657
0.0011720036760750412,2.658
0.0011894206730427039,2.659
0.0012072387488786056,2.66
0.0012254532258495186,2.661
0.0012440589934924464,2.662
0.001263050552342785,2.663
0.0012824219683623503,2.664
0.001302166772033714,2.665
0.0013222778471632013,2.666
0.0013427473474975423,2.667
0.0013635666569869896,2.668
0.001384726378665908,2.669
0.0014062163084620856,2.67
0.001428025338955115,2.671
0.0014501413067207279,2.672
0.0014725509365948503,2.673
0.001495240009386823,2.674
0.0015181936569716884,2.675
0.0015413965996141643,2.676
0.001564833239345311,2.677
0.0015884876121695034,2.678
0.0016123432432727026,2.679
0.0016363829695106077,2.68
0.001660588787143958,2.681
0.0016849417552224266,2.682
0.0017094219496363737,2.683
0.0017340084353801998,2.684
0.0017586792155126457,2.685
0.001783411124916865,2.686
0.001808179666319811,2.687
0.0018329588489251563,2.688
0.0018577211418389313,2.689
0.0018824375969530504,2.69
0.0019070780872059044,2.691
0.0019316115881136064,2.692
0.0019560064578867877,2.693
0.00198023065474574,2.694
0.0020042518089363076,2.695
0.0020280370946347765,2.696
0.0020515529226600125,2.697
0.002074764564706533,2.698
0.002097635876276365,2.699
0.0021201292754345477,2.7
0.0021422060573914295,2.701
0.002163827009195974,2.702
0.0021849531704117805,2.703
0.0022055464922608754,2.704
0.0022255701028696256,2.705
0.0022449879152632445,2.706
0.0022637637517238488,2.707
0.002281861014552639,2.708
0.0022992438273187676,2.709
0.002315879213078282,2.71
0.0023317391999049695,2.711
0.0023468021934132262,2.712
0.002361053397423059,2.713
0.0023744842693230886,2.714
0.002387091159314198,2.715
0.0023988733875945105,2.716
0.0024098312065916876,2.717
0.002419964437893346,2.718
0.0024292724108827077,2.719
0.002437754920920845,2.72
0.0024454133899559894,2.721
0.002452251753243983,2.722
0.0024582770239773423,2.723
0.0024634995974345724,2.724
0.0024679333375121006,2.725
0.0024715954616319168,2.726
0.002474506229781619,2.727
0.0024766884590976747,2.728
0.0024781669130368293,2.729
0.002478967627060146,2.73
0.0024791172109262295,2.731
0.002478642114538465,2.732
0.0024775678844878354,2.733
0.0024759187066553654,2.734
0.002473717672997439,2.735
0.0024709878058566683,2.736
0.002467753370111905,2.737
0.0024640409648049597,2.738
0.002459880098812821,2.739
0.0024553031204102077,2.74
0.002450344507353097,2.741
0.0024450396558722515,2.742
0.002439423540378794,2.743
0.0024335298940833723,2.744
0.002427391253817965,2.745
0.002421039408322303,2.746
0.002414505576594166,2.747
0.002407820113959966,2.748
0.0024010120477020377,2.749
0.002394108986890248,2.75
0.00238713762597797,2.751
0.0023801244623571395,2.752
0.0023730962427726456,2.753
0.0023660799355220904,2.754
0.002359102222997265,2.755
0.0023521887731880026,2.756
0.0023453639046730292,2.757
0.002338651008691075,2.758
0.0023320733125899154,2.759
0.002325654347131609,2.76
0.002319417851931936,2.761
0.002313387194688528,2.762
0.0023075847224651985,2.763
0.0023020316329779317,2.764
0.0022967484834738737,2.765
0.002291755817454291,2.766
0.0022870743727453798,2.767
0.002282724708978705,2.768
0.002278726526113018,2.769
0.0022750983752818756,2.77
0.002271858205250721,2.771
0.0022690243293712864,2.772
0.00226661615332965,2.773
0.002264654409761615,2.774
0.0022631609257580893,2.775
0.002262158031264412,2.776
0.002261667749249541,2.777
0.0022617109945943215,2.778
0.002262307164937492,2.779
0.0022634743493885217,2.78
0.0022652299151161466,2.781
0.0022675910802074928,2.782
0.002270575272758149,2.783
0.0022742002040843892,2.784
0.002278483636572953,2.785
0.002283442899181491,2.786
0.0022890942733518323,2.787
0.0022954524434919323,2.788
0.002302530227279004,2.789
0.0023103386270510095,2.79
0.0023188870121284484,2.791
0.002328183245630869,2.792
0.0023382336966321646,2.793
0.002349043115644033,2.794
0.002360614421464031,2.795
0.0023729486212423234,2.796
0.0023860450465559234,2.797
0.0023999017741121505,2.798
0.0024145159477464853,2.799
0.002429883824072295,2.8
0.0024460004993170277,2.801
0.002462859480108064,2.802
0.0024804524719852683,2.803
0.0024987695706545163,2.804
0.0025177995966853654,2.805
0.0025375302500320555,2.806
0.0025579480094625293,2.807
0.0025790378340274124,2.808
0.0026007827873732385,2.809
0.0026231638092378603,2.81
0.0026461597873198494,2.811
0.0026697478219667465,2.812
0.002693903485279742,2.813
0.0027186010075460226,2.814
0.0027438134235819897,2.815
0.002769512712562007,2.816
0.002795669918082733,2.817
0.002822255174021732,2.818
0.0028492375205660878,2.819
0.0028765844992861946,2.82
0.002904261869415414,2.821
0.0029322339763618605,2.822
0.0029604648852867756,2.823
0.0029889198563653563,2.824
0.003017566665646088,2.825
0.003046376448711817,2.826
0.0030753238804213843,2.827
0.0031043866385348138,2.828
0.003133544245572889,2.829
0.0031627765283333146,2.83
0.0031920622320271,2.831
0.0032213786028925818,2.832
0.0032507022964772068,2.833
0.003280011084649054,2.834
0.0033092856497555904,2.835
0.0033385110850587944,2.836
0.0033676778533371396,2.837
0.003396781983486039,2.838
0.0034258244038371756,2.839
0.0034548094846484135,2.84
0.003483743026502704,2.841
0.0035126302245729727,2.842
0.0035414745108990555,2.843
0.003570277785129059,2.844
0.003599041484168675,2.845
0.003627767645364597,2.846
0.0036564596134355744,2.847
0.0036851223319409993,2.848
0.003713762182954371,2.849
0.003742386377264269,2.85
0.0037710019858741488,2.851
0.003799614807219839,2.852
0.003828228326164522,2.853
0.003856842995010057,2.854
0.0038854559493620234,2.855
0.003914061101565972,2.856
0.003942649395819458,2.857
0.003971208930055289,2.858
0.003999724815430682,2.859
0.00402817907877209,2.86
0.004056551010178821,2.861
0.004084817800471422,2.862
0.00411295489382765,2.863
0.004140935704700488,2.864
0.004168730901294567,2.865
0.004196307886271364,2.866
0.004223630819216049,2.867
0.004250660810754942,2.868
0.004277355845130746,2.869
0.00430367044940756,2.87
0.004329555377564191,2.871
0.004354957523509025,2.872
0.004379820095205323,2.873
0.0044040829792443975,2.874
0.004427683274061233,2.875
0.004450556005142402,2.876
0.004472634980670705,2.877
0.004493853671200724,2.878
0.004514145952446845,2.879
0.004533446547483734,2.88
0.004551691045842085,2.881
0.004568815450052086,2.882
0.004584755273721784,2.883
0.00459944434057531,2.884
0.004612813794435689,2.885
0.004624792142783983,2.886
0.0046353067109851515,2.887
0.004644286062655038,2.888
0.004651662749897539,2.889
0.004657375979009987,2.89
0.004661373814927777,2.891
0.004663614508397854,2.892
0.004664066601474234,2.893
0.004662707634721238,2.894
0.00465952148138175,2.895
0.004654494865655425,2.896
0.004647614799763787,2.897
0.004638869015042338,2.898
0.004628249504331641,2.899
0.004615757208734977,2.9
0.0046014059431083495,2.901
0.004585224640904662,2.902
0.0045672575554906196,2.903
0.004547562413631239,2.904
0.004526206885144811,2.905
0.004503264015015791,2.906
0.004478807844840369,2.907
0.00445291113313315,2.908
0.004425645951129075,2.909
0.004397085592485514,2.91
0.00436730598794249,2.911
0.004336386187084947,2.912
0.004304408109135862,2.913
0.004271455788460867,2.914
0.004237614358193291,2.915
0.004202969018176703,2.916
0.004167604196707492,2.917
0.004131603031371282,2.918
0.004095047183622147,2.919
0.004058016901155598,2.92
0.004020591182064129,2.921
0.003982847886496334,2.922
0.00394486367744224,2.923
0.003906713734915828,2.924
0.0038684712573195078,2.925
0.003830206855172877,2.926
0.0037919880766048783,2.927
0.003753879314751688,2.928
0.0037159420740010387,2.929
0.003678235309971924,2.93
0.0036408156214557557,2.931
0.0036037372725822763,2.932
0.0035670521339642215,2.933
0.003530809676635163,2.934
0.003495057156109317,2.935
0.0034598400605466684,2.936
0.003425202772231956,2.937
0.003391189255622641,2.938
0.0033578435163794623,2.939
0.0033252096296701016,2.94
0.0032933312915174586,2.941
0.0032622510110911504,2.942
0.0032320092491354047,2.943
0.0032026439720125406,2.944
0.0031741908347183378,2.945
0.003146683670179125,2.946
0.0031201548821251806,2.947
0.0030946356271944987,2.948
0.003070155812525636,2.949
0.003046743948635529,2.95
0.003024426912866985,2.951
0.0030032296843734993,2.952
0.0029831750984996297,2.953
0.0029642836438734353,2.954
0.0029465733033816146,2.955
0.0029300594274152213,2.956
0.0029147546354219623,2.957
0.0029006687622592318,2.958
0.002887808854904607,2.959
0.0028761792077437154,2.96
0.0028657814492646515,2.961
0.0028566146838500148,2.962
0.0028486756212886904,2.963
0.002841958601528747,2.964
0.0028364555419682076,2.965
0.002832156037494369,2.966
0.0028290478268175713,2.967
0.0028271175555235842,2.968
0.002826351590441679,2.969
0.00282673666636919,2.97
0.0028282601962430804,2.971
0.0028309101309897267,2.972
0.0028346743474967724,2.973
0.002839539754248347,2.974
0.0028454916298000076,2.975
0.0028525136541490974,2.976
0.0028605884845815596,2.977
0.002869698356732705,2.978
0.0028798254281783304,2.979
0.0028909518959546565,2.98
0.0029030600113548553,2.981
0.002916132086675293,2.982
0.002930150518738112,2.983
0.002945097778043151,2.984
0.002960956264944991,2.985
0.0029777079330583285,2.986
0.002995333653983828,2.987
0.0030138125577685083,2.988
0.003033121864559099,2.989
0.0030532374558383925,2.99
0.0030741348044001603,2.991
0.003095789742544497,2.992
0.003118178843986557,2.993
0.0031412793989999666,2.994
0.0031650690520976044,2.995
0.003189525239003749,2.996
0.003214624587028479,2.997
0.003240342423404941,2.998
0.0032666524769820065,2.999
0.0032935267833700045,3.0
0.003320935741409919,3.001
0.003348848236241761,3.002
0.003377231734680717,3.003
0.003406052248681502,3.004
0.0034352740425488268,3.005
0.0034648591678593547,3.006
0.003494767422701607,3.007
0.0035249573016858556,3.008
0.003555387682002978,3.009
0.0035860195288238183,3.01
0.003616817117818189,3.011
0.0036477485348886253,3.012
0.0036787853880522626,3.013
0.003709901826885395,3.014
0.0037410730778280857,3.015
0.003772273777336321,3.016
0.0038034765148535392,3.017
0.003834651072963978,3.018
0.003865764460325135,3.019
0.0038967813001198667,3.02
0.003927664237242794,3.021
0.003958374444748418,3.022
0.003988872396967198,3.023
0.004019118914988792,3.024
0.0040490763116928195,3.025
0.004078709359524716,3.026
0.004107985828742405,3.027
0.004136876473785877,3.028
0.004165354501984044,3.029
0.004193394669541936,3.03
0.0042209721824562375,3.031
0.004248061535203087,3.032
0.004274635366530014,3.033
0.004300663582787811,3.034
0.004326113329559179,3.035
0.0043509502096015186,3.036
0.0043751404729362176,3.037
0.00439865359983008,3.038
0.004421464775685435,3.039
0.004443556757803768,3.04
0.004464920626060116,3.041
0.004485555030552432,3.042
0.004505463771005169,3.043
0.0045246524770776965,3.044
0.004543126788288873,3.045
0.004560893921759224,3.046
0.004577966412477042,3.047
0.0045943653728853185,3.048
0.004610121804391037,3.049
0.004625275663295673,3.05
0.004639872905605187,3.051
0.004653961614007308,3.052
0.0046675895359297335,3.053
0.004680804632660258,3.054
0.004693657447251584,3.055
0.004706203013285013,3.056
0.004718501306672828,3.057
0.004730616334261446,3.058
0.004742614215598978,3.059
0.004754560834641681,3.06
0.004766520136109341,3.061
0.004778554067906056,3.062
0.004790723935889315,3.063
0.004803091958264789,3.064
0.004815722125687364,3.065
0.004828680172753175,3.066
0.004842032801176766,3.067
0.004855846407142505,3.068
0.004870185591243901,3.069
0.004885111830291005,3.07
0.004900682852512256,3.071
0.0049169529121393905,3.072
0.004933973451309236,3.073
0.0049517935289727436,3.074
0.004970459795969589,3.075
0.004990016045751898,3.076
0.005010502521743698,3.077
0.005031955333723968,3.078
0.00505440624223149,3.079
0.005077882675235791,3.08
0.0051024076723546795,3.081
0.005127999734376539,3.082
0.005154672825042146,3.083
0.005182436682151266,3.084
0.0052112973839079785,3.085
0.005241258077234966,3.086
0.005272319795141389,3.087
0.005304482221802828,3.088
0.005337744196954792,3.089
0.005372103771553685,3.09
0.005407557710857711,3.091
0.005444100481263569,3.092
0.005481723133106138,3.093
0.0055204129107628095,3.094
0.0055601540119365874,3.095
0.005600928948053459,3.096
0.005642719769295105,3.097
0.005685508883408986,3.098
0.0057292794297109,3.099
0.005774015171280413,3.1
0.005819699867077911,3.101
0.005866316111278314,3.102
0.00591384384547956,3.103
0.00596225926018411,3.104
0.006011534900320934,3.105
0.0060616409221055404,3.106
0.006112546637419699,3.107
0.006164221600770591,3.108
0.006216635926528261,3.109
0.006269759716837386,3.11
0.006323561625024508,3.111
0.006378007164074848,3.112
0.006433058135976598,3.113
0.006488673944830686,3.114
0.006544813839203308,3.115
0.00660143864796485,3.116
0.006658511324023697,3.117
0.006715996139191758,3.118
0.006773856705703691,3.119
0.006832053785806104,3.12
0.006890544574406764,3.121
0.006949284159397109,3.122
0.007008227913363478,3.123
0.0070673332457309845,3.124
0.007126560114722294,3.125
0.007185870274064695,3.126
0.007245225396851857,3.127
0.007304584650523374,3.128
0.0073639030980409605,3.129
0.007423132144731213,3.13
0.0074822216132506645,3.131
0.00754112195873066,3.132
0.007599785564774231,3.133
0.0076581667153228575,3.134
0.007716220122767354,3.135
0.007773898498094343,3.136
0.007831150870474042,3.137
0.007887923433451832,3.138
0.007944162639459929,3.139
0.007999818644160859,3.14
0.008054847572671449,3.141
0.008109211947850723,3.142
0.008162879075833792,3.143
0.008215817690940961,3.144
0.008267994376145666,3.145
0.008319372318692711,3.146
0.008369913406579608,3.147
0.008419581806911021,3.148
0.008468346867921658,3.149
0.008516184738762707,3.15
0.00856307887771702,3.151
0.008609019652787967,3.152
0.008654003145958064,3.153
0.008698029160956912,3.154
0.008741098420982148,3.155
0.008783209325839227,3.156
0.008824355536901767,3.157
0.008864525819328669,3.158
0.008903706051169143,3.159
0.00894188196457534,3.16
0.00897904156416618,3.161
0.009015177035665258,3.162
0.009050286215679515,3.163
0.009084373627482868,3.164
0.009117450996865657,3.165
0.009149537083296452,3.166
0.009180656614804276,3.167
0.009210838116869726,3.168
0.00924011056825277,3.169
0.009268499839712353,3.17
0.009296027450199673,3.171
0.009322713218594998,3.172
0.009348580127346247,3.173
0.009373658691492105,3.174
0.00939798949814032,3.175
0.009421623565291502,3.176
0.009444620623485117,3.177
0.009467045843285404,3.178
0.009488965758565985,3.179
0.009510444185882953,3.18
0.009531539052029886,3.181
0.009552300938475599,3.182
0.009572773133455201,3.183
0.009592991925420105,3.184
0.009612986239021262,3.185
0.009632776790049246,3.186
0.009652375444020896,3.187
0.009671785432741596,3.188
0.009691002772543336,3.189
0.009710018725091085,3.19
0.009728822725508048,3.191
0.009747405117586384,3.192
0.009765759245750648,3.193
0.009783882754659929,3.194
0.009801778142963641,3.195
0.009819452610704814,3.196
0.009836917084064261,3.197
0.009854184158378207,3.198
0.009871265009026534,3.199
0.009888166643416343,3.2
0.009904891902800127,3.201
0.00992144293662471,3.202
0.009937826058061457,3.203
0.009954055495289745,3.204
0.009970154892093717,3.205
0.009986156361821673,3.206
0.010002097430232039,3.207
0.01001801658818383,3.208
0.010033948749016305,3.209
0.010049922604666283,3.21
0.01006596088166304,3.211
0.010082082102320684,3.212
0.010098301877377817,3.213
0.010114633038872004,3.214
0.010131084797179687,3.215
0.010147661314687013,3.216
0.010164360125724588,3.217
0.010181170740454047,3.218
0.010198073657358739,3.219
0.010215039972939433,3.22
0.01023203166366984,3.221
0.010249002407509377,3.222
0.010265898730898023,3.223
0.010282661238192022,3.224
0.01029922560019179,3.225
0.010315523015422084,3.226
0.010331480059150395,3.227
0.010347018047944447,3.228
0.010362052145220886,3.229
0.010376490402024137,3.23
0.010390232829677342,3.231
0.010403170592789808,3.232
0.010415185611370942,3.233
0.010426150979504618,3.234
0.01043593238376604,3.235
0.01044439048590754,3.236
0.010451384239769877,3.237
0.01045677504970611,3.238
0.010460431412170916,3.239
0.010462233360529373,3.24
0.010462075794273244,3.241
0.010459869699789324,3.242
0.010455540405814447,3.243
0.010449022378809073,3.244
0.01044025227628128,3.245
0.010429165887331672,3.246
0.010415703111393415,3.247
0.010399817780712006,3.248
0.010381486427570967,3.249
0.010360713219279265,3.25
0.010337530668308729,3.251
0.010311996580628136,3.252
0.010284188263767249,3.253
0.010254195211957683,3.254
0.01022211138299865,3.255
0.01018802863078497,3.256
0.01015203381749147,3.257
0.01011421073637509,3.258
0.010074644682336873,3.259
0.010033426860785635,3.26
0.009990657450106452,3.261
0.009946446969454079,3.262
0.009900915807528611,3.263
0.00985419205306975,3.264
0.0098064080063888,3.265
0.009757695892191744,3.266
0.009708183748604368,3.267
0.009657993116302522,3.268
0.009607239217447583,3.269
0.009556032160785112,3.27
0.009504477369120341,3.271
0.0094526747863956,3.272
0.009400717569852208,3.273
0.009348691598089518,3.274
0.009296676571843177,3.275
0.009244748054043753,3.276
0.009192979357778592,3.277
0.00914144268360939,3.278
0.009090209180031533,3.279
0.009039347716212103,3.28
0.008988922813117847,3.281
0.00893899334973783,3.282
0.008889613477021564,3.283
0.00884083515753067,3.284
0.008792710654759004,3.285
0.008745294031042914,3.286
0.008698641547773975,3.287
0.008652811147200961,3.288
0.008607861253498519,3.289
0.008563849094244479,3.29
0.008520828677791,3.291
0.00847884878438656,3.292
0.008437951867607502,3.293
0.00839817448739797,3.294
0.008359548625724597,3.295
0.008322102699464047,3.296
0.008285861668142602,3.297
0.008250846212866631,3.298
0.008217071424136023,3.299
0.00818454595097838,3.3
0.008153272247856376,3.301
0.008123247377728033,3.302
0.008094463332134564,3.303
0.008066906553596554,3.304
0.008040557404853588,3.305
0.008015390473696107,3.306
0.007991375452671283,3.307
0.007968477434776428,3.308
0.007946656250260108,3.309
0.007925866017234398,3.31
0.007906055942628812,3.311
0.007887171516628953,3.312
0.007869154646018173,3.313
0.007851943131713864,3.314
0.007835471647957521,3.315
0.007819675305707879,3.316
0.0078044942732328265,3.317
0.007789877111126251,3.318
0.0077757813771346,3.319
0.007762170944657167,3.32
0.0077490113362384495,3.321
0.007736267258330138,3.322
0.007723905377920583,3.323
0.0077118999604271635,3.324
0.007700236962949129,3.325
0.007688914612191414,3.326
0.0076779405877075435,3.327
0.007667326922840391,3.328
0.007657084798465152,3.329
0.007647221735316695,3.33
0.007637741499237357,3.331
0.007628644359883535,3.332
0.007619926329021649,3.333
0.007611578809378695,3.334
0.007603589800947105,3.335
0.007595945321732617,3.336
0.007588629277462956,3.337
0.0075816221970066225,3.338
0.007574901195029445,3.339
0.007568442550003619,3.34
0.0075622255434082564,3.341
0.0075562354183218985,3.342
0.007550464467937,3.343
0.007544911176990085,3.344
0.007539577809764422,3.345
0.007534467149937737,3.346
0.007529579267528922,3.347
0.007524909301017635,3.348
0.007520446819244158,3.349
0.007516176240930568,3.35
0.007512077211575416,3.351
0.007508124322861352,3.352
0.00750428635371034,3.353
0.0075005256873398665,3.354
0.007496798203593612,3.355
0.007493053369805854,3.356
0.007489234864672504,3.357
0.007485282666019676,3.358
0.007481136601065075,3.359
0.007476740358119086,3.36
0.007472044924767552,3.361
0.007467010705921834,3.362
0.0074616079053010445,3.363
0.007455815132136023,3.364
0.007449616518041699,3.365
0.007442997833776876,3.366
0.007435942657237642,3.367
0.007428430514225201,3.368
0.007420438048557555,3.369
0.007411941942265537,3.37
0.0074029218244184266,3.371
0.007393362599295005,3.372
0.007383256178641464,3.373
0.007372602531796567,3.374
0.0073614099049230846,3.375
0.007349694093341613,3.376
0.007337476800377068,3.377
0.007324783311374548,3.378
0.007311639830096696,3.379
0.007298070789075227,3.38
0.007284096541632138,3.381
0.007269732225531453,3.382
0.00725498833765413,3.383
0.007239872489375582,3.384
0.007224391362413282,3.385
0.007208552303844217,3.386
0.0071923643294424045,3.387
0.007175838398343667,3.388
0.007158986926253813,3.389
0.007141822659137122,3.39
0.007124357219579161,3.391
0.007106599799155659,3.392
0.007088556484575117,3.393
0.007070230484356128,3.394
0.007051623120849289,3.395
0.007032735067947808,3.396
0.007013567144113332,3.397
0.0069941200698494,3.398
0.006974393056375733,3.399
0.006954382175626083,3.4
0.006934080346505058,3.401
0.0069134796904128624,3.402
0.006892574935924121,3.403
0.006871366143744243,3.404
0.006849859893186024,3.405
0.006828068617226551,3.406
0.0068060080303970275,3.407
0.006783693584894464,3.408
0.006761138512541206,3.409
0.0067383552140623726,3.41
0.006715358337762792,3.411
0.006692166556728822,3.412
0.006668801620026229,3.413
0.006645285475303571,3.414
0.006621638410524407,3.415
0.00659788056846086,3.416
0.006574035584722228,3.417
0.006550133487305883,3.418
0.006526211440756049,3.419
0.006502312302015591,3.42
0.006478481487566821,3.421
0.00645476335591094,3.422
0.006431199157259565,3.423
0.006407827704545706,3.424
0.00638468762800924,3.425
0.006361819578605204,3.426
0.006339267893751902,3.427
0.006317081769784084,3.428
0.006295315872237498,3.429
0.00627403024954485,3.43
0.006253289502937167,3.431
0.006233161350966612,3.432
0.006213714897326572,3.433
0.0061950189603803395,3.434
0.006177140703804243,3.435
0.006160144566679309,3.436
0.0061440913138381785,3.437
0.006129037282163982,3.438
0.006115034450523213,3.439
0.006102131786701114,3.44
0.0060903774126682695,3.441
0.006079820753114744,3.442
0.006070514121525762,3.443
0.006062513470076428,3.444
0.00605587824876138,3.445
0.006050670583349574,3.446
0.0060469541750728896,3.447
0.006044793339496827,3.448
0.006044252420615588,3.449
0.0060453955365801695,3.45
0.0060482863798650595,3.451
0.006052987707517162,3.452
0.006059560247683695,3.453
0.00606806128615345,3.454
0.0060785440112811565,3.455
0.006091058348333089,3.456
0.006105652576981612,3.457
0.006122374636610994,3.458
0.006141272758165221,3.459
0.006162395521361764,3.46
0.006185791507438553,3.461
0.006211508713712666,3.462
0.006239593859098906,3.463
0.006270091663888548,3.464
0.006303044132440155,3.465
0.0063384898054023,3.466
0.006376462938736039,3.467
0.006416992771289272,3.468
0.006460103308798778,3.469
0.006505813790079393,3.47
0.0065541393810142215,3.471
0.006605091517807011,3.472
0.006658677648705098,3.473
0.00671490052639457,3.474
0.006773757694453159,3.475
0.0068352418243847,3.476
0.006899341806885069,3.477
0.006966043953445108,3.478
0.007035332801701088,3.479
0.007107191282396533,3.48
0.007181600133365998,3.481
0.007258536651591653,3.482
0.007337973408544206,3.483
0.007419877957301725,3.484
0.007504213837246929,3.485
0.007590941964589427,3.486
0.0076800213663954205,3.487
0.007771408918901708,3.488
0.00786505828120846,3.489
0.007960918472289054,3.49
0.008058932602260002,3.491
0.00815903712108637,3.492
0.00826116170987238,3.493
0.008365229754391376,3.494
0.008471159241681729,3.495
0.00857886384326934,3.496
0.008688253850169797,3.497
0.0087992365572164,3.498
0.008911715748844327,3.499
0.009025590358352549,3.5
0.009140753270152624,3.501
0.009257091566017934,3.502
0.009374488343427634,3.503
0.009492824937562322,3.504
0.009611982411731505,3.505
0.009731841825876464,3.506
0.009852283193063291,3.507
0.009973183281124507,3.508
0.010094413018084728,3.509
0.010215836094767169,3.51
0.01033730968642013,3.511
0.01045868618626337,3.512
0.010579814231257685,3.513
0.010700538189645717,3.514
0.010820696487579143,3.515
0.010940120744248698,3.516
0.011058637654984188,3.517
0.011176073059791203,3.518
0.011292256006465492,3.519
0.011407021123729624,3.52
0.011520208412980877,3.521
0.011631660082284034,3.522
0.011741215855908517,3.523
0.011848711214134167,3.524
0.011953982005156986,3.525
0.012056873437202274,3.526
0.012157249172133552,3.527
0.012254997898195974,3.528
0.012350035841671082,3.529
0.0124423040576838,3.53
0.012531760164299277,3.531
0.012618367484822948,3.532
0.01270208961387338,3.533
0.012782895542538607,3.534
0.01286077015273959,3.535
0.012935721987487596,3.536
0.013007785294253744,3.537
0.013077016753482145,3.538
0.013143488229332506,3.539
0.0132072774910979,3.54
0.013268459973910532,3.541
0.013327105279525691,3.542
0.013383279098644934,3.543
0.013437046918284104,3.544
0.013488475883564851,3.545
0.0135376338480885,3.546
0.013584586080179442,3.547
0.013629391361165772,3.548
0.013672100585182749,3.549
0.013712759292373266,3.55
0.013751411891098705,3.551
0.01378810459447201,3.552
0.01382288591276473,3.553
0.013855804708538286,3.554
0.013886906388367572,3.555
0.013916228933996768,3.556
0.013943801357574136,3.557
0.013969645442558652,3.558
0.01399377867396467,3.559
0.014016216021875035,3.56
0.014036969958353143,3.561
0.014056049058785517,3.562
0.014073455782387745,3.563
0.014089184106534536,3.564
0.014103217617270724,3.565
0.014115528504828686,3.566
0.014126077764912544,3.567
0.01413481678924832,3.568
0.014141690386200667,3.569
0.01414664103687432,3.57
0.014149613857704094,3.571
0.014150561373822135,3.572
0.014149446937486222,3.573
0.014146245617587504,3.574
0.014140941755883457,3.575
0.014133523285344288,3.576
0.014123975242688663,3.577
0.014112277389251363,3.578
0.014098408427823556,3.579
0.014082353622486587,3.58
0.01406411157603473,3.581
0.01404369875304807,3.582
0.014021151842918642,3.583
0.013996528164815114,3.584
0.01396990422648944,3.585
0.013941372435337862,3.586
0.01391103603934945,3.587
0.013879002685821661,3.588
0.01384537768555557,3.589
0.01381025918172475,3.59
0.013773737263659793,3.591
0.013735896567215314,3.592
0.013696819943701545,3.593
0.013656591477373168,3.594
0.013615298451556818,3.595
0.013573032228391112,3.596
0.013529888010952493,3.597
0.013485963588826,3.598
0.01344135739955606,3.599
0.013396166440351074,3.6
0.013350484588199214,3.601
0.013304401669937104,3.602
0.0132580032399689,3.603
0.013211370633987977,3.604
0.013164580627484457,3.605
0.01311770403392989,3.606
0.013070803515218533,3.607
0.013023932670795654,3.608
0.012977138133755946,3.609
0.012930463470102595,3.61
0.012883952387619418,3.611
0.01283764995270897,3.612
0.012791601653802094,3.613
0.012745850696158805,3.614
0.012700434481098085,3.615
0.012655381971598687,3.616
0.012610713493973446,3.617
0.012566442768076454,3.618
0.012522579543635308,3.619
0.012479131542023222,3.62
0.012436105177839636,3.621
0.012393504828023798,3.622
0.012351330613887686,3.623
0.012309575633748519,3.624
0.012268225134286279,3.625
0.012227259437091367,3.626
0.012186659464946644,3.627
0.012146412429913732,3.628
0.012106515993500641,3.629
0.0120669797473916,3.63
0.012027823294686811,3.631
0.011989071029789786,3.632
0.011950745643144285,3.633
0.011912864797228237,3.634
0.011875443536369372,3.635
0.011838499554150235,3.636
0.011802057144146167,3.637
0.011766148350696944,3.638
0.011730811440884841,3.639
0.01169608721276667,3.64
0.011662014212586256,3.641
0.011628624774925208,3.642
0.011595943679347033,3.643
0.011563989110603955,3.644
0.011532773788803522,3.645
0.011502304740409749,3.646
0.011472581866194582,3.647
0.011443596717221106,3.648
0.011415332994145254,3.649
0.011387768907003376,3.65
0.011360880273786827,3.651
0.011334643315460222,3.652
0.011309036571148037,3.653
0.011284041492897428,3.654
0.01125964136168533,3.655
0.011235818406533602,3.656
0.011212550181265392,3.657
0.011189808155499541,3.658
0.01116756061232733,3.659
0.011145778289710168,3.66
0.011124439892985285,3.661
0.011103535966827201,3.662
0.011083070492276307,3.663
0.011063059884562285,3.664
0.011043529533383596,3.665
0.011024508513197048,3.666
0.0110060238728238,3.667
0.010988096891946755,3.668
0.010970742865753832,3.669
0.010953973269830091,3.67
0.010937798130956203,3.671
0.0109222277976671,3.672
0.01090727439404088,3.673
0.01089295316013908,3.674
0.01087928335475165,3.675
0.01086628797355418,3.676
0.010853991557617718,3.677
0.010842416490496318,3.678
0.010831580263187129,3.679
0.010821496146525758,3.68
0.010812176445679562,3.681
0.010803635463904842,3.682
0.010795890532877366,3.683
0.01078896111988676,3.684
0.01078286655932939,3.685
0.010777622949653193,3.686
0.01077324008633522,3.687
0.010769720070035106,3.688
0.010767058596841444,3.689
0.010765247910781183,3.69
0.010764279807241121,3.691
0.010764147934492757,3.692
0.010764849077563322,3.693
0.010766383156155284,3.694
0.010768751839317369,3.695
0.010771955954835462,3.696
0.010775992234810945,3.697
0.010780850478299731,3.698
0.010786512413786949,3.699
0.010792952514551944,3.7
0.010800139742222797,3.701
0.010808039306743587,3.702
0.010816614264165726,3.703
0.010825826923207039,3.704
0.010835639891613399,3.705
0.010846016561991467,3.706
0.010856920916885818,3.707
0.010868316669124025,3.708
0.010880165817940454,3.709
0.010892426574022845,3.71
0.010905051058191347,3.711
0.0109179846766536,3.712
0.010931169005117047,3.713
0.010944547294568379,3.714
0.010958069957161316,3.715
0.010971697922670174,3.716
0.01098540263747376,3.717
0.010999162195263585,3.718
0.011012955297154578,3.719
0.01102675816662454,3.72
0.011040548039964852,3.721
0.011054310181805945,3.722
0.011068042957842453,3.723
0.011081758560170168,3.724
0.011095479612263637,3.725
0.011109233004447494,3.726
0.011123043300638562,3.727
0.0111369286338145,3.728
0.011150900153201863,3.729
0.011164962947889032,3.73
0.011179116162565261,3.731
0.011193352085466988,3.732
0.011207655066713893,3.733
0.01122200108948639,3.734
0.011236358524752455,3.735
0.011250690213629264,3.736
0.01126495661096018,3.737
0.011279119356653784,3.738
0.011293144396245833,3.739
0.011307003729093826,3.74
0.011320675061887085,3.741
0.011334139049655375,3.742
0.011347374932654303,3.743
0.011360357373614138,3.744
0.011373057351596352,3.745
0.011385446570973264,3.746
0.011397502177779167,3.747
0.011409209261838485,3.748
0.011420560216557983,3.749
0.011431550905789446,3.75
0.011442175286709802,3.751
0.011452422704856203,3.752
0.011462280639361938,3.753
0.011471740342839185,3.754
0.011480801105019318,3.755
0.011489471247648533,3.756
0.011497765618055778,3.757
0.011505700560514302,3.758
0.011513289677249827,3.759
0.011520544248553997,3.76
0.011527478421604434,3.761
0.011534115578367267,3.762
0.011540492799457555,3.763
0.011546662418543432,3.764
0.011552690625482304,3.765
0.011558653471027436,3.766
0.01156463101188459,3.767
0.011570701152641917,3.768
0.011576935884181088,3.769
0.011583401665981843,3.77
0.01159016259741753,3.771
0.011597283862966419,3.772
0.011604834313079211,3.773
0.01161288804829549,3.774
0.011621524902006129,3.775
0.01163082961408116,3.776
0.011640889575600444,3.777
0.011651791329924947,3.778
0.011663616595158483,3.779
0.011676439217109775,3.78
0.011690324026675105,3.781
0.011705326883623518,3.782
0.01172149450219712,3.783
0.011738863968392079,3.784
0.011757462884789297,3.785
0.011777310315320661,3.786
0.011798417657077898,3.787
0.011820788618939508,3.788
0.011844418347711619,3.789
0.01186929285068616,3.79
0.011895390030387847,3.791
0.011922682292710544,3.792
0.011951139597397704,3.793
0.011980732033009102,3.794
0.012011431478976119,3.795
0.012043212059424994,3.796
0.012076049116558464,3.797
0.012109916502577756,3.798
0.012144782992310197,3.799
0.012180610620542931,3.8
0.012217357220943434,3.801
0.012254981694195083,3.802
0.012293448610759395,3.803
0.012332729844625929,3.804
0.012372802217217461,3.805
0.012413642310924,3.806
0.012455223099957646,3.807
0.012497516311245115,3.808
0.012540498449751412,3.809
0.012584155466018189,3.81
0.012628483403399409,3.811
0.012673484908621434,3.812
0.01271916321873677,3.813
0.012765517336270066,3.814
0.012812541817615222,3.815
0.01286023043864044,3.816
0.012908579977335306,3.817
0.012957591575939608,3.818
0.013007269370180872,3.819
0.013057616996252049,3.82
0.013108633159954813,3.821
0.013160308212876766,3.822
0.013212623035496002,3.823
0.013265549116602323,3.824
0.01331904823229909,3.825
0.013373072720634704,3.826
0.01342756783278357,3.827
0.01348247460261726,3.828
0.013537730272213788,3.829
0.013593266193151593,3.83
0.013649007398295035,3.831
0.013704877336867198,3.832
0.013760805528105458,3.833
0.013816733404065749,3.834
0.013872615784520944,3.835
0.013928417509156627,3.836
0.01398410657497401,3.837
0.014039647879566413,3.838
0.01409500218016784,3.839
0.014150130413469096,3.84
0.014204999181803995,3.841
0.014259584071820961,3.842
0.014313870300471402,3.843
0.014367851346142229,3.844
0.01442152632146237,3.845
0.01447489677925171,3.846
0.014527963500179916,3.847
0.014580723580501893,3.848
0.014633167818034833,3.849
0.014685278214218327,3.85
0.014737025981500274,3.851
0.014788371437996486,3.852
0.014839266715616929,3.853
0.014889660499902936,3.854
0.014939503442932728,3.855
0.014988753376532207,3.856
0.01503737957480596,3.857
0.01508536519822146,3.858
0.01513270721199967,3.859
0.015179413578805666,3.86
0.015225498224318743,3.861
0.015270974854285252,3.862
0.015315850928933582,3.863
0.015360123004769294,3.864
0.015403774124441254,3.865
0.015446772933691684,3.866
0.015489073663830783,3.867
0.015530616345171932,3.868
0.015571327077462444,3.869
0.0156111191110479,3.87
0.01564989589980721,3.871
0.0156875561730321,3.872
0.015724000002218755,3.873
0.01575913470703838,3.874
0.01579287958716032,3.875
0.015825168743460728,3.876
0.015855951759476936,3.877
0.015885192586854637,3.878
0.01591286737732037,3.879
0.0159389620210828,3.88
0.015963469758519363,3.881
0.015986388642171036,3.882
0.0160077181731197,3.883
0.016027454746558055,3.884
0.016045587620799565,3.885
0.01606209929879817,3.886
0.01607697217752962,3.887
0.016090198697943373,3.888
0.016101790936548895,3.889
0.016111787229310726,3.89
0.01612025473243751,3.891
0.016127287759041327,3.892
0.0161330026838836,3.893
0.016137530770937356,3.894
0.016141010261937757,3.895
0.016143578626321948,3.896
0.016145365995370073,3.897
0.016146491775565115,3.898
0.01614706567533672,3.899
0.01614719153469506,3.9
0.016146971353254484,3.901
0.016146508257577633,3.902
0.016145908126260454,3.903
0.016145279799023016,3.904
0.01614473391038387,3.905
0.016144380559576857,3.906
0.016144326308097333,3.907
0.01614467129557747,3.908
0.016145507334917632,3.909
0.016146917504955286,3.91
0.016148977088718083,3.911
0.016151755014741358,3.912
0.016155314578061866,3.913
0.016159712328045462,3.914
0.016164995455826014,3.915
0.016171200608728804,3.916
0.01617835673045765,3.917
0.01618649048598354,3.918
0.016195630804776817,3.919
0.016205810544693933,3.92
0.01621706494313495,3.921
0.01622942748581154,3.922
0.01624292469371139,3.923
0.01625757203432917,3.924
0.016273372496483623,3.925
0.016290317112202777,3.926
0.016308385477901217,3.927
0.016327545364348807,3.928
0.01634775185607942,3.929
0.016368946889418673,3.93
0.01639105997305003,3.931
0.016414010584521063,3.932
0.016437712266606536,3.933
0.016462077849778583,3.934
0.01648702461567573,3.935
0.016512477814308493,3.936
0.01653837102490658,3.937
0.01656464252945901,3.938
0.016591228878804043,3.939
0.016618060027762303,3.94
0.016645060333343554,3.941
0.016672154600311212,3.942
0.01669927493698715,3.943
0.016726365798668305,3.944
0.016753386894445204,3.945
0.016780314189766665,3.946
0.01680713906521066,3.947
0.01683386553747071,3.948
0.016860505484564896,3.949
0.01688707204961005,3.95
0.01691357265770481,3.951
0.016940005240499427,3.952
0.016966360230966232,3.953
0.016992626371591272,3.954
0.01701879667166239,3.955
0.01704487278758944,3.956
0.01707086751854556,3.957
0.017096805359594458,3.958
0.017122721127197236,3.959
0.01714865672255114,3.96
0.01717465616679138,3.961
0.01720075954107667,3.962
0.017226997980975073,3.963
0.01725339271840813,3.964
0.017279958647469777,3.965
0.017306709505694996,3.966
0.017333661707285106,3.967
0.017360835624151454,3.968
0.017388253947237812,3.969
0.01741593722174671,3.97
0.01744389851643037,3.971
0.01747214151771879,3.972
0.017500664194092096,3.973
0.017529464641943018,3.974
0.017558544367256592,3.975
0.017587907006175678,3.976
0.017617553388216384,3.977
0.017647477042940424,3.978
0.01767766491804423,3.979
0.01770810324687585,3.98
0.017738783797615013,3.981
0.017769706320460946,3.982
0.017800875893418912,3.983
0.017832296450308163,3.984
0.01786396459690174,3.985
0.017895868010226215,3.986
0.01792798798422594,3.987
0.017960301689156834,3.988
0.017992781163129534,3.989
0.018025389649573828,3.99
0.018058078040835444,3.991
0.018090783575098354,3.992
0.01812342991441356,3.993
0.01815592688270957,3.994
0.01818817117545183,3.995
0.018220050133924047,3.996
0.01825144722014749,3.997
0.018282245920738634,3.998
0.01831233005493926,3.999
0.018341580249804854,4.0
0.01836986896555143,4.001
0.01839705888934197,4.002
0.018423007042060444,4.003
0.018447571508745205,4.004
0.018470616733614945,4.005
0.01849201597803425,4.006
0.018511650924105585,4.007
0.018529408425551782,4.008
0.01854517470313248,4.009
0.01855882961120166,4.01
0.01857024648709586,4.011
0.018579300350184475,4.012
0.01858588027615605,4.013
0.018589899365231404,4.014
0.01859129805670423,4.015
0.018590038971905316,4.016
0.018586095340122216,4.017
0.01857944135324553,4.018
0.01857005321764904,4.019
0.018557919890328563,4.02
0.018543054785679036,4.021
0.018525502171081985,4.022
0.018505336934134513,4.023
0.018482658343935213,4.024
0.018457578900281914,4.025
0.018430211903567317,4.026
0.01840066578336227,4.027
0.01836905012835587,4.028
0.018335488043482617,4.029
0.01830012633665287,4.03
0.018263139690924808,4.031
0.018224728261456182,4.032
0.018185109528896848,4.033
0.018144506852423938,4.034
0.01810313933986223,4.035
0.018061218058815328,4.036
0.018018948939889617,4.037
0.017976537505528682,4.038
0.017934191275907008,4.039
0.017892119214326277,4.04
0.01785052905883173,4.041
0.01780962351298586,4.042
0.017769596265264767,4.043
0.017730628719468258,4.044
0.017692888134992087,4.045
0.017656527537673442,4.046
0.01762168726730521,4.047
0.017588497506710755,4.048
0.017557080792806094,4.049
0.01752755349315096,4.05
0.01750002556880246,4.051
0.017474598536397948,4.052
0.0174513624210941,4.053
0.01743039335131511,4.054
0.017411752956176765,4.055
0.017395488981931957,4.056
0.017381635945232454,4.057
0.01737021564277171,4.058
0.01736123807597454,4.059
0.017354703212638066,4.06
0.01735060361642458,4.061
0.017348927688000296,4.062
0.01734966307921017,4.063
0.01735279969020962,4.064
0.017358331584746423,4.065
0.01736625731266085,4.066
0.017376578543022735,4.067
0.017389297382208596,4.068
0.017404413000831682,4.069
0.017421918093480426,4.07
0.017441795418310774,4.071
0.017464015029364142,4.072
0.017488533872279177,4.073
0.017515298999569114,4.074
0.017544253579962303,4.075
0.017575343968710095,4.076
0.017608526578370323,4.077
0.017643773494824093,4.078
0.017681075788982027,4.079
0.017720443727488436,4.08
0.017761903570073945,4.081
0.01780549131957319,4.082
0.017851244506198682,4.083
0.01789919405559984,4.084
0.017949359150754664,4.085
0.018001746525163412,4.086
0.018056352472212135,4.087
0.018113165245008805,4.088
0.018172167322868485,4.089
0.01823333794179903,4.09
0.01829665599139437,4.091
0.01836210296927135,4.092
0.018429665501879126,4.093
0.018499336974501093,4.094
0.018571117954641975,4.095
0.018645015243811087,4.096
0.018721039528180435,4.097
0.01879920174495038,4.098
0.018879508445784666,4.099
0.018961956816214157,4.1
0.01904653090588726,4.101
0.019133201022954426,4.102
0.019221926682685325,4.103
0.0193126615389822,4.104
0.019405358617273525,4.105
0.019499974866412223,4.106
0.01959647418107314,4.107
0.019694828073760082,4.108
0.019795013507860292,4.109
0.019897007918014045,4.11
0.02000078259675135,4.111
0.020106297638657053,4.112
0.020213501658497012,4.113
0.020322335678790316,4.114
0.02043273741946526,4.115
0.020544643150024203,4.116
0.020657986503826005,4.117
0.020772694796640977,4.118
0.020888684159644535,4.119
0.021005855807033066,4.12
0.021124095559643664,4.121
0.021243276442406814,4.122
0.02136326232895135,4.123
0.02148391101078253,4.124
0.021605075972314796,4.125
0.021726606341813746,4.126
0.021848344537987167,4.127
0.021970122136444007,4.128
0.022091756889683487,4.129
0.022213054544463384,4.13
0.022333815628057245,4.131
0.02245384389123894,4.132
0.022572953192990897,4.133
0.02269097099140726,4.134
0.022807737305386214,4.135
0.02292309864370034,4.136
0.02303689872918844,4.137
0.023148972048740977,4.138
0.023259146124618275,4.139
0.023367251336568338,4.14
0.02347313217064465,4.141
0.02357665531780549,4.142
0.0236777126456173,4.143
0.023776218268586145,4.144
0.02387210011121364,4.145
0.02396528801493436,4.146
0.024055702866030773,4.147
0.024143252221565867,4.148
0.024227833618273274,4.149
0.024309341305600633,4.15
0.024387672727160747,4.151
0.02446273448596932,4.152
0.02453444818860314,4.153
0.02460275534077981,4.154
0.0246676193902652,4.155
0.024729022796015583,4.156
0.02478695790187891,4.157
0.02484141455477458,4.158
0.024892373856809813,4.159
0.024939814799425784,4.16
0.02498372864198704,4.161
0.025024131779331212,4.162
0.025061072953982886,4.163
0.025094634135961403,4.164
0.025124925137345877,4.165
0.025152072535670398,4.166
0.025176205633723556,4.167
0.025197446695540627,4.168
0.02521591227543834,4.169
0.0252317234284558,4.17
0.0252450162265437,4.171
0.02525594682235861,4.172
0.025264690150871242,4.173
0.025271433492002084,4.174
0.025276366607127267,4.175
0.02527967121529162,4.176
0.025281514792899796,4.177
0.025282052130190743,4.178
0.025281431673032963,4.179
0.025279800596781744,4.18
0.02527730511946688,4.181
0.025274085835490488,4.182
0.02527027145253774,4.183
0.02526597733182386,4.184
0.025261311758294065,4.185
0.025256385580161314,4.186
0.02525131942484261,4.187
0.02524624613515769,4.188
0.025241308248352218,4.189
0.02523665108251489,4.19
