VaMe,time
-0.0010337429629753768,0.001
-0.0009130721912090963,0.002
-0.000792951448850454,0.003
-0.000673509569202196,0.004
-0.0005548702913281846,0.005
-0.0004371505679857736,0.006
-0.0003204592699317762,0.007
-0.0002048964147518415,0.008
-9.055298768576227e-05,0.009
2.2488678578508334e-05,0.01
0.0001341541020426591,0.011
0.0002443756254778157,0.012
0.0003530913618455085,0.013
0.0004602442573770315,0.014
0.0005657813512339127,0.015
0.0006696532309232398,0.016
0.0007718135836398619,0.017
0.0008722186436615657,0.018
0.0009708263676630151,0.019
0.0010675956127602498,0.02
0.0011624861268365603,0.021
0.0012554597484855715,0.022
0.0013464821446341772,0.023
0.001435524134288837,0.024
0.0015225621522696828,0.025
0.0016075778506616705,0.026
0.0016905570862623754,0.027
0.001771488667340619,0.028
0.0018503632036141625,0.029
0.0019271722740629702,0.03
0.002001907986574143,0.031
0.002074562906488879,0.032
0.002145130273341706,0.033
0.0022136043714149137,0.034
0.002279980849843436,0.035
0.0023442567212423595,0.036
0.0024064297767730242,0.037
0.0024664976294595273,0.038
0.0025244574719989203,0.039
0.0025803074293476043,0.04
0.002634048949822649,0.041
0.0026856890610087564,0.042
0.002735241819353732,0.043
0.0027827286845459377,0.044
0.0028281776824310195,0.045
0.002871621331902096,0.046
0.002913093985404971,0.047
0.002952630468825346,0.048
0.002990267370141816,0.049
0.003026045826599586,0.05
0.003060013715412901,0.051
0.003092226249679695,0.052
0.0031227449042266282,0.053
0.0031516349947286523,0.054
0.0031789628429493575,0.055
0.0032047941368138866,0.056
0.0032291943193404997,0.057
0.003252229956784356,0.058
0.0032739696361228543,0.059
0.0032944839284730224,0.06
0.003313844553278833,0.061
0.0033321230274707624,0.062
0.0033493892857620056,0.063
0.0033657108632790247,0.064
0.003381152760114472,0.065
0.0033957774601931596,0.066
0.003409644729274678,0.067
0.0034228113999318624,0.068
0.0034353313697926308,0.069
0.0034472556651203193,0.07
0.0034586323774237473,0.071
0.0034695065596527072,0.072
0.0034799202873050205,0.073
0.0034899129240751384,0.074
0.0034995214540817434,0.075
0.003508780720899745,0.076
0.003517723453919025,0.077
0.0035263800315308742,0.078
0.003534778142826107,0.079
0.0035429427133788372,0.08
0.0035508962614737376,0.081
0.003558659440841938,0.082
0.0035662514688202013,0.083
0.003573690334839488,0.084
0.003580992766646634,0.085
0.0035881739168995785,0.086
0.0035952468279729596,0.087
0.0036022220321331173,0.088
0.003609107728991474,0.089
0.0036159104964913168,0.09
0.0036226360224095415,0.091
0.003629289440624744,0.092
0.0036358752076763733,0.093
0.003642396693324102,0.094
0.0036488557529409825,0.095
0.0036552525204413947,0.096
0.0036615855407062937,0.097
0.003667852215262708,0.098
0.003674049412870216,0.099
0.0036801740117568893,0.1
0.0036862230920235457,0.101
0.0036921934991446565,0.102
0.0036980809094465847,0.103
0.003703879436371791,0.104
0.0037095828269210884,0.105
0.003715186893571558,0.106
0.00372069191332735,0.107
0.0037261040563240136,0.108
0.003731435451817099,0.109
0.003736702885992241,0.11
0.0037419254590260265,0.111
0.0037471220346968013,0.112
0.0037523098469645646,0.113
0.003757504925758749,0.114
0.003762723450255545,0.115
0.003767982906298005,0.116
0.0037733027349191603,0.117
0.0037787044680429346,0.118
0.0037842112596450316,0.119
0.0037898467140274616,0.12
0.0037956333680414724,0.121
0.003801592010380724,0.122
0.003807742650753338,0.123
0.003814106334476803,0.124
0.003820706434388323,0.125
0.0038275687614474888,0.126
0.003834720416095803,0.127
0.0038421880154408303,0.128
0.003849996897946522,0.129
0.003858172315253989,0.13
0.0038667416191553064,0.131
0.0038757358315845395,0.132
0.0038851898801645583,0.133
0.003895141457148144,0.134
0.0039056289764672217,0.135
0.003916689843959851,0.136
0.003928360184362624,0.137
0.003940675748607876,0.138
0.003953672656232297,0.139
0.003967387083223586,0.14
0.003981854100582241,0.141
0.003997106683770042,0.142
0.0040131756772015794,0.143
0.004030090294376933,0.144
0.004047878200376235,0.145
0.0040665649274334555,0.146
0.004086173190615668,0.147
0.004106722676849891,0.148
0.004128230201284164,0.149
0.004150709728351176,0.15
0.004174172073598212,0.151
0.0041986245396618115,0.152
0.004224070763137746,0.153
0.00425051074666025,0.154
0.004277940880265685,0.155
0.004306353890723858,0.156
0.004335738805176337,0.157
0.0043660809916881435,0.158
0.004397362229106084,0.159
0.004429560680291018,0.16
0.00446265077302402,0.161
0.004496603319838197,0.162
0.004531386210367417,0.163
0.00456696555621909,0.164
0.004603306890021639,0.165
0.004640376103235943,0.166
0.00467813993827431,0.167
0.004716565956094223,0.168
0.0047556220025384045,0.169
0.0047952752602393066,0.17
0.004835491021334965,0.171
0.004876231537573708,0.172
0.004917455588350094,0.173
0.004959119050487095,0.174
0.005001175937048482,0.175
0.005043579183332061,0.176
0.005086280832177351,0.177
0.005129231519481151,0.178
0.005172379439727671,0.179
0.005215669499643458,0.18
0.005259043393479455,0.181
0.005302440372144065,0.182
0.0053457976609365175,0.183
0.00538905001525685,0.184
0.00543212934634785,0.185
0.0054749657851741,0.186
0.005517490172021726,0.187
0.00555963670556012,0.188
0.005601344702865917,0.189
0.005642559131290854,0.19
0.005683229965488124,0.191
0.005723310578673417,0.192
0.005762755426153728,0.193
0.005801517543424555,0.194
0.00583954699732245,0.195
0.005876791308375945,0.196
0.005913197535509919,0.197
0.005948714833029779,0.198
0.005983296617093015,0.199
0.006016901972160917,0.2
0.006049496102907416,0.201
0.006081049722218416,0.202
0.00611153736053042,0.203
0.006140934703794571,0.204
0.006169215685087205,0.205
0.00619635103322909,0.206
0.006222309276011679,0.207
0.006247058981989414,0.208
0.006270570467974107,0.209
0.006292816274798547,0.21
0.006313770316081762,0.211
0.006333405965902723,0.212
0.006351694387212182,0.213
0.0063686050069462746,0.214
0.006384108514813898,0.215
0.006398180558734744,0.216
0.006410803950432571,0.217
0.006421968125390224,0.218
0.006431666108493964,0.219
0.006439891739940808,0.22
0.006446640619405169,0.221
0.006451914679079519,0.222
0.006455726790415482,0.223
0.006458102375803408,0.224
0.006459077341415887,0.225
0.0064586933341440975,0.226
0.006456992844394409,0.227
0.006454017262881356,0.228
0.00644980860809034,0.229
0.006444412531574578,0.23
0.006437880301972828,0.231
0.006430269280833891,0.232
0.00642164211332555,0.233
0.006412064814721771,0.234
0.006401604014816958,0.235
0.006390324293068253,0.236
0.006378287298960836,0.237
0.006365553324488557,0.238
0.006352183869372056,0.239
0.006338243427667512,0.24
0.006323799920205337,0.241
0.006308923948898022,0.242
0.006293687252384754,0.243
0.006278160797532291,0.244
0.006262412902345351,0.245
0.006246507690977557,0.246
0.006230504046236928,0.247
0.006214455073866609,0.248
0.006198407965714224,0.249
0.0061824041275036065,0.25
0.006166479545312844,0.251
0.006150665466423653,0.252
0.0061349894568099765,0.253
0.006119476807574696,0.254
0.006104152147428508,0.255
0.006089040987746383,0.256
0.0060741708015193165,0.257
0.0060595711847993864,0.258
0.00604527276247568,0.259
0.006031305129253101,0.26
0.006017695234535913,0.261
0.006004467564560691,0.262
0.005991645568487156,0.263
0.005979252515007314,0.264
0.005967310776112728,0.265
0.005955840198684127,0.266
0.005944857325884087,0.267
0.0059343763645620835,0.268
0.005924410803674248,0.269
0.005914974240086097,0.27
0.00590608004390119,0.271
0.00589774016088585,0.272
0.00588996356127134,0.273
0.00588275504349153,0.274
0.005876115021318367,0.275
0.005870040351100505,0.276
0.005864525787615146,0.277
0.005859565744408397,0.278
0.005855156199151659,0.279
0.005851296484633336,0.28
0.005847990558002759,0.281
0.005845247322412171,0.282
0.005843079705967905,0.283
0.005841502466275887,0.284
0.005840529383336402,0.285
0.00584017143550791,0.286
0.005840436963186657,0.287
0.005841332783280151,0.288
0.005842864613617446,0.289
0.00584503636712469,0.29
0.005847848857963549,0.291
0.0058512986679418386,0.292
0.005855377721066307,0.293
0.005860073719391267,0.294
0.005865371227903242,0.295
0.0058712530260495695,0.296
0.00587770138582895,0.297
0.005884699086020356,0.298
0.005892230105420362,0.299
0.005900279994101315,0.3
0.005908835908526156,0.301
0.005917886252690904,0.302
0.005927419836057419,0.303
0.005937424476549122,0.304
0.00594788531689623,0.305
0.005958783809493322,0.306
0.005970098199284477,0.307
0.005981805056111899,0.308
0.005993880701842211,0.309
0.006006301876185218,0.31
0.00601904562286707,0.311
0.0060320886961034645,0.312
0.006045406920606623,0.313
0.0060589749139960125,0.314
0.006072766413114811,0.315
0.006086755191203922,0.316
0.006100916288758547,0.317
0.006115227083886271,0.318
0.006129667651419428,0.319
0.0061442199302422845,0.32
0.006158865755918914,0.321
0.006173585117814021,0.322
0.006188356610102254,0.323
0.006203160311508929,0.324
0.006217981186133103,0.325
0.006232811079456808,0.326
0.006247648559358725,0.327
0.006262496725986911,0.328
0.006277359738131838,0.329
0.006292239348902437,0.33
0.0063071327089847095,0.331
0.006322031820261392,0.332
0.0063369243944480375,0.333
0.006351795743310859,0.334
0.006366630687277255,0.335
0.00638141397892098,0.336
0.006396129061211056,0.337
0.006410757590667531,0.338
0.006425282182490504,0.339
0.006439691357213225,0.34
0.006453983626846249,0.341
0.006468168791033804,0.342
0.006482266095474752,0.343
0.006496299946037823,0.344
0.006510295112184859,0.345
0.006524274271870233,0.346
0.006538258988898542,0.347
0.006552272029144955,0.348
0.0065663386226931745,0.349
0.006580486121249905,0.35
0.00659474246545992,0.351
0.0066091340380501845,0.352
0.006623683544070475,0.353
0.006638408478466766,0.354
0.0066533203856858425,0.355
0.006668424738478877,0.356
0.006683721325354258,0.357
0.006699205232894954,0.358
0.006714868368410241,0.359
0.00673070123257318,0.36
0.006746694522034992,0.361
0.006762840040368017,0.362
0.0067791304080551985,0.363
0.006795557471453426,0.364
0.006812110451724673,0.365
0.006828775772640981,0.366
0.006845539267523876,0.367
0.006862389286272185,0.368
0.006879318987083036,0.369
0.0068963272683292415,0.37
0.006913418510962335,0.371
0.00693060147755859,0.372
0.006947887699954001,0.373
0.006965289566532688,0.374
0.006982818198446539,0.375
0.0070004813657812736,0.376
0.007018282253256366,0.377
0.007036219908311855,0.378
0.007054291214843378,0.379
0.00707249355519589,0.38
0.007090827586492064,0.381
0.007109299843677696,0.382
0.007127924761382881,0.383
0.007146725496437102,0.384
0.007165732902932762,0.385
0.00718498232823446,0.386
0.007204509384444556,0.387
0.007224347924211401,0.388
0.007244532097293434,0.389
0.0072651001128809425,0.39
0.007286096342041077,0.391
0.007307570726474366,0.392
0.007329576060533239,0.393
0.007352164338668514,0.394
0.007375383807116875,0.395
0.007399277819675797,0.396
0.007423884928147369,0.397
0.007449238805073262,0.398
0.007475367723291142,0.399
0.00750229455728733,0.4
0.007530037779683891,0.401
0.007558612677688985,0.402
0.0075880318220148705,0.403
0.0076183044557452595,0.404
0.007649435193792392,0.405
0.007681423156729315,0.406
0.007714262421504153,0.407
0.007747943288177299,0.408
0.007782453183892813,0.409
0.007817776591707567,0.41
0.007853894096498946,0.411
0.007890781065221607,0.412
0.007928406684940372,0.413
0.007966733983391167,0.414
0.00800572105975147,0.415
0.008045323229441124,0.416
0.00808549536436693,0.417
0.008126193539509984,0.418
0.008167375205980933,0.419
0.008208997538782828,0.42
0.008251014922525399,0.421
0.008293378171749504,0.422
0.00833603705897281,0.423
0.008378944534170516,0.424
0.008422060117862503,0.425
0.00846535139375712,0.426
0.008508793523947561,0.427
0.008552367022641318,0.428
0.008596054186298507,0.429
0.008639835179645974,0.43
0.008683685957270253,0.431
0.00872757965305867,0.432
0.008771490399309674,0.433
0.008815397292782764,0.434
0.00885928712677281,0.435
0.008903155318410346,0.436
0.008947004785500751,0.437
0.008990842894513941,0.438
0.009034677200775415,0.439
0.009078511685950849,0.44
0.009122345489320139,0.441
0.009166174381054064,0.442
0.009209993304713181,0.443
0.009253798647600687,0.444
0.009297590082544858,0.445
0.009341372032473927,0.446
0.009385154507817203,0.447
0.009428952944016725,0.448
0.009472786794497045,0.449
0.009516676885394102,0.45
0.00956064199919349,0.451
0.009604696090371102,0.452
0.009648847895930826,0.453
0.009693103109833952,0.454
0.009737467428853421,0.455
0.009781948915009065,0.456
0.00982655920566981,0.457
0.009871313607731752,0.458
0.009916230247691633,0.459
0.009961328568857054,0.46
0.01000662752889804,0.461
0.010052143782037845,0.462
0.010097889924995657,0.463
0.010143872725835015,0.464
0.01019009160412775,0.465
0.010236538284592665,0.466
0.01028319811703737,0.467
0.010330052192290677,0.468
0.010377078992615283,0.469
0.010424254942417955,0.47
0.010471553717961685,0.471
0.010518944444139925,0.472
0.010566389445046254,0.473
0.010613842866504429,0.474
0.010661250871813166,0.475
0.010708552470574593,0.476
0.010755679696060038,0.477
0.010802556868664381,0.478
0.010849099581080632,0.479
0.010895214281561939,0.48
0.010940798655823765,0.481
0.010985742121275295,0.482
0.011029925818794261,0.483
0.011073222139091102,0.484
0.011115494205358603,0.485
0.011156595826421738,0.486
0.011196372381149637,0.487
0.011234662904708578,0.488
0.011271303344323797,0.489
0.011306130594412534,0.49
0.01133898661646944,0.491
0.0113697218153402,0.492
0.011398196930662215,0.493
0.011424282955797468,0.494
0.011447858893004391,0.495
0.0114688073812398,0.496
0.011487009423248748,0.497
0.011502341892894346,0.498
0.011514681029122575,0.499
0.01152391057537815,0.5
0.011529930675257857,0.501
0.011532664792963714,0.502
0.011532063296447322,0.503
0.011528103220599044,0.504
0.011520784743378412,0.505
0.011510125708566913,0.506
0.011496155705179164,0.507
0.011478910728677204,0.508
0.011458428659477677,0.509
0.011434745172742882,0.51
0.01140789015275674,0.511
0.011377886234330345,0.512
0.01134475084581768,0.513
0.01130850051437512,0.514
0.011269155116887607,0.515
0.011226740947182427,0.516
0.011181292488430083,0.517
0.011132853141421118,0.518
0.011081475273070202,0.519
0.011027219878555344,0.52
0.010970156010813796,0.521
0.010910360011825455,0.522
0.010847914523816952,0.523
0.010782907275972356,0.524
0.010715429698535563,0.525
0.010645575437352183,0.526
0.010573438782800098,0.527
0.010499112923564462,0.528
0.010422687867494469,0.529
0.010344248154135764,0.53
0.01026387135107403,0.531
0.010181628685647514,0.532
0.010097587973058833,0.533
0.010011817703003143,0.534
0.009924391164691081,0.535
0.009835389959063542,0.536
0.009744906340500866,0.537
0.009653043822345884,0.538
0.009559915643152521,0.539
0.009465641049813369,0.54
0.009370340256078385,0.541
0.009274130415285887,0.542
0.009177124837657936,0.543
0.009079434745389763,0.544
0.008981170647702577,0.545
0.008882441518320046,0.546
0.00878335241873609,0.547
0.008684002786657225,0.548
0.008584486721220834,0.549
0.008484894083412305,0.55
0.00838531055851233,0.551
0.008285816581845996,0.552
0.008186486825658102,0.553
0.008087391568020049,0.554
0.007988599185135793,0.555
0.007890178210173987,0.556
0.007792198233669466,0.557
0.007694729572889528,0.558
0.007597841858342916,0.559
0.007501601954414544,0.56
0.007406072137478307,0.561
0.007311309596877055,0.562
0.007217367275423776,0.563
0.007124294896821293,0.564
0.007032139241219436,0.565
0.006940943650203156,0.566
0.0068507472518061,0.567
0.00676158449653126,0.568
0.006673485454106697,0.569
0.006586476981079173,0.57
0.006500584476088706,0.571
0.0064158336523239025,0.572
0.006332251667699512,0.573
0.006249867077023926,0.574
0.006168708398563785,0.575
0.006088801997628335,0.576
0.00601017112427641,0.577
0.005932837147961341,0.578
0.005856821679254799,0.579
0.005782147727746473,0.58
0.005708839321281864,0.581
0.005636919906324774,0.582
0.005566410322339925,0.583
0.005497327457064516,0.584
0.005429684003151787,0.585
0.005363488577893454,0.586
0.005298745668178467,0.587
0.005235455910632259,0.588
0.005173617156758282,0.589
0.005113225920879997,0.59
0.005054278580841777,0.591
0.004996772037647492,0.592
0.004940703777345572,0.593
0.004886071369317866,0.594
0.004832871497386219,0.595
0.004781098731224417,0.596
0.004730744527305512,0.597
0.004681797082422328,0.598
0.004634242141896607,0.599
0.0045880641931498834,0.6
0.004543247462205674,0.601
0.004499776459780454,0.602
0.004457635968682637,0.603
0.004416810417837375,0.604
0.004377282775315954,0.605
0.004339033517306818,0.606
0.004302040425655218,0.607
0.004266279287316714,0.608
0.004231724710093506,0.609
0.004198350321518503,0.61
0.004166128210208944,0.611
0.004135028030820562,0.612
0.004105016630892559,0.613
0.004076058716466514,0.614
0.0040481181398185845,0.615
0.004021159156714675,0.616
0.003995147408517089,0.617
0.003970050594954348,0.618
0.003945838805982756,0.619
0.0039224844795199875,0.62
0.0038999619573128197,0.621
0.0038782466294063934,0.622
0.00385731368710937,0.623
0.003837136770441244,0.624
0.0038176873186718703,0.625
0.0037989352516717236,0.626
0.0037808505526838415,0.627
0.0037634048029793437,0.628
0.003746572047228992,0.629
0.0037303287174092607,0.63
0.0037146525745372708,0.631
0.0036995210441960846,0.632
0.003684909836391571,0.633
0.003670792489758136,0.634
0.0036571404195868823,0.635
0.0036439229546548872,0.636
0.003631107973843303,0.637
0.0036186638560771352,0.638
0.0036065622262926055,0.639
0.003594780351287378,0.64
0.003583302336378852,0.641
0.0035721186445722207,0.642
0.003561223921560793,0.643
0.0035506142764648186,0.644
0.003540286331065888,0.645
0.0035302391028195304,0.646
0.0035204770174672535,0.647
0.003511011822081959,0.648
0.0035018625877422747,0.649
0.003493053946857523,0.65
0.0034846132352402996,0.651
0.003476567858765072,0.652
0.0034689441788766976,0.653
0.003461767806702934,0.654
0.0034550639402186837,0.655
0.003448856892181468,0.656
0.0034431692497890864,0.657
0.0034380215783712327,0.658
0.0034334329099911494,0.659
0.0034294214165964724,0.66
0.003426004701489359,0.661
0.0034231996465782445,0.662
0.0034210219694574095,0.663
0.0034194856294224646,0.664
0.00341860221400258,0.665
0.003418380476493791,0.666
0.0034188261168877497,0.667
0.00341994173397162,0.668
0.0034217269495133984,0.669
0.0034241788114451307,0.67
0.0034272923641521552,0.671
0.003431061056931557,0.672
0.0034354767027615462,0.673
0.003440529052686303,0.674
0.0034462056622086112,0.675
0.0034524926760491938,0.676
0.0034593762270275345,0.677
0.003466843667024725,0.678
0.003474884191886115,0.679
0.003483488831842117,0.68
0.0034926500156260377,0.681
0.003502361015500691,0.682
0.0035126155156870666,0.683
0.003523407384019019,0.684
0.0035347305691539556,0.685
0.0035465789635146165,0.686
0.003558946075741288,0.687
0.003571824414427966,0.688
0.003585204681809829,0.689
0.0035990752506712027,0.69
0.003613422436855323,0.691
0.0036282314999597698,0.692
0.003643487848333484,0.693
0.0036591780387266724,0.694
0.0036752904110665496,0.695
0.003691815319992578,0.696
0.003708744995989607,0.697
0.0037260731158831055,0.698
0.0037437941643573736,0.699
0.003761902632699902,0.7
0.003780392064168872,0.701
0.0037992540509559423,0.702
0.0038184775491797596,0.703
0.0038380488438242585,0.704
0.003857951960201532,0.705
0.003878168985633809,0.706
0.003898680006372026,0.707
0.003919462714222647,0.708
0.003940491890932608,0.709
0.003961738989586238,0.71
0.003983171957219065,0.711
0.004004755323468991,0.712
0.004026450467597776,0.713
0.004048215902723582,0.714
0.0040700073898463605,0.715
0.0040917777911023455,0.716
0.004113476921369557,0.717
0.004135051971439172,0.718
0.004156448800493133,0.719
0.00417761377746957,0.72
0.004198495566494983,0.721
0.004219046270844228,0.722
0.004239221416523664,0.723
0.004258978530503749,0.724
0.004278275077597213,0.725
0.00429706771768977,0.726
0.0043153139511522675,0.727
0.00433297478614465,0.728
0.004350016556608021,0.729
0.004366411373889755,0.73
0.004382136640617092,0.731
0.004397174289264815,0.732
0.004411510275959291,0.733
0.004425134462259282,0.734
0.004438040605961808,0.735
0.004450225991540969,0.736
0.004461690333689967,0.737
0.004472433926091751,0.738
0.004482455677749278,0.739
0.0044917522846388055,0.74
0.004500319103781156,0.741
0.004508151866519162,0.742
0.004515248184454844,0.743
0.00452160857003852,0.744
0.004527237059825722,0.745
0.004532141527037482,0.746
0.004536333737214841,0.747
0.004539829159053454,0.748
0.004542646506874703,0.749
0.004544806974125777,0.75
0.004546333132306154,0.751
0.004547247525541728,0.752
0.0045475711162503915,0.753
0.004547321958081496,0.754
0.004546514494593723,0.755
0.0045451594170107645,0.756
0.004543263785676445,0.757
0.0045408316016067735,0.758
0.004537865093039677,0.759
0.004534366286697562,0.76
0.004530338042284603,0.761
0.004525783929095355,0.762
0.00452070704032282,0.763
0.004515109106087382,0.764
0.004508991484798196,0.765
0.004502357854337168,0.766
0.004495216993625199,0.767
0.004487584445518831,0.768
0.0044794828022982165,0.769
0.004470940877076255,0.77
0.004461992202697673,0.771
0.004452673270571965,0.772
0.004443021784958885,0.773
0.00443307506545339,0.774
0.004422868635427573,0.775
0.0044124350826747405,0.776
0.004401803438957181,0.777
0.004390999199915081,0.778
0.004380044700375805,0.779
0.0043689594809431485,0.78
0.004357760559315878,0.781
0.004346462707124844,0.782
0.00433507885430508,0.783
0.0043236206953341265,0.784
0.004312099480445862,0.785
0.004300526869469438,0.786
0.004288915642295398,0.787
0.004277280023010729,0.788
0.004265635401199942,0.789
0.004253997341752439,0.79
0.004242380138805126,0.791
0.004230795733114761,0.792
0.004219253638361892,0.793
0.004207761402606624,0.794
0.004196324643672268,0.795
0.004184946643168079,0.796
0.004173628497675706,0.797
0.004162370382287456,0.798
0.0041511732454054245,0.799
0.004140039946351958,0.8
0.0041289753788023905,0.801
0.004117985532432578,0.802
0.004107075891655672,0.803
0.004096250293688404,0.804
0.004085511330667741,0.805
0.004074862108456822,0.806
0.0040643082446967255,0.807
0.004053859258098992,0.808
0.004043529046623025,0.809
0.0040333354566080195,0.81
0.0040232991522923265,0.811
0.0040134421046026025,0.812
0.004003785984601996,0.813
0.003994350706959421,0.814
0.00398515345607803,0.815
0.003976208454631029,0.816
0.003967527275372755,0.817
0.0039591191773531735,0.818
0.003950991150091357,0.819
0.003943147680479677,0.82
0.0039355903963237395,0.821
0.003928317751185809,0.822
0.003921324866806876,0.823
0.003914603567837173,0.824
0.00390814257050947,0.825
0.0039019277509516775,0.826
0.003895942418778303,0.827
0.003890167536754074,0.828
0.003884581843403918,0.829
0.003879161856045293,0.83
0.0038738817688418648,0.831
0.003868713318914256,0.832
0.0038636257595043126,0.833
0.0038585861195845534,0.834
0.003853559906160994,0.835
0.0038485122973191685,0.836
0.003843409689770204,0.837
0.0038382212473513566,0.838
0.0038329199210565424,0.839
0.0038274823676909997,0.84
0.0038218875326367424,0.841
0.00381611485124952,0.842
0.003810144149389497,0.843
0.0038039581141152286,0.844
0.0037975456766043735,0.845
0.0037909041718564747,0.846
0.0037840394213976103,0.847
0.0037769638566932957,0.848
0.0037696933638173874,0.849
0.0037622442079711213,0.85
0.003754631615528788,0.851
0.0037468702575149753,0.852
0.003738975199067793,0.853
0.003730962015127009,0.854
0.0037228459283614,0.855
0.0037146406135432036,0.856
0.003706357690973841,0.857
0.003698007356456958,0.858
0.0036895994375015437,0.859
0.0036811439810226303,0.86
0.003672651104559478,0.861
0.0036641302301020735,0.862
0.003655589046079137,0.863
0.0036470328382529533,0.864
0.00363846467111141,0.865
0.0036298862086191356,0.866
0.003621298624729596,0.867
0.003612703313845941,0.868
0.003604102378162948,0.869
0.0035954989410594954,0.87
0.003586897332643524,0.871
0.0035783031540499244,0.872
0.003569723174448824,0.873
0.0035611649925517486,0.874
0.0035526364309090117,0.875
0.003544144712550455,0.876
0.003535695550083477,0.877
0.0035272923160123053,0.878
0.0035189354561276716,0.879
0.0035106222511616905,0.88
0.0035023469200520527,0.881
0.0034941009924071447,0.882
0.0034858739189578074,0.883
0.0034776538982322024,0.884
0.003469428806683078,0.885
0.0034611870353600804,0.886
0.003452918033198164,0.887
0.003444612426428725,0.888
0.003436261684135648,0.889
0.0034278573811974185,0.89
0.0034193901794903297,0.891
0.0034108488645648322,0.892
0.0034022200012849084,0.893
0.0033934883801516776,0.894
0.003384637652486241,0.895
0.0033756504143131402,0.896
0.0033665077018984555,0.897
0.003357188793936299,0.898
0.003347672172921267,0.899
0.0033379373140766887,0.9
0.003327966314210924,0.901
0.0033177447226416957,0.902
0.0033072613367014217,0.903
0.003296506945308527,0.904
0.003285472515663421,0.905
0.003274148103519967,0.906
0.0032625234807844394,0.907
0.0032505899420952485,0.908
0.00323834205630638,0.909
0.003225778724902633,0.91
0.0032129034614254426,0.911
0.0031997239802284898,0.912
0.0031862512684159507,0.913
0.0031724983707213834,0.914
0.003158479137105196,0.915
0.0031442071556861064,0.916
0.0031296950107752674,0.917
0.0031149538740561722,0.918
0.0030999932882713886,0.919
0.0030848209312038634,0.92
0.0030694423838474104,0.921
0.0030538613804118476,0.922
0.0030380809498952908,0.923
0.0030221051923821057,0.924
0.0030059410697998237,0.925
0.0029895997260689718,0.926
0.002973097046366665,0.927
0.0029564533458514572,0.928
0.002939692281758598,0.929
0.002922839243952015,0.93
0.002905919622302932,0.931
0.002888957530038307,0.932
0.002871975484366431,0.933
0.0028549949696100173,0.934
0.0028380373417607407,0.935
0.0028211246806107274,0.936
0.0028042804927270446,0.937
0.0027875302185066315,0.938
0.0027709014476109462,0.939
0.0027544237436675787,0.94
0.002738128036922952,0.941
0.002722045644726047,0.942
0.0027062071461023234,0.943
0.0026906415443565175,0.944
0.0026753760711322855,0.945
0.0026604365142594492,0.946
0.0026458476814382754,0.947
0.0026316338133685214,0.948
0.00261781897121612,0.949
0.002604427396821899,0.95
0.0025914837446569475,0.951
0.0025790130442029224,0.952
0.0025670402905238966,0.953
0.002555589736824885,0.954
0.0025446843038043157,0.955
0.002534345615390077,0.956
0.0025245946520643264,0.957
0.0025154524729181006,0.958
0.0025069405180746128,0.959
0.0024990803462006457,0.96
0.0024918929306167875,0.961
0.0024853978968137633,0.962
0.0024796131455314297,0.963
0.0024745548912219898,0.964
0.002470237730714925,0.965
0.0024666745064150374,0.966
0.0024638760894720125,0.967
0.0024618513130675993,0.968
0.0024606071968249154,0.969
0.002460149458572086,0.97
0.002460483170095468,0.971
0.0024616133472023446,0.972
0.0024635452992819566,0.973
0.0024662846619250183,0.974
0.002469837130059865,0.975
0.0024742079566048504,0.976
0.0024794013212577136,0.977
0.0024854197998555616,0.978
0.0024922642486439953,0.979
0.0024999341774736426,0.98
0.00250842834276987,0.981
0.0025177452863359936,0.982
0.002527883736176935,0.983
0.0025388428691656786,0.984
0.0025506224359342863,0.985
0.0025632227382400316,0.986
0.0025766444400454943,0.987
0.0025908881972346812,0.988
0.0026059541079014466,0.989
0.0026218410561439152,0.99
0.0026385461944946104,0.991
0.002656064865668188,0.992
0.0026743909515646374,0.993
0.002693517289413022,0.994
0.0027134358291735277,0.995
0.0027341374299988904,0.996
0.002755611403002729,0.997
0.0027778451560541303,0.998
0.0028008243038201526,0.999
0.0028245331907926613,1.0
0.002848955444521693,1.001
0.0028740742559032737,1.002
0.0028998722783908186,1.003
0.002926331142890378,1.004
0.002953430788384018,1.005
0.0029811491352669008,1.006
0.0030094624856626525,1.007
0.003038346395762291,1.008
0.0030677765269062525,1.009
0.0030977292379151026,1.01
0.003128181866106267,1.011
0.0031591126912933506,1.012
0.0031905006052637646,1.013
0.0032223245458535715,1.014
0.003254562816515303,1.015
0.0032871924658673356,1.016
0.0033201888908643545,1.017
0.003353525738311689,1.018
0.0033871750602076163,1.019
0.0034211075934852254,1.02
0.0034552930101527843,1.021
0.0034896999942990252,1.022
0.003524296012130327,1.023
0.0035590467822896347,1.024
0.0035939158929361643,1.025
0.0036288652582033088,1.026
0.0036638565766889614,1.027
0.0036988532648798977,1.028
0.003733822266274018,1.029
0.0037687353880957414,1.03
0.003803569969429702,1.031
0.0038383087737336482,1.032
0.0038729390975050545,1.033
0.0039074511903184036,1.034
0.003941836184677896,1.035
0.003976084074862899,1.036
0.004010182752523613,1.037
0.00404411860453812,1.038
0.004077877931160973,1.039
0.004111448212918826,1.04
0.004144818904003787,1.041
0.0041779817630596015,1.042
0.004210930777699297,1.043
0.004243661781936767,1.044
0.004276171876155174,1.045
0.004308458721773782,1.046
0.004340519720808348,1.047
0.00437235104595539,1.048
0.004403946595865078,1.049
0.004435297289229079,1.05
0.004466391196220948,1.051
0.00449721445236953,1.052
0.004527752373482946,1.053
0.004557990263168223,1.054
0.004587913699585944,1.055
0.004617508268726946,1.056
0.004646758845151036,1.057
0.00467564864196298,1.058
0.004704158306420554,1.059
0.004732265287880005,1.06
0.004759943565076854,1.061
0.00478716366056484,1.062
0.004813892768377395,1.063
0.004840094799529061,1.064
0.004865730199907916,1.065
0.004890755676255691,1.066
0.004915124454671584,1.067
0.004938787668368969,1.068
0.004961696748329175,1.069
0.004983806170827214,1.07
0.005005075874739605,1.071
0.005025472715922345,1.072
0.005044970454490766,1.073
0.005063548042287096,1.074
0.005081186657956638,1.075
0.005097867230183849,1.076
0.005113570540541348,1.077
0.0051282799949091875,1.078
0.00514198508808393,1.079
0.005154683790675939,1.08
0.005166383226763677,1.081
0.0051770985930749075,1.082
0.005186850543988229,1.083
0.005195661702172592,1.084
0.005203553682035491,1.085
0.005210546069153582,1.086
0.005216657228739608,1.087
0.005221905333755042,1.088
0.005226308459610166,1.089
0.005229883767391307,1.09
0.005232646220416464,1.091
0.005234607326157059,1.092
0.005235774507711485,1.093
0.005236151407690097,1.094
0.005235738710296766,1.095
0.005234534810075349,1.096
0.005232535923124102,1.097
0.005229735585622773,1.098
0.0052261240943431405,1.099
0.0052216889309762045,1.1
0.005216416611038384,1.101
0.005210295272241771,1.102
0.005203317003609705,1.103
0.005195479259481288,1.104
0.005186785020406257,1.105
0.005177241651883242,1.106
0.005166858706203506,1.107
0.005155645305345693,1.108
0.005143608297409353,1.109
0.005130752217487353,1.11
0.00511708080846871,1.111
0.00510259900603287,1.112
0.005087314685324224,1.113
0.0050712400265150144,1.114
0.00505439245055157,1.115
0.005036794996262537,1.116
0.00501847597266168,1.117
0.004999467762902023,1.118
0.00497980477339434,1.119
0.004959520983434382,1.12
0.004938648372103841,1.121
0.004917217295555862,1.122
0.004895258242927868,1.123
0.004872803462639693,1.124
0.004849887573680103,1.125
0.00482654709350622,1.126
0.0048028191857239595,1.127
0.0047787400666765905,1.128
0.004754343499561517,1.129
0.004729659681535601,1.13
0.004704714651894668,1.131
0.004679530176763321,1.132
0.004654123952668056,1.133
0.004628509949060158,1.134
0.004602698759731855,1.135
0.004576697897590236,1.136
0.004550512001106253,1.137
0.00452414292680415,1.138
0.004497589708461451,1.139
0.0044708483761940095,1.14
0.004443911641197094,1.141
0.004416768576042762,1.142
0.004389404664523562,1.143
0.0043618025449135515,1.144
0.004333943363899287,1.145
0.004305808445111818,1.146
0.004277381022890922,1.147
0.004248647782603911,1.148
0.004219599898070054,1.149
0.004190233274524395,1.15
0.004160547797391089,1.151
0.004130545527682617,1.152
0.004100228429364328,1.153
0.004069597340989019,1.154
0.004038653462143177,1.155
0.004007401449523634,1.156
0.003975852362404711,1.157
0.003944025515197626,1.158
0.00391194888865083,1.159
0.0038796579923202758,1.16
0.0038471934214182528,1.161
0.0038145977583625788,1.162
0.003781912849365116,1.163
0.003749178425078592,1.164
0.003716432051284745,1.165
0.0036837094436833434,1.166
0.003651044477465466,1.167
0.003618468988957975,1.168
0.003586012670642796,1.169
0.0035537032275945483,1.17
0.0035215668272483595,1.171
0.0034896287756871524,1.172
0.0034579143020029633,1.173
0.003426449314147489,1.174
0.0033952609889844076,1.175
0.003364378072220094,1.176
0.003333830798012786,1.177
0.0033036503998927044,1.178
0.0032738682677280265,1.179
0.0032445148909813933,1.18
0.0032156188413488954,1.181
0.0031872061072250723,1.182
0.003159299869826068,1.183
0.003131920563908134,1.184
0.0031050861769638936,1.185
0.003078812793617203,1.186
0.00305311515402983,1.187
0.0030280069127526467,1.188
0.003003500442446884,1.189
0.00297960633293254,1.19
0.002956333135902408,1.191
0.0029336877890343794,1.192
0.0029116764614642034,1.193
0.002890305280311279,1.194
0.0028695807075760356,1.195
0.002849509618929895,1.196
0.0028300992354503333,1.197
0.002811357065267103,1.198
0.002793290935913105,1.199
0.0027759090729428003,1.2
0.002759220066199342,1.201
0.002743232535608841,1.202
0.00272795443540431,1.203
0.0027133922543776776,1.204
0.002699550583249228,1.205
0.002686432164782446,1.206
0.0026740380284101303,1.207
0.0026623674073737312,1.208
0.0026514175299394856,1.209
0.0026411834769188443,1.21
0.0026316581974297993,1.211
0.002622832683093042,1.212
0.002614696243028506,1.213
0.0026072367806503857,1.214
0.002600440945737521,1.215
0.002594294042369478,1.216
0.0025887797257551316,1.217
0.002583879832314771,1.218
0.0025795747050239527,1.219
0.002575843907435013,1.22
0.002572666882558697,1.221
0.002570023223480051,1.222
0.0025678924597329275,1.223
0.002566253436124539,1.224
0.0025650835634954605,1.225
0.0025643584165517992,1.226
0.002564051929773776,1.227
0.0025641369138452346,1.228
0.0025645855084242657,1.229
0.0025653694515282194,1.23
0.002566460192315099,1.231
0.0025678289053234185,1.232
0.002569446484667251,1.233
0.002571283589627199,1.234
0.0025733107795062548,1.235
0.002575498731995643,1.236
0.0025778185009195527,1.237
0.002580241741539096,1.238
0.002582740814339348,1.239
0.0025852886721485714,1.24
0.0025878584462947977,1.241
0.0025904227342556834,1.242
0.002592952873838207,1.243
0.002595418713064466,1.244
0.0025977889843341326,1.245
0.0026000317301010253,1.246
0.0026021142189193366,1.247
0.0026040024305723636,1.248
0.0026056607903234474,1.249
0.0026070525617071984,1.25
0.00260814034467486,1.251
0.002608886058748526,1.252
0.002609250996541642,1.253
0.0026091971577275044,1.254
0.0026086900341575235,1.255
0.0026077017723587117,1.256
0.0026062135097687034,1.257
0.002604216162957275,1.258
0.0026017094402637103,1.259
0.002598699318543334,1.26
0.0025951948399842396,1.261
0.002591205794026713,1.262
0.002586742484905143,1.263
0.0025818170822011232,1.264
0.0025764450986838707,1.265
0.002570646176209481,1.266
0.0025644441470182413,1.267
0.002557866573040601,1.268
0.002550943981813738,1.269
0.0025437089883651154,1.27
0.0025361954359549043,1.271
0.0025284376354914027,1.272
0.0025204697469300924,1.273
0.0025123253176847792,1.274
0.002504036968479352,1.275
0.0024956362052169856,1.276
0.0024871533401476837,1.277
0.002478617513136428,1.278
0.0024700567966390195,1.279
0.0024614983435152092,1.28
0.0024529685088231323,1.281
0.0024444928629613534,1.282
0.0024360960244356167,1.283
0.0024278013099346407,1.284
0.002419630392667025,1.285
0.002411603318891005,1.286
0.0024037390214688924,1.287
0.0023960560778991604,1.288
0.002388573386787132,1.289
0.002381310606436131,1.29
0.002374288310722297,1.291
0.002367527866927932,1.292
0.0023610510841692084,1.293
0.0023548797139917267,1.294
0.0023490348971653844,1.295
0.0023435366387926327,1.296
0.0023384033692594773,1.297
0.0023336516265503506,1.298
0.002329295878127486,1.299
0.0023253484799623737,1.3
0.0023218197425831787,1.301
0.0023187180479126326,1.302
0.0023160499548819805,1.303
0.0023138202576281244,1.304
0.002312032002405866,1.305
0.002310686495906183,1.306
0.0023097833317234084,1.307
0.002309320435338546,1.308
0.0023092941033928524,1.309
0.002309699002666971,1.31
0.0023105280986456074,1.311
0.002311772516314417,1.312
0.0023134214227576383,1.313
0.0023154620892928334,1.314
0.0023178802117684266,1.315
0.0023206604226840835,1.316
0.0023237868906343675,1.317
0.002327243933966542,1.318
0.002331016582275239,1.319
0.002335091012231796,1.32
0.002339454780097241,1.321
0.002344096767199326,1.322
0.002349006757333529,1.323
0.0023541746375565047,1.324
0.0023595895322576768,1.325
0.002365239543977036,1.326
0.002371112422691394,1.327
0.002377196654050355,1.328
0.002383482287215529,1.329
0.0023899612331374507,1.33
0.0023966270224843956,1.331
0.0024034740886828203,1.332
0.002410496757155691,1.333
0.002417688386904145,1.334
0.0024250412234396628,1.335
0.002432547034330634,1.336
0.002440197995107195,1.337
0.002447987305345367,1.338
0.0024559093508125657,1.339
0.002463959403705513,1.34
0.0024721329227380667,1.341
0.0024804246513602836,1.342
0.002488827931892561,1.343
0.0024973346157758434,1.344
0.002505935484472601,1.345
0.0025146207646361512,1.346
0.002523380465332194,1.347
0.0025322044970626824,1.348
0.0025410826007598807,1.349
0.0025500041268752094,1.35
0.002558957728052282,1.351
0.0025679310442861835,1.352
0.0025769104475452807,1.353
0.0025858808780810493,1.354
0.002594825770180894,1.355
0.002603727047842853,1.356
0.002612565168827355,1.357
0.0026213191967252294,1.358
0.0026299668767600006,1.359
0.0026384846829396935,1.36
0.0026468477978941816,1.361
0.0026550299856326065,1.362
0.00266300333093302,1.363
0.002670737943899301,1.364
0.00267820195143268,1.365
0.002685362051307171,1.366
0.00269218455091125,1.367
0.0026986366425134516,1.368
0.0027046877346548768,1.369
0.00271031067534468,1.37
0.002715482658257482,1.371
0.00272018558413995,1.372
0.0027244056817892523,1.373
0.0027281322869350247,1.374
0.0027313560524785687,1.375
0.00273406763149158,1.376
0.0027362579822394666,1.377
0.002737920169126106,1.378
0.0027390514277652197,1.379
0.0027396545234592085,1.38
0.0027397381342609815,1.381
0.0027393163364504915,1.382
0.0027384073963328637,1.383
0.0027370321241445414,1.384
0.002735212068617123,1.385
0.002732967993271011,1.386
0.0027303192403240334,1.387
0.0027272841335640044,1.388
0.0027238808056816994,1.389
0.0027201277972111206,1.39
0.0027160442447977714,1.391
0.0027116497206215143,1.392
0.0027069638324794284,1.393
0.0027020057122214077,1.394
0.002696793511889931,1.395
0.002691344007087771,1.396
0.0026856723852248412,1.397
0.0026797922677132885,1.398
0.002673715969821011,1.399
0.0026674549409469875,1.4
0.002661020269965361,1.401
0.002654423106998105,1.402
0.0026476748540015865,1.403
0.002640787010680962,1.404
0.0026337706257333685,1.405
0.0026266355438151552,1.406
0.002619390031621779,1.407
0.002612041220886291,1.408
0.0026045960694922295,1.409
0.0025970622515526535,1.41
0.0025894486901337395,1.411
0.0025817656928149905,1.412
0.0025740247391379993,1.413
0.0025662380258181625,1.414
0.002558417902921856,1.415
0.002550576333832615,1.416
0.002542724488095977,1.417
0.0025348725307653523,1.418
0.002527029602832017,1.419
0.002519203900475581,1.42
0.002511402684784334,1.421
0.002503632065481343,1.422
0.0024958966742290737,1.423
0.0024881997304319068,1.424
0.0024805438373570023,1.425
0.0024729321909959063,1.426
0.0024653696360311195,1.427
0.002457863235942258,1.428
0.0024504222353236103,1.429
0.0024430574247034723,1.43
0.0024357800450246687,1.431
0.0024286005947479344,1.432
0.002421528152845706,1.433
0.0024145704951940078,1.434
0.0024077345249144994,1.435
0.0024010264188523618,1.436
0.0023944513463850224,1.437
0.002388012975313926,1.438
0.0023817131636090652,1.439
0.002375552048132187,1.44
0.002369528285130962,1.441
0.0023636391068022197,1.442
0.002357880142593719,1.443
0.002352245215723194,1.444
0.002346726396863043,1.445
0.002341314406450343,1.446
0.0023359992183273936,1.447
0.0023307706938077806,1.448
0.0023256191384509843,1.449
0.0023205356644955717,1.45
0.002315512219745056,1.451
0.002310541178974014,1.452
0.0023056145859764858,1.453
0.0023007235307254854,1.454
0.0022958582747897435,1.455
0.0022910091912723726,1.456
0.002286167997611938,1.457
0.0022813287491706153,1.458
0.002276488279568309,1.459
0.0022716458921631004,1.46
0.002266802295561665,1.461
0.0022619583266417762,1.462
0.0022571145535034186,1.463
0.0022522722536853987,1.464
0.0022474349428469238,1.465
0.002242609357496521,1.466
0.0022378054476946503,1.467
0.002233035399540044,1.468
0.0022283121252385085,1.469
0.0022236482241803756,1.47
0.0022190561908103424,1.471
0.0022145494786327624,1.472
0.002210143451597425,1.473
0.002205855711501198,1.474
0.0022017057824973083,1.475
0.002197714299080167,1.476
0.00219390193269199,1.477
0.0021902884592591185,1.478
0.002186892411269014,1.479
0.0021837313324428744,1.48
0.002180822166465685,1.481
0.0021781813930162987,1.482
0.0021758248874328722,1.483
0.0021737676429213365,1.484
0.0021720234951475553,1.485
0.002170604948094397,1.486
0.0021695231454821767,1.487
0.0021687879905676593,1.488
0.002168408394380568,1.489
0.002168392612688466,1.49
0.0021687486035020264,1.491
0.0021694843109114534,1.492
0.0021706077775264774,1.493
0.0021721270118395426,1.494
0.0021740495789202103,1.495
0.0021763820322431423,1.496
0.0021791295671620553,1.497
0.002182296218276139,1.498
0.0021858854349003183,1.499
0.0021899006020857283,1.5
0.0021943452369000815,1.501
0.002199222789781894,1.502
0.002204536105477388,1.503
0.002210286775744468,1.504
0.0022164747416348147,1.505
0.002223098242347835,1.506
0.0022301538379783043,1.507
0.0022376364104204397,1.508
0.002245539402875146,1.509
0.002253855416258923,1.51
0.0022625769543768853,1.511
0.002271697062974537,1.512
0.0022812097117291532,1.513
0.0022911098331145903,1.514
0.0023013929796985885,1.515
0.0023120546231843665,1.516
0.002323089315454556,1.517
0.0023344902320516655,1.518
0.0023462494312379164,1.519
0.002358358504802514,1.52
0.00237080910473336,1.521
0.002383593159545446,1.522
0.0023967028138167966,1.523
0.0024101301599376373,1.524
0.0024238668352090957,1.525
0.0024379035631766563,1.526
0.0024522297296218506,1.527
0.0024668330817337438,1.528
0.0024816996030729644,1.529
0.0024968135500459095,1.53
0.002512157569831579,1.531
0.0025277127964452475,1.532
0.002543458858711772,1.533
0.0025593738061631364,1.534
0.002575434015126236,1.535
0.00259161414422474,1.536
0.0026078871767288665,1.537
0.002624224548899837,1.538
0.0026405963321311982,1.539
0.0026569714040961608,1.54
0.0026733175120642085,1.541
0.002689601118789946,1.542
0.0027057870614585044,1.543
0.002721838416787129,1.544
0.0027377170772689145,1.545
0.0027533850942843222,1.546
0.0027688064114777325,1.547
0.0027839485654291107,1.548
0.0027987839837842828,1.549
0.002813290534422167,1.55
0.002827451066637158,1.551
0.0028412518599808803,1.552
0.002854680481319582,1.553
0.002867724522239151,1.554
0.002880372425801051,1.555
0.0028926157770573038,1.556
0.0029044514644525976,1.557
0.0029158827304779705,1.558
0.002926918858460376,1.559
0.002937573643237734,1.56
0.0029478630861808795,1.561
0.0029578030948606256,1.562
0.002967408199746636,1.563
0.0029766915940963225,1.564
0.002985665644783175,1.565
0.002994342029779787,1.566
0.0030027314509333564,1.567
0.003010843205974052,1.568
0.0030186848391335294,1.569
0.003026261972637292,1.57
0.0030335783121233735,1.571
0.0030406357503401575,1.572
0.0030474344701998334,1.573
0.0030539729627657164,1.574
0.00306024791913739,1.575
0.0030662540171606124,1.576
0.0030719836829452346,1.577
0.003077426931668319,1.578
0.0030825713612404344,1.579
0.003087402292850051,1.58
0.003091902953596896,1.581
0.003096054518676405,1.582
0.0030998359565777337,1.583
0.0031032240336047305,1.584
0.003106193942554774,1.585
0.0031087204685129187,1.586
0.003110779110685264,1.587
0.003112346593228394,1.588
0.0031134004110028356,1.589
0.0031139176865329033,1.59
0.0031138746653242705,1.591
0.003113247933794367,1.592
0.003112016680415469,1.593
0.003110164528605564,1.594
0.0031076801230530346,1.595
0.0031045562798709945,1.596
0.003100788031115237,1.597
0.0030963707732755506,1.598
0.003091300074951925,1.599
0.0030855733834692567,1.6
0.0030791922655567677,1.601
0.003072163845474139,1.602
0.0030645010182850487,1.603
0.0030562215548062396,1.604
0.0030473464212253795,1.605
0.003037897727056873,1.606
0.003027896892680623,1.607
0.0030173638364821404,1.608
0.003006317473345364,1.609
0.002994776874596547,1.61
0.0029827623447193415,1.611
0.0029702961904000597,1.612
0.0029574031788912243,1.613
0.0029441106660916543,1.614
0.0029304483629538935,1.615
0.0029164477156239975,1.616
0.002902140908715711,1.617
0.0028875596655977137,1.618
0.002872734374775427,1.619
0.002857694112328048,1.62
0.002842467464371411,1.621
0.002827083442742754,1.622
0.002811571908223573,1.623
0.002795963338789462,1.624
0.0027802880664012466,1.625
0.002764575295085005,1.626
0.002748852302794008,1.627
0.0027331440514644,1.628
0.002717473092629717,1.629
0.0027018596154495386,1.63
0.002686321690771491,1.631
0.002670875742489134,1.632
0.0026555370961106987,1.633
0.0026403204195645995,1.634
0.0026252399356899293,1.635
0.002610309346013089,1.636
0.0025955414645530746,1.637
0.0025809476860931455,1.638
0.002566537627401079,1.639
0.002552319278004298,1.64
0.0025382996209192083,1.641
0.002524485396009454,1.642
0.0025108837457942495,1.643
0.002497502619268907,1.644
0.0024843508506784866,1.645
0.0024714378537776306,1.646
0.0024587729237539407,1.647
0.0024463643703484706,1.648
0.002434219065997066,1.649
0.002422342770165534,1.65
0.0024107408143336393,1.651
0.0023994185061600934,1.652
0.002388381003582061,1.653
0.002377632767629618,1.654
0.002367177014642639,1.655
0.002357015686090912,1.656
0.00234714999503129,1.657
0.002337581088783306,1.658
0.002328310392680255,1.659
0.00231933949552032,1.66
0.0023106696116249304,1.661
0.002302300875944804,1.662
0.0022942320311145833,1.663
0.0022864608457342527,1.664
0.0022789849099603124,1.665
0.0022718022315918,1.666
0.0022649113456987197,1.667
0.0022583108735808664,1.668
0.002251998751936026,1.669
0.0022459717806572886,1.67
0.0022402259537666093,1.671
0.0022347572111684933,1.672
0.0022295619328344075,1.673
0.002224636862965871,1.674
0.0022199785345786197,1.675
0.002215582646825171,1.676
0.002211444069018413,1.677
0.0022075576774557267,1.678
0.002203919512598218,1.679
0.0022005276364360296,1.68
0.002197382381264463,1.681
0.002194485907163314,1.682
0.0021918411702122795,1.683
0.002189450763772168,1.684
0.0021873164071531666,1.685
0.002185439397086282,1.686
0.002183821448121526,1.687
0.002182465232313334,1.688
0.0021813744054471154,1.689
0.0021805531651078233,1.69
0.0021800054782808494,1.691
0.0021797343106792814,1.692
0.002179741293835184,1.693
0.0021800268893998856,1.694
0.002180590597806253,1.695
0.0021814308409945134,1.696
0.002182544676176433,1.697
0.0021839277659695374,1.698
0.002185574724080391,1.699
0.002187479507091621,1.7
0.002189635510678468,1.701
0.0021920352967822157,1.702
0.0021946701344905287,1.703
0.002197529769767597,1.704
0.002200602724182043,1.705
0.0022038769519869533,1.706
0.00220734048221616,1.707
0.0022109818170156998,1.708
0.002214789977934874,1.709
0.002218754153310323,1.71
0.002222863045928609,1.711
0.0022271043228624613,1.712
0.0022314647090167982,1.713
0.0022359308447882655,1.714
0.002240490483016365,1.715
0.002245133533258794,1.716
0.0022498526518649215,1.717
0.0022546431964620755,1.718
0.0022595024811353183,1.719
0.002264428524172879,1.72
0.0022694189014090824,1.721
0.0022744704135079126,1.722
0.002279579572526269,1.723
0.0022847432080928152,1.724
0.0022899586676047223,1.725
0.002295223606779665,1.726
0.0023005355723755027,1.727
0.002305891559131647,1.728
0.002311287654840996,1.729
0.002316718817642165,1.73
0.0023221787915125055,1.731
0.0023276601626047856,1.732
0.0023331545684998744,1.733
0.0023386530682099785,1.734
0.002344146648173072,1.735
0.002349626781602485,1.736
0.0023550858974129138,1.737
0.002360517585365473,1.738
0.0023659163936281128,1.739
0.002371277161083897,1.74
0.002376594100422506,1.741
0.0023818602745266605,1.742
0.0023870679622233714,1.743
0.0023922096071042963,1.744
0.002397278697444134,1.745
0.0024022702618365617,1.746
0.0024071809736725845,1.747
0.002412008960858235,1.748
0.002416753446760241,1.749
0.002421414332684063,1.75
0.0024259917965190414,1.751
0.0024304859518132953,1.752
0.002434896590542686,1.753
0.002439223008486665,1.754
0.0024434638791924106,1.755
0.0024476171154180597,1.756
0.0024516796551528066,1.757
0.0024556471360652338,1.758
0.0024595135130768427,1.759
0.0024632708321208926,1.76
0.0024669093839015882,1.761
0.0024704182316230756,1.762
0.0024737859417246688,1.763
0.0024770013850947585,1.764
0.002480054527914644,1.765
0.0024829371228319453,1.766
0.002485643202428587,1.767
0.002488169290585518,1.768
0.002490514278028779,1.769
0.0024926789514450216,1.77
0.00249466521583298,1.771
0.002496475093186306,1.772
0.002498109710568886,1.773
0.0024995687243852234,1.774
0.0025008505191199946,1.775
0.0025019529773166,1.776
0.002502874349288681,1.777
0.002503613938161607,1.778
0.0025041725013450152,1.779
0.0025045523373378354,1.78
0.002504757087700335,1.781
0.00250479135175702,1.782
0.002504660259987855,1.783
0.002504369153386912,1.784
0.00250392345721011,1.785
0.002503328735135565,1.786
0.0025025908058268556,1.787
0.002501715740903943,1.788
0.002500709565400431,1.789
0.002499577643646447,1.79
0.0024983241249041804,1.791
0.002496951998099619,1.792
0.002495463803791448,1.793
0.0024938624891255885,1.794
0.002492151983325388,1.795
0.0024903374443751257,1.796
0.0024884252855709612,1.797
0.002486423085498004,1.798
0.002484339448129956,1.799
0.002482183842946322,1.8
0.002479966423372654,1.801
0.0024776977923176,1.802
0.0024753886615556933,1.803
0.0024730493483564953,1.804
0.002470689146338815,1.805
0.0024683158600494783,1.806
0.002465935890067113,1.807
0.0024635548835706764,1.808
0.002461178548813394,1.809
0.0024588132388164933,1.81
0.002456466115599345,1.811
0.002454144841558523,1.812
0.002451856853976412,1.813
0.002449608527998761,1.814
0.002447404811519915,1.815
0.002445249607584422,1.816
0.0024431464446392757,1.817
0.002441098810877598,1.818
0.00243910990242626,1.819
0.0024371819855628467,1.82
0.002435316063204595,1.821
0.002433512392622631,1.822
0.0024317715242715703,1.823
0.0024300951368574583,1.824
0.00242848627395695,1.825
0.0024269489078937306,1.826
0.002425487010190418,1.827
0.00242410370960212,1.828
0.002422801216934615,1.829
0.002421581543186916,1.83
0.002420447362542986,1.831
0.0024194024657189063,1.832
0.002418451678532892,1.833
0.0024176003406085373,1.834
0.0024168535047711538,1.835
0.002416215096731299,1.836
0.0024156873764889833,1.837
0.0024152709156797314,1.838
0.0024149649445964084,1.839
0.0024147677932056916,1.84
0.0024146773252629564,1.841
0.0024146913873709292,1.842
0.002414808269314355,1.843
0.0024150271060194503,1.844
0.0024153481060286324,1.845
0.0024157724909828074,1.846
0.0024163020787822636,1.847
0.0024169385233844477,1.848
0.002417682438402042,1.849
0.002418532921034041,1.85
0.0024194877754909433,1.851
0.0024205440853253407,1.852
0.0024216986400226676,1.853
0.0024229480802114797,1.854
0.002424288847444544,1.855
0.0024257170619897644,1.856
0.0024272284480156563,1.857
0.002428818386646973,1.858
0.002430482112562287,1.859
0.002432215003652071,1.86
0.0024340128733306475,1.861
0.002435872170286598,1.862
0.00243779000921248,1.863
0.002439763985662911,1.864
0.0024417917676131163,1.865
0.0024438705058867877,1.866
0.0024459961688217315,1.867
0.002448162997187586,1.868
0.0024503632975658557,1.869
0.00245258760179392,1.87
0.0024548250060492664,1.871
0.0024570635455822398,1.872
0.002459290614996407,1.873
0.002461493488020374,1.874
0.0024636599511515572,1.875
0.0024657790040838205,1.876
0.002467841525729201,1.877
0.0024698407889914226,1.878
0.0024717727336354012,1.879
0.0024736359500243514,1.88
0.002475431362227424,1.881
0.0024771616233340197,1.882
0.002478830258537125,1.883
0.0024804406338202983,1.884
0.0024819950110843408,1.885
0.0024834941788546964,1.886
0.00248493788501765,1.887
0.0024863256978435466,1.888
0.002487657823259706,1.889
0.002488935716273479,1.89
0.002490162473355791,1.891
0.0024913429938932218,1.892
0.0024924838957165055,1.893
0.0024935931705432307,1.894
0.002494679579715576,1.895
0.0024957518280309425,1.896
0.0024968176667411576,1.897
0.002497883250157939,1.898
0.002498952993874054,1.899
0.0025000297619106227,1.9
0.002501114962570806,1.901
0.0025022083828771017,1.902
0.002503308035498324,1.903
0.0025044104058177833,1.904
0.002505511121238167,1.905
0.0025066057183520617,1.906
0.0025076901989566575,1.907
0.00250876120958656,1.908
0.0025098157758410475,1.909
0.002510850616922866,1.91
0.0025118613066604204,1.911
0.002512841868492223,1.912
0.0025137851663955915,1.913
0.0025146837581460947,1.914
0.002515530695784523,1.915
0.0025163200730879873,1.916
0.0025170472826942392,1.917
0.0025177089548081666,1.918
0.0025183025719841337,1.919
0.002518825793624425,1.92
0.002519275604006127,1.921
0.002519647577103351,1.922
0.0025199356475643377,1.923
0.002520132456143615,1.924
0.002520229899871498,1.925
0.0025202195211038087,1.926
0.0025200926169082457,1.927
0.002519840048598938,1.928
0.002519451777928849,1.929
0.0025189164061586,1.93
0.0025182212709931864,1.931
0.0025173533829472325,1.932
0.002516300834899578,1.933
0.0025150541030703228,1.934
0.0025136068552818196,1.935
0.0025119560528829884,1.936
0.0025101012668644856,1.937
0.00250804333181793,1.938
0.0025057829019500973,1.939
0.0025033198965551656,1.94
0.002500654270785661,1.941
0.0024977874037901576,1.942
0.002494723207173436,1.943
0.0024914686359564747,1.944
0.002488033603541797,1.945
0.0024844303660017733,1.946
0.0024806724920778543,1.947
0.0024767736071805648,1.948
0.0024727462573748975,1.949
0.0024686013110093758,1.95
0.002464347930078278,1.951
0.0024599936519298544,1.952
0.0024555442568024413,1.953
0.002451003589251514,1.954
0.0024463736192212437,1.955
0.002441654746489114,1.956
0.0024368461324036374,1.957
0.002431945881989719,1.958
0.00242695101690747,1.959
0.002421857255214149,1.96
0.002416658674423793,1.961
0.0024113473810533892,1.962
0.0024059133188583095,1.963
0.002400344307775985,1.964
0.0023946263231498966,1.965
0.002388743925315984,1.966
0.002382680664792412,1.967
0.0023764192438450616,1.968
0.0023699413404164324,1.969
0.002363227441843305,1.97
0.0023562573522576432,1.971
0.0023490116045660893,1.972
0.002341473299993627,1.973
0.0023336297378718867,1.974
0.0023254734309949435,1.975
0.0023170023088979175,1.976
0.002308219072961874,1.977
0.002299129817988293,1.978
0.0022897422177594164,1.979
0.0022800639272179653,1.98
0.002270102037677749,1.981
0.002259863754612385,1.982
0.002249357567943741,1.983
0.002238594213788206,1.984
0.0022275872534005163,1.985
0.0022163532947215357,1.986
0.0022049118677129513,1.987
0.0021932849649390685,1.988
0.0021814962787102122,1.989
0.0021695701933515743,1.99
0.002157530724242411,1.991
0.002145400857574379,1.992
0.0021332026616264813,1.993
0.002120957957396056,1.994
0.002108688997026527,1.995
0.002096418792665422,1.996
0.0020841709864384897,1.997
0.0020719692710616596,1.998
0.002059836622264458,1.999
0.0020477949416299163,2.0
0.0020358654478831,2.001
0.0020240694073592204,2.002
0.002012428616964357,2.003
0.002000965425910065,2.004
0.0019897023210079965,2.005
0.001978661250805113,2.006
0.0019678630823496343,2.007
0.0019573275198142325,2.008
0.0019470733437172698,2.009
0.0019371185423638297,2.01
0.0019274801388514027,2.011
0.001918173918677436,2.012
0.0019092144065214656,2.013
0.0019006151574833597,2.014
0.0018923890680203526,2.015
0.001884548414459713,2.016
0.0018771045988271568,2.017
0.0018700678819735248,2.018
0.0018634474675146434,2.019
0.0018572519802911404,2.02
0.0018514900330576824,2.021
0.0018461705948299664,2.022
0.0018413030622307096,2.023
0.001836897042031946,2.024
0.0018329619087208862,2.025
0.0018295062550484514,2.026
0.0018265374081095447,2.027
0.001824061169930068,2.028
0.0018220817754756615,2.029
0.0018206019093043283,2.03
0.0018196226893928554,2.031
0.0018191436622776497,2.032
0.0018191628682443042,2.033
0.0018196769762473838,2.034
0.0018206814386997543,2.035
0.0018221706060022223,2.036
0.0018241377705651375,2.037
0.001826575149931556,2.038
0.0018294738324040995,2.039
0.0018328236889855018,2.04
0.0018366132378319828,2.041
0.0018408294976854284,2.042
0.001845457950431397,2.043
0.0018504826700204377,2.044
0.0018558864919978547,2.045
0.0018616510444161342,2.046
0.0018677566218037742,2.047
0.001874182131682629,2.048
0.001880905358523951,2.049
0.0018879034858117795,2.05
0.001895153609180768,2.051
0.001902633028527349,2.052
0.0019103192010237722,2.053
0.0019181893343642427,2.054
0.0019262198779497867,2.055
0.001934386478129619,2.056
0.0019426647110344487,2.057
0.0019510312526896103,2.058
0.001959464948316211,2.059
0.001967947477511494,2.06
0.0019764634751020913,2.061
0.001985000052709229,2.062
0.0019935457791357344,2.063
0.002002089421496008,2.064
0.002010619084317124,2.065
0.0020191222055084873,2.066
0.002027586114743005,2.067
0.0020359985369475075,2.068
0.002044347783681258,2.069
0.0020526227163213087,2.07
0.002060812637628951,2.071
0.0020689072300754973,2.072
0.0020768965944202495,2.073
0.0020847713877765435,2.074
0.002092523033875375,2.075
0.0021001439674775482,2.076
0.0021076278609088893,2.077
0.0021149697636996955,2.078
0.0021221660822274622,2.079
0.002129214341538936,2.08
0.002136112694464294,2.081
0.0021428591905716375,2.082
0.002149451043485733,2.083
0.002155884437795835,2.084
0.0021621551749806543,2.085
0.0021682597842823505,2.086
0.00217419653339775,2.087
0.0021799660550461276,2.088
0.0021855715052274834,2.089
0.0021910182702519695,2.09
0.002196313334748458,2.091
0.002201464474222356,2.092
0.0022064794356327928,2.093
0.0022113652379986185,2.094
0.0022161276863700624,2.095
0.002220771156143463,2.096
0.002225298662510014,2.097
0.002229712168851732,2.098
0.0022340130113696864,2.099
0.00223820225405658,2.1
0.002242280776091508,2.101
0.0022462489638545593,2.102
0.0022501061791972412,2.103
0.0022538506023322634,2.104
0.002257479869162688,2.105
0.0022609921700203453,2.106
0.002264387213146289,2.107
0.002267666766441735,2.108
0.0022708347326594654,2.109
0.002273896813814289,2.11
0.0022768598827359616,2.111
0.0022797311837625196,2.112
0.0022825174711713107,2.113
0.0022852243051589174,2.114
0.0022878558784701253,2.115
0.0022904155150882794,2.116
0.0022929064994687207,2.117
0.002295332788633941,2.118
0.002297699365560092,2.119
0.0023000121218295145,2.12
0.0023022772294576644,2.121
0.00230450024267977,2.122
0.0023066856180433675,2.123
0.0023088371376209127,2.124
0.00231095883060475,2.125
0.002313055665830112,2.126
0.002315133700972079,2.127
0.002317199726452162,2.128
0.0023192605835352,2.129
0.002321322395157851,2.13
0.00232338991911957,2.131
0.002325466130858738,2.132
0.0023275520148490487,2.133
0.002329646471948936,2.134
0.0023317463000310113,2.135
0.002333846289365003,2.136
0.0023359394365515445,2.137
0.0023380171794518626,2.138
0.0023400695533813023,2.139
0.002342085249698779,2.14
0.002344051624929479,2.141
0.0023459547377266085,2.142
0.0023477794906642583,2.143
0.00234950992810886,2.144
0.0023511296965079125,2.145
0.0023526226235837206,2.146
0.0023539733360250273,2.147
0.002355167818732555,2.148
0.002356193816133977,2.149
0.0023570409813603926,2.15
0.002357700697546711,2.151
0.002358165536104751,2.152
0.002358428376535888,2.153
0.0023584814109258,2.154
0.0023583155779745963,2.155
0.0023579208246801114,2.156
0.002357286922759489,2.157
0.0023564042911281276,2.158
0.0023552645502740665,2.159
0.002353860761939561,2.16
0.00235218738499462,2.161
0.0023502400445190976,2.162
0.002348015255579579,2.163
0.0023455102316152156,2.164
0.0023427228482327954,2.165
0.0023396517652957915,2.166
0.002336296660493982,2.167
0.002332658497829462,2.168
0.0023287397369889844,2.169
0.0023245443816874286,2.17
0.0023200777712453764,2.171
0.002315346045761815,2.172
0.002310355312538255,2.173
0.0023051108504552166,2.174
0.0022996169813579445,2.175
0.002293877875812649,2.176
0.0022878988384574727,2.177
0.002281687489526154,2.178
0.0022752545882951136,2.179
0.0022686144326220787,2.18
0.0022617848272202647,2.181
0.0022547866652856807,2.182
0.0022476432044338554,2.183
0.0022403791421929417,2.184
0.00223301961517001,2.185
0.0022255892518259013,2.186
0.002218111405884482,2.187
0.0022106076913132496,2.188
0.002203097863054714,2.189
0.002195599942210642,2.19
0.002188130433284554,2.191
0.00218070455073751,2.192
0.002173336417144957,2.193
0.0021660391877082377,2.194
0.00215882506293586,2.195
0.0021517051845099254,2.196
0.002144689445489308,2.197
0.0021377862752165497,2.198
0.0021310024813942304,2.199
0.0021243432408100987,2.2
0.0021178123151275275,2.201
0.0021114125214286832,2.202
0.002105146409696829,2.203
0.0020990170101622047,2.204
0.002093028452227139,2.205
0.002087186259892221,2.206
0.0020814971990581964,2.207
0.0020759686596088264,2.208
0.002070607768418082,2.209
0.002065420745167766,2.21
0.002060412933992612,2.211
0.0020555893031712893,2.212
0.002050954814618841,2.213
0.00204651431572363,2.214
0.002042272029922705,2.215
0.0020382310260541347,2.216
0.0020343930318800206,2.217
0.0020307585194800195,2.218
0.0020273267183864136,2.219
0.0020240955829430225,2.22
0.0020210621142289892,2.221
0.0020182231499477426,2.222
0.0020155762550660926,2.223
0.002013120289417718,2.224
0.0020108554497243205,2.225
0.0020087827828548124,2.226
0.00200690334104211,2.227
0.0020052173753569674,2.228
0.0020037240502632967,2.229
0.0020024217882835846,2.23
0.0020013088779936273,2.231
0.002000383993501137,2.232
0.001999646526431647,2.233
0.0019990967009575335,2.234
0.001998735416755609,2.235
0.0019985637756502715,2.236
0.0019985824019362387,2.237
0.0019987909923517306,2.238
0.001999188535847149,2.239
0.001999774078023492,2.24
0.0020005474906570706,2.241
0.0020015098592631613,2.242
0.0020026633952071626,2.243
0.002004010937070882,2.244
0.002005555179861482,2.245
0.002007297883098413,2.246
0.0020092394359878386,2.247
0.002011378927796077,2.248
0.0020137143972602262,2.249
0.002016242883019812,2.25
0.0020189602137506753,2.251
0.0020218607051310455,2.252
0.002024936973834742,2.253
0.002028179902597319,2.254
0.0020315786355458803,2.255
0.002035120663669256,2.256
0.0020387922027604783,2.257
0.0020425788555105888,2.258
0.0020464663610356166,2.259
0.002050441262208212,2.26
0.0020544913935450146,2.261
0.002058606151031439,2.262
0.002062776547055012,2.263
0.002066995061600207,2.264
0.0020712552912181626,2.265
0.0020755513900000844,2.266
0.0020798773334645216,2.267
0.0020842262577685945,2.268
0.002088590401182728,2.269
0.0020929619340746258,2.27
0.002097334342233097,2.271
0.002101703831528366,2.272
0.0021060704187109975,2.273
0.0021104384914624476,2.274
0.0021148166768751343,2.275
0.002119216967556946,2.276
0.0021236532188211935,2.277
0.002128139515243225,2.278
0.0021326893104542744,2.279
0.002137315712180088,2.28
0.0021420321670993425,2.281
0.0021468527081073916,2.282
0.0021517916527798112,2.283
0.002156863033623475,2.284
0.002162080061130252,2.285
0.002167454832663012,2.286
0.0021729983586257972,2.287
0.002178720845496884,2.288
0.00218463208834404,2.289
0.0021907417879196453,2.29
0.0021970596202461807,2.291
0.002203594956283069,2.292
0.0022103563113225126,2.293
0.0022173508770981665,2.294
0.0022245844894729907,2.295
0.002232061950590009,2.296
0.0022397873155960064,2.297
0.0022477639060348212,2.298
0.002255994061677709,2.299
0.0022644787553002667,2.3
0.002273217283194771,2.301
0.002282207275694835,2.302
0.0022914450869525945,2.303
0.002300926367780472,2.304
0.0023106465581518767,2.305
0.00232060109566918,2.306
0.0023307851924687256,2.307
0.0023411932735595566,2.308
0.0023518186565720644,2.309
0.0023626540634641056,2.31
0.002373692800144135,2.311
0.0023849299219024424,2.312
0.0023963628775590918,2.313
0.0024079914417685184,2.314
0.0024198169568091944,2.315
0.002431841113506442,2.316
0.0024440647678163276,2.317
0.0024564873715023114,2.318
0.0024691070930991385,2.319
0.002481921106346399,2.32
0.0024949256321785095,2.321
0.002508115780609731,2.322
0.002521485409704512,2.323
0.0025350271569346194,2.324
0.002548732687685578,2.325
0.0025625930963171194,2.326
0.002576599323644891,2.327
0.0025907424415175704,2.328
0.002605013698889968,2.329
0.002619404295095505,2.33
0.002633904905350423,2.331
0.0026485050467994595,2.332
0.0026631925229694416,2.333
0.0026779532820009415,2.334
0.0026927717548780555,2.335
0.0027076313348276455,2.336
0.0027225146217375036,2.337
0.0027374032606322157,2.338
0.002752277474496843,2.339
0.0027671157879509203,2.34
0.0027818954168006404,2.341
0.002796593123481025,2.342
0.0028111858952312866,2.343
0.002825650994446847,2.344
0.0028399653433029055,2.345
0.0028541047328926026,2.346
0.002868043684876615,2.347
0.0028817562720148,2.348
0.0028952173512397654,2.349
0.0029084035914845015,2.35
0.0029212941161681225,2.351
0.0029338707997478017,2.352
0.002946118280508515,2.353
0.0029580237343312414,2.354
0.0029695764072541543,2.355
0.0029807668543648165,2.356
0.0029915858377785854,2.357
0.003002023171935776,2.358
0.003012067371883833,2.359
0.003021706681359441,2.36
0.0030309309561089206,2.361
0.0030397334910691647,2.362
0.0030481122971129124,2.363
0.003056070626721525,2.364
0.0030636166755035462,2.365
0.0030707625344042234,2.366
0.0030775225964649613,2.367
0.0030839117191878507,2.368
0.003089943611733576,2.369
0.00309563001296808,2.37
0.0031009807350300756,2.371
0.0031060039512329695,2.372
0.0031107061819049134,2.373
0.003115091971267809,2.374
0.003119163492130457,2.375
0.003122920299570765,2.376
0.0031263593713928817,2.377
0.0031294754606213844,2.378
0.003132261688212699,2.379
0.0031347102505518004,2.38
0.0031368131102104727,2.381
0.003138562566607282,2.382
0.003139951649225504,2.383
0.0031409743276367237,2.384
0.0031416255749269592,2.385
0.00314190133661608,2.386
0.00314179844393498,2.387
0.0031413144885966415,2.388
0.003140447662491759,2.389
0.0031391965530187266,2.39
0.003137559859936204,2.391
0.003135535968100987,2.392
0.0031331222930497233,2.393
0.0031303145273983146,2.394
0.0031271063787734216,2.395
0.003123490300770599,2.396
0.0031194589451827076,2.397
0.0031150067320916083,2.398
0.003110131200108306,2.399
0.003104833974185421,2.4
0.003099121228665329,2.401
0.003093003598584936,2.402
0.003086495593132987,2.403
0.0030796146545096267,2.404
0.0030723800405481607,2.405
0.0030648116720538104,2.406
0.003056929001332764,2.407
0.0030487500066877166,2.408
0.003040290672673419,2.409
0.003031565264849479,2.41
0.0030225871672678534,2.411
0.003013369762418522,2.412
0.003003927047894592,2.413
0.002994273927741372,2.414
0.0029844262265463104,2.415
0.0029744005379467855,2.416
0.002964214042055854,2.417
0.0029538843915970126,2.418
0.0029434296849355232,2.419
0.0029328684559734954,2.42
0.002922219559232146,2.421
0.0029115018334815905,2.422
0.0029007334839042842,2.423
0.0028899313103911933,2.424
0.0028791102086502436,2.425
0.0028682833066692656,2.426
0.002857462562467668,2.427
0.00284665936870486,2.428
0.0028358849257134238,2.429
0.002825150381284643,2.43
0.002814466807106362,2.431
0.0028038450824883604,2.432
0.0027932957227373638,2.433
0.0027828286364130687,2.434
0.002772452753264164,2.435
0.002762175525991231,2.436
0.0027520025470708564,2.437
0.00274193765178911,2.438
0.002731983570886039,2.439
0.0027221428132104355,2.44
0.00271241846827422,2.441
0.00270281481375056,2.442
0.0026933376919221937,2.443
0.0026839946068197063,2.444
0.002674794470545167,2.445
0.002665746933814135,2.446
0.0026568613966068883,2.447
0.002648146199757566,2.448
0.00263960866038709,2.449
0.0026312560116597203,2.45
0.0026230966148436895,2.451
0.002615140840713637,2.452
0.002607401388850578,2.453
0.002599893020191032,2.454
0.0025926317804587855,2.455
0.002585633877206793,2.456
0.002578914528217145,2.457
0.002572487267991061,2.458
0.002566363894919682,2.459
0.0025605546090897513,2.46
0.0025550679157364895,2.461
0.002549910526573684,2.462
0.0025450876781132636,2.463
0.0025406037890798837,2.464
0.0025364630416393925,2.465
0.0025326696042179873,2.466
0.0025292274118039453,2.467
0.002526139598180211,2.468
0.0025234080144774787,2.469
0.002521033413242944,2.47
0.00251901637733259,2.471
0.0025173584700175534,2.472
0.0025160630653610874,2.473
0.0025151356156557815,2.474
0.002514583317074941,2.475
0.0025144142662963166,2.476
0.00251463633643812,2.477
0.0025152561695300163,2.478
0.002516278700634105,2.479
0.0025177072253649885,2.48
0.002519543601130748,2.481
0.0025217882980938275,2.482
0.002524440365503144,2.483
0.0025274974774188003,2.484
0.0025309561358875217,2.485
0.002534811992333674,2.486
0.002539060154110967,2.487
0.002543695311995662,2.488
0.0025487115624821016,2.489
0.0025541019375998953,2.49
0.0025598579397126385,2.491
0.0025659695414596345,2.492
0.0025724257721365025,2.493
0.0025792155202699722,2.494
0.002586328126542394,2.495
0.002593753554942481,2.496
0.00260148206932986,2.497
0.0026095034878845375,2.498
0.0026178063925074947,2.499
0.002626377849998282,2.5
0.002635203759568021,2.501
0.002644269302569075,2.502
0.0026535589755965713,2.503
0.002663056169104459,2.504
0.0026727427022553204,2.505
0.0026825988379254083,2.506
0.002692603855370983,2.507
0.002702736739426331,2.508
0.002712976543639598,2.509
0.002723302242670089,2.51
0.00273369213180398,2.511
0.0027441232274091304,2.512
0.002754571360257227,2.513
0.0027650121584060334,2.514
0.0027754224078392837,2.515
0.0027857812191795237,2.516
0.0027960707548241063,2.517
0.0028062764605899125,2.518
0.0028163868325137903,2.519
0.0028263928190761342,2.52
0.0028362869803788336,2.521
0.002846062490498607,2.522
0.002855712055183169,2.523
0.002865227026686776,2.524
0.0028745972769313962,2.525
0.0028838121016504883,2.526
0.0028928617558630497,2.527
0.002901739045156438,2.528
0.0029104406290100396,2.529
0.0029189678077772975,2.53
0.0029273266144080544,2.531
0.0029355271501281008,2.532
0.0029435822576830465,2.533
0.0029515057645561316,2.534
0.0029593107631625667,2.535
0.002967008636000823,2.536
0.0029746090878068464,2.537
0.0029821205651859306,2.538
0.002989550372984097,2.539
0.002996904371617189,2.54
0.003004186462779001,2.541
0.003011398129724989,2.542
0.003018538199818199,2.543
0.003025602784600901,2.544
0.003032585345332673,2.545
0.003039476990048368,2.546
0.00304626706183465,2.547
0.003052943912018444,2.548
0.0030594957284536877,2.549
0.003065911346317895,2.55
0.0030721809914059247,2.551
0.0030782968838304323,2.552
0.003084253582152021,2.553
0.003090047918361329,2.554
0.0030956784111442256,2.555
0.0031011441518702366,2.556
0.0031064434660269947,2.557
0.003111573111333718,2.558
0.0031165285815684418,2.559
0.0031213051622800683,2.56
0.0031258989885357565,2.561
0.003130307738498623,2.562
0.003134530935283715,2.563
0.0031385699230094123,2.564
0.0031424276107938436,2.565
0.0031461080706055695,2.566
0.0031496160291061984,2.567
0.0031529562331680965,2.568
0.0031561326367390433,2.569
0.00315914753050529,2.57
0.0031620010994474024,2.571
0.0031646917732068894,2.572
0.0031672170534188158,2.573
0.0031695742395306523,2.574
0.003171760786215881,2.575
0.0031737742899445452,2.576
0.0031756122005954855,2.577
0.0031772713949863663,2.578
0.003178747737189478,2.579
0.003180035701871763,2.58
0.003181128076930291,2.581
0.0031820157041929443,2.582
0.003182687196383459,2.583
0.003183128712129314,2.584
0.0031833241249749366,2.585
0.003183255861034907,2.586
0.003182906273495762,2.587
0.00318225918110908,2.588
0.0031813012056400953,2.589
0.003180022565638512,2.59
0.0031784170385872833,2.591
0.003176480956714153,2.592
0.0031742115092485202,2.593
0.0031716053486286907,2.594
0.0031686586234920345,2.595
0.00316536841727856,2.596
0.0031617345303655803,2.597
0.0031577607562261125,2.598
0.003153455416342723,2.599
0.0031488311634411976,2.6
0.003143904121455341,2.601
0.003138692480551405,2.602
0.0031332148002062867,2.603
0.003127488631087111,2.604
0.003121530210640355,2.605
0.003115355282647149,2.606
0.00310898023865347,2.607
0.003102422829807406,2.608
0.0030957022173471595,2.609
0.0030888384044634462,2.61
0.0030818511884947914,2.611
0.0030747590011394933,2.612
0.003067578313834294,2.613
0.0030603239565089044,2.614
0.003053009855106004,2.615
0.003045649522577736,2.616
0.00303825609097481,2.617
0.0030308419453237674,2.618
0.0030234180912567703,2.619
0.0030159934814824535,2.62
0.003008574604790528,2.621
0.003001165471118388,2.622
0.00299376780478613,2.623
0.002986381229741092,2.624
0.0029790034406828574,2.625
0.0029716304572056,2.626
0.002964257032076463,2.627
0.002956877222178145,2.628
0.0029494850613967978,2.629
0.0029420752221814084,2.63
0.002934643528649651,2.631
0.0029271871831599667,2.632
0.002919704579725787,2.633
0.0029121946040916117,2.634
0.0029046555948577858,2.635
0.0028970847411996254,2.636
0.0028894786906024103,2.637
0.002881835129052492,2.638
0.002874154397629663,2.639
0.002866440454130909,2.64
0.0028587009208660957,2.641
0.002850946218189898,2.642
0.0028431879975370465,2.643
0.0028354374646533554,2.644
0.0028277045266580443,2.645
0.0028199981138229448,2.646
0.002812326916594914,2.647
0.002804699687997319,2.648
0.0027971249470346293,2.649
0.002789610282637158,2.65
0.002782161574037438,2.651
0.002774782525053685,2.652
0.002767474653042887,2.653
0.0027602374302778377,2.654
0.002753068259417649,2.655
0.002745962345168059,2.656
0.002738912777904154,2.657
0.0027319110073672002,2.658
0.002724947565498856,2.659
0.002718012793584971,2.66
0.0027110974211993297,2.661
0.002704192906721901,2.662
0.0026972914673695264,2.663
0.002690385742002108,2.664
0.002683468076577697,2.665
0.002676529710765471,2.666
0.0026695605779727687,2.667
0.0026625501754447014,2.668
0.0026554890766950588,2.669
0.002648370355902048,2.67
0.00264119053579141,2.671
0.002633949927749092,2.672
0.002626652346873323,2.673
0.002619304282282507,2.674
0.002611913667138055,2.675
0.0026044884809964587,2.676
0.0025970356127856414,2.677
0.002589560446245913,2.678
0.0025820671321539037,2.679
0.0025745589892422565,2.68
0.002567038611629506,2.681
0.0025595076930554237,2.682
0.0025519667755699057,2.683
0.0025444151382240745,2.684
0.002536850977755416,2.685
0.0025292719219839033,2.686
0.0025216757986316605,2.687
0.0025140614961585562,2.688
0.002506429717481987,2.689
0.002498783442217908,2.69
0.002491127974824686,2.691
0.0024834705560654036,2.692
0.0024758196242733854,2.693
0.0024681838860975604,2.694
0.0024605713613740387,2.695
0.00245298858975344,2.696
0.0024454402701998786,2.697
0.002437929466413177,2.698
0.002430458158154071,2.699
0.0024230278259221834,2.7
0.002415639924240376,2.701
0.00240829620421641,2.702
0.002400998879357615,2.703
0.0023937506560363243,2.704
0.0023865546663831014,2.705
0.0023794143536833645,2.706
0.0023723333713711534,2.707
0.0023653155559241142,2.708
0.0023583650086901314,2.709
0.0023514862712859727,2.71
0.0023446845176604563,2.711
0.002337965635068886,2.712
0.002331336047992421,2.713
0.0023248021688672504,2.714
0.0023183696276577563,2.715
0.002312042923188096,2.716
0.0023058260207523486,2.717
0.0022997235790774887,2.718
0.002293742125953041,2.719
0.002287890821849973,2.72
0.0022821817153171626,2.721
0.0022766294830737013,2.722
0.002271250714467008,2.723
0.0022660628585436816,2.724
0.0022610830679649792,2.725
0.0022563273538749114,2.726
0.002251810381288215,2.727
0.0022475457546720697,2.728
0.0022435463394695912,2.729
0.0022398243449521186,2.73
0.0022363911493027524,2.731
0.0022332569383853892,2.732
0.0022304303160613054,2.733
0.0022279181358322306,2.734
0.002225725641082342,2.735
0.0022238566786321385,2.736
0.002222313707594685,2.737
0.002221097637141946,2.738
0.002220207862439369,2.739
0.002219642772250339,2.74
0.0022194005458344387,2.741
0.0022194798805593384,2.742
0.0022198804660061053,2.743
0.0022206031678102755,2.744
0.002221649946816861,2.745
0.0022230235761969727,2.746
0.0022247272247112966,2.747
0.0022267639482663735,2.748
0.0022291360977172436,2.749
0.0022318447612379895,2.75
0.002234889609949466,2.751
0.0022382693971273347,2.752
0.002241982838678508,2.753
0.0022460293954617793,2.754
0.0022504096745707366,2.755
0.002255125349910752,2.756
0.002260178629526017,2.757
0.0022655714186133775,2.758
0.0022713044629161135,2.759
0.0022773768464592454,2.76
0.002283785954792014,2.761
0.002290527564100276,2.762
0.0022975957697393377,2.763
0.0023049829562775304,2.764
0.0023126801240079707,2.765
0.0023206774860314474,2.766
0.0023289649831473875,2.767
0.002337532471816375,2.768
0.0023463695215349216,2.769
0.0023554648962700836,2.77
0.0023648060007029803,2.771
0.002374378709349783,2.772
0.0023841677064316753,2.773
0.002394156997220031,2.774
0.002404330216908254,2.775
0.0024146706272758583,2.776
0.0024251608415526574,2.777
0.002435782355537445,2.778
0.0024465150353920983,2.779
0.0024573368163953407,2.78
0.0024682237457539745,2.781
0.0024791501753802705,2.782
0.002490088816739982,2.783
0.0025010105869908528,2.784
0.002511884431298392,2.785
0.0025226773535494845,2.786
0.002533354638397335,2.787
0.0025438800084726164,2.788
0.0025542155422046786,2.789
0.0025643215108360493,2.79
0.0025741565402820667,2.791
0.002583678294610802,2.792
0.0025928444201002796,2.793
0.0026016133340955963,2.794
0.002609944573306702,2.795
0.002617798545177169,2.796
0.0026251357274740023,2.797
0.0026319158553382823,2.798
0.00263809800890871,2.799
0.00264364195968581,2.8
0.0026485101714585953,2.801
0.0026526696776543197,2.802
0.0026560934302815816,2.803
0.0026587609101096548,2.804
0.0026606578416426673,2.805
0.002661774947717174,2.806
0.0026621058775626316,2.807
0.0026616450618839223,2.808
0.002660386929714739,2.809
0.0026583271650216928,2.81
0.0026554649801834892,2.811
0.002651805071135038,2.812
0.002647358757570936,2.813
0.00264214426555378,2.814
0.0026361861910466225,2.815
0.0026295142540462032,2.816
0.002622161519563648,2.817
0.002614162375172864,2.818
0.0026055508488583602,2.819
0.002596360012992301,2.82
0.0025866225932493826,2.821
0.0025763720445351754,2.822
0.0025656433814967403,2.823
0.002554473562252488,2.824
0.0025429014320253194,2.825
0.002530967244771987,2.826
0.0025187118108560445,2.827
0.002506175457533274,2.828
0.002493397263306842,2.829
0.0024804150064437263,2.83
0.0024672657045209903,2.831
0.0024539861963456906,2.832
0.002440613393866891,2.833
0.002427184166562253,2.834
0.00241373496634751,2.835
0.0024003013252760293,2.836
0.0023869173408058372,2.837
0.0023736152731843605,2.838
0.002360425410504343,2.839
0.002347376245860132,2.84
0.0023344948116260545,2.841
0.0023218069897327667,2.842
0.0023093377272789296,2.843
0.0022971111572966316,2.844
0.0022851506530976395,2.845
0.0022734788598480484,2.846
0.002262117745627112,2.847
0.002251088700405607,2.848
0.0022404126857045754,2.849
0.0022301104026258593,2.85
0.002220202413735855,2.851
0.0022107091427374568,2.852
0.002201650696484559,2.853
0.002193046502287348,2.854
0.00218491482918535,2.855
0.0021772723684937724,2.856
0.002170134068334849,2.857
0.002163513216994934,2.858
0.0021574215691797924,2.859
0.0021518693777558056,2.86
0.0021468653752354516,2.861
0.002142416824752914,2.862
0.0021385297445642806,2.863
0.0021352093473129136,2.864
0.002132460640023509,2.865
0.0021302890416299495,2.866
0.0021287008363415016,2.867
0.002127703314558824,2.868
0.0021273045454081683,2.869
0.0021275128411100334,2.87
0.002128336071006341,2.871
0.0021297810212831856,2.872
0.0021318529506730664,2.873
0.002134555376203875,2.874
0.002137889995691343,2.875
0.0021418566583867324,2.876
0.0021464534863283504,2.877
0.0021516773187587636,2.878
0.002157524421751705,2.879
0.002163991198074613,2.88
0.0021710746270498975,2.881
0.002178772233440926,2.882
0.002187081544662614,2.883
0.0021959993971247755,2.884
0.0022055217858428303,2.885
0.0022156445158197416,2.886
0.0022263640909508044,2.887
0.0022376781495898035,2.888
0.0022495851797266018,2.889
0.0022620836908663834,2.89
0.0022751715315179766,2.891
0.0022888460937829105,2.892
0.002303105343981824,2.893
0.002317948954086475,2.894
0.0023333789730205813,2.895
0.0023493998818948435,2.896
0.002366018071553028,2.897
0.002383240861582421,2.898
0.002401075331935345,2.899
0.0024195275083536997,2.9
0.002438602380222713,2.901
0.002458304609369557,2.902
0.002478639342967004,2.903
0.002499612698300148,2.904
0.002521231784017231,2.905
0.0025435042785507405,2.906
0.0025664376841694164,2.907
0.002590038461112721,2.908
0.0026143113201356847,2.909
0.0026392589012145147,2.91
0.0026648818016718253,2.911
0.0026911787188809667,2.912
0.0027181465838969025,2.913
0.0027457807366173368,2.914
0.002774075195470739,2.915
0.002803022978391204,2.916
0.0028326163404994407,2.917
0.0028628467532698645,2.918
0.0028937045310143505,2.919
0.0029251783444409494,2.92
0.0029572552136621173,2.921
0.002989921292062305,2.922
0.0030231630509121024,2.923
0.0030569682685723572,2.924
0.0030913264772342687,2.925
0.003126228704352447,2.926
0.0031616664759860336,2.927
0.0031976304899268364,2.928
0.0032341099882770216,2.929
0.003271093465164144,2.93
0.0033085700538849194,2.931
0.0033465305897894594,2.932
0.0033849679737773756,2.933
0.003423876870724269,2.934
0.003463252883786749,2.935
0.003503091400268451,2.936
0.003543386369119982,2.937
0.0035841293940695094,2.938
0.003625309463852981,2.939
0.0036669132237395555,2.94
0.0037089253943442435,2.941
0.003751329111922975,2.942
0.0037941062321266497,2.943
0.003837237696776042,2.944
0.003880703983240989,2.945
0.00392448554121118,2.946
0.003968563037696159,2.947
0.004012917231594836,2.948
0.004057528381316191,2.949
0.004102375262985169,2.95
0.0041474342309149445,2.951
0.004192679006106307,2.952
0.004238081440345559,2.953
0.004283612765718122,2.954
0.004329244727887144,2.955
0.004374950298300025,2.956
0.004420703776280054,2.957
0.004466480096874468,2.958
0.00451225347690207,2.959
0.004557996351727621,2.96
0.004603679808103848,2.961
0.004649275490519045,2.962
0.004694757717162403,2.963
0.004740104668913319,2.964
0.0047852982133208535,2.965
0.004830322345271883,2.966
0.004875160871288135,2.967
0.004919796031613567,2.968
0.004964209465057095,2.969
0.005008384871823388,2.97
0.005052310642600402,2.971
0.005095981396809857,2.972
0.00513939812948035,2.973
0.005182566994359646,2.974
0.005225496969828042,2.975
0.0052681970343490675,2.976
0.005310674102382888,2.977
0.005352932813636403,2.978
0.005394976820352005,2.979
0.0054368102247681,2.98
0.005478438317625409,2.981
0.005519867570074953,2.982
0.005561105116325628,2.983
0.0056021579597661485,2.984
0.005643032048151338,2.985
0.005683731262371173,2.986
0.005724256314758033,2.987
0.005764603707273971,2.988
0.005804765169659657,2.989
0.0058447277365557045,2.99
0.005884473924739628,2.991
0.005923981592206347,2.992
0.0059632240412076576,2.993
0.00600217107342255,2.994
0.006040790672685512,2.995
0.0060790503422096685,2.996
0.00611691734028093,2.997
0.00615435766430367,2.998
0.006191334797398416,2.999
0.006227810029321087,3.0
0.006263744897934701,3.001
0.006299104262833204,3.002
0.006333858259330261,3.003
0.00636798238100295,3.004
0.006401455678564258,3.005
0.006434257740195439,3.006
0.006466366161466206,3.007
0.006497756337440522,3.008
0.006528403564377472,3.009
0.006558285713428304,3.01
0.006587385040918488,3.011
0.0066156887118590454,3.012
0.0066431880270538006,3.013
0.00666987644560901,3.014
0.006695746858386496,3.015
0.006720789446704802,3.016
0.006744991716150819,3.017
0.006768340765808885,3.018
0.006790826231462066,3.019
0.006812442475052795,3.02
0.006833189482873998,3.021
0.006853072407729083,3.022
0.006872099929480007,3.023
0.00689028180881324,3.024
0.0069076261388619385,3.025
0.006924137034236301,3.026
0.006939813649759813,3.027
0.006954650738590872,3.028
0.0069686399639263255,3.029
0.006981771219164844,3.03
0.006994033849406997,3.031
0.007005417876490663,3.032
0.007015915212131565,3.033
0.007025520688027275,3.034
0.007034232596905216,3.035
0.007042052397503364,3.036
0.007048983333961972,3.037
0.007055028078968336,3.038
0.0070601864188916735,3.039
0.007064454707258888,3.04
0.007067827654513533,3.041
0.007070301018110535,3.042
0.007071873533378717,3.043
0.007072547496215781,3.044
0.007072328085186216,3.045
0.007071221776823582,3.046
0.007069234348365994,3.047
0.007066368935808046,3.048
0.007062624449625141,3.049
0.0070579944254739,3.05
0.007052466285458538,3.051
0.007046021105424211,3.052
0.007038634016634903,3.053
0.007030275180077386,3.054
0.007020911218198165,3.055
0.007010507099907132,3.056
0.006999028462643899,3.057
0.00698644418943841,3.058
0.006972728827117361,3.059
0.006957864219699329,3.06
0.006941839666668366,3.061
0.006924650091481195,3.062
0.006906292595482859,3.063
0.006886763649038804,3.064
0.006866059734766354,3.065
0.006844181507224003,3.066
0.006821138694339586,3.067
0.006796953256642334,3.068
0.006771659981724352,3.069
0.006745304695958472,3.07
0.006717940769186692,3.071
0.006689624808186933,3.072
0.006660412580649658,3.073
0.006630356472500839,3.074
0.006599505324899338,3.075
0.006567906078522155,3.076
0.0065356058925613,3.077
0.006502653884916671,3.078
0.006469102196689968,3.079
0.0064350062715867185,3.08
0.006400424369823576,3.081
0.006365416483970521,3.082
0.006330042923706088,3.083
0.006294362845063312,3.084
0.006258432906672007,3.085
0.006222306084588683,3.086
0.0061860307030223265,3.087
0.006149650047631172,3.088
0.006113202928654826,3.089
0.006076725013590152,3.09
0.006040250420784264,3.091
0.0060038131766823955,3.092
0.00596744822596778,3.093
0.00593119169255903,3.094
0.005895080181174752,3.095
0.005859149198318635,3.096
0.005823431460811833,3.097
0.00578795637422503,3.098
0.005752751054396134,3.099
0.005717841738641922,3.1
0.005683254313379821,3.101
0.005649013582016963,3.102
0.0056151417889555395,3.103
0.005581657721603601,3.104
0.0055485772715174984,3.105
0.005515914662654443,3.106
0.005483682966175669,3.107
0.005451893450383119,3.108
0.0054205544879607995,3.109
0.005389671287239009,3.11
0.005359246835379137,3.111
0.00532928304265017,3.112
0.005299780971141018,3.113
0.005270740000046618,3.114
0.005242156855122444,3.115
0.005214025784985168,3.116
0.005186340036759065,3.117
0.005159093382676285,3.118
0.005132280442676354,3.119
0.0051058955988977205,3.12
0.00507993166121736,3.121
0.0050543800670140035,3.122
0.0050292330198744625,3.123
0.005004486094612907,3.124
0.004980139767847634,3.125
0.004956199351282221,3.126
0.00493267345601069,3.127
0.0049095715242609425,3.128
0.004886901596664163,3.129
0.004864669726404704,3.13
0.004842881279083769,3.131
0.004821542864684794,3.132
0.0048006636702182925,3.133
0.004780255849414611,3.134
0.004760334118493865,3.135
0.004740914860315223,3.136
0.0047220150774387615,3.137
0.004703651452492587,3.138
0.004685839621844672,3.139
0.004668593615768172,3.14
0.0046519253209880845,3.141
0.004635843841384156,3.142
0.0046203549024296554,3.143
0.0046054607837712576,3.144
0.004591161054086701,3.145
0.004577453783099372,3.146
0.004564336775341105,3.147
0.004551808642842818,3.148
0.004539869657421298,3.149
0.004528522289233291,3.15
0.004517771297503226,3.151
0.004507623239676589,3.152
0.004498085330069851,3.153
0.004489163856747566,3.154
0.00448086294223291,3.155
0.004473184543976421,3.156
0.004466129612228201,3.157
0.004459699414520349,3.158
0.00445389626168103,3.159
0.004448723517103747,3.16
0.004444185082215675,3.161
0.004440284610772976,3.162
0.004437024669717888,3.163
0.004434405972233326,3.164
0.0044324266916787826,3.165
0.004431081856713902,3.166
0.004430363065489294,3.167
0.0044302588897495495,3.168
0.004430755961987862,3.169
0.004431840260772753,3.17
0.004433498038588572,3.171
0.00443571602406435,3.172
0.004438480742498981,3.173
0.0044417772383187615,3.174
0.0044455881608532425,3.175
0.004449894039664056,3.176
0.004454674324247722,3.177
0.004459908027871711,3.178
0.0044655733115713855,3.179
0.004471646386897441,3.18
0.004478101022255196,3.181
0.004484909458895437,3.182
0.004492043969009094,3.183
0.004499477810632867,3.184
0.004507185006057301,3.185
0.004515139127906571,3.186
0.004523312264783947,3.187
0.004531675642375816,3.188
0.004540201949225982,3.189
0.0045488679374243845,3.19
0.004557655947812236,3.191
0.0045665537776368925,3.192
0.004575552837831704,3.193
0.0045846453528639855,3.194
0.004593822489117882,3.195
0.00460307480569275,3.196
0.004612394149633472,3.197
0.0046217751819471,3.198
0.004631215768176651,3.199
0.004640716407819797,3.2
0.004650279113941866,3.201
0.004659906147465969,3.202
0.004669598927156575,3.203
0.0046793573165305,3.204
0.004689179341927446,3.205
0.004699061231146042,3.206
0.004708997518838816,3.207
0.0047189808950487,3.208
0.004729001654491335,3.209
0.004739047223979876,3.21
0.004749102671243291,3.211
0.004759152437650319,3.212
0.00476918251359859,3.213
0.00477918214380267,3.214
0.004789144649076307,3.215
0.004799067350309449,3.216
0.004808950774151733,3.217
0.004818797372578219,3.218
0.004828609952000822,3.219
0.004838389974136593,3.22
0.004848136064157763,3.221
0.00485784335354193,3.222
0.004867503960199943,3.223
0.004877108117930358,3.224
0.004886645335684891,3.225
0.004896105369133996,3.226
0.004905478956212032,3.227
0.004914758258464816,3.228
0.0049239369710220755,3.229
0.004933010109445557,3.23
0.004941973529577825,3.231
0.00495082325882042,3.232
0.004959554703752006,3.233
0.004968161773330424,3.234
0.004976635953125206,3.235
0.00498496540327969,3.236
0.004993134266084782,3.237
0.005001122484276845,3.238
0.005008906328472334,3.239
0.005016459609296906,3.24
0.00502375549077341,3.241
0.005030768778786654,3.242
0.005037478342977666,3.243
0.005043869109721607,3.244
0.005049933017692639,3.245
0.00505566850271945,3.246
0.0050610784383916824,3.247
0.005066167100538158,3.248
0.005070937640666204,3.249
0.005075391578878598,3.25
0.005079530169459609,3.251
0.0050833560827074475,3.252
0.005086874285100948,3.253
0.0050900920143041204,3.254
0.005093018146853792,3.255
0.005095662304798882,3.256
0.005098034029240866,3.257
0.005100142275219368,3.258
0.005101995359347898,3.259
0.005103601329671792,3.26
0.005104968561155255,3.261
0.0051061062728918975,3.262
0.00510702467018492,3.263
0.0051077345328873055,3.264
0.0051082462323167556,3.265
0.0051085683507166345,3.266
0.005108706449195491,3.267
0.005108662822547787,3.268
0.005108437576730533,3.269
0.005108030494763073,3.27
0.0051074430501028365,3.271
0.005106680311347498,3.272
0.005105752582516062,3.273
0.005104676488566355,3.274
0.005103475095007594,3.275
0.005102176676729643,3.276
0.005100812125056326,3.277
0.005099412041316099,3.278
0.005098005483235712,3.279
0.00509662104866129,3.28
0.005095288608878182,3.281
0.005094039850867411,3.282
0.005092907281848918,3.283
0.005091922322223119,3.284
0.005091113496934076,3.285
0.005090505447365675,3.286
0.005090118653044414,3.287
0.005089969666734899,3.288
0.005090072062720797,3.289
0.005090437872794418,3.29
0.0050910787070688295,3.291
0.005092005921334967,3.292
0.005093229735422117,3.293
0.00509475802039515,3.294
0.005096596076492758,3.295
0.005098747915225622,3.296
0.005101218091762899,3.297
0.005104012965614016,3.298
0.005107141051160783,3.299
0.005110612544840184,3.3
0.005114438136526707,3.301
0.005118627370192565,3.302
0.005123187454754069,3.303
0.005128123693794621,3.304
0.005133441597924419,3.305
0.005139149456970067,3.306
0.005145260130373167,3.307
0.005151791453313863,3.308
0.005158765116621611,3.309
0.0051662042859530796,3.31
0.005174130982209484,3.311
0.005182564852542996,3.312
0.005191523901865519,3.313
0.005201025860510286,3.314
0.0052110887184584455,3.315
0.005221730083930568,3.316
0.005232965783320559,3.317
0.005244808628673403,3.318
0.005257268267766267,3.319
0.005270352036356222,3.32
0.0052840658824011115,3.321
0.005298414631879042,3.322
0.0053134014066935345,3.323
0.005329026525221054,3.324
0.005345286891301019,3.325
0.005362176719397583,3.326
0.0053796892002633875,3.327
0.0053978180546713685,3.328
0.005416558313770375,3.329
0.005435906114614168,3.33
0.0054558575654158285,3.331
0.005476407013719297,3.332
0.005497545327450698,3.333
0.005519258802400659,3.334
0.005541528900466354,3.335
0.005564332776604209,3.336
0.005587644568947212,3.337
0.005611437095508064,3.338
0.005635683207768803,3.339
0.00566035609488981,3.34
0.005685428306884584,3.341
0.00571087040639614,3.342
0.005736651105354729,3.343
0.005762739639441907,3.344
0.00578910902178915,3.345
0.005815738425266649,3.346
0.005842613920692484,3.347
0.005869727526257373,3.348
0.005897074902782414,3.349
0.005924652290850084,3.35
0.0059524536303458345,3.351
0.005980469051359413,3.352
0.006008685032395595,3.353
0.00603708511038883,3.354
0.006065650079259076,3.355
0.006094357632221001,3.356
0.006123181832721655,3.357
0.006152092668137323,3.358
0.006181055696821176,3.359
0.006210031659690473,3.36
0.006238976103406514,3.361
0.006267839329215856,3.362
0.006296566775000502,3.363
0.006325099442675887,3.364
0.006353373904685877,3.365
0.006381321903103817,3.366
0.006408870253415428,3.367
0.0064359418544490885,3.368
0.006462457826768845,3.369
0.006488340244512454,3.37
0.0065135149886265615,3.371
0.006537914288603608,3.372
0.006561478387808699,3.373
0.006584155714596461,3.374
0.006605901108201521,3.375
0.006626672361273996,3.376
0.006646426965174616,3.377
0.00666512186819655,3.378
0.006682716937548912,3.379
0.006699179836715073,3.38
0.006714489847215047,3.381
0.006728639608494436,3.382
0.0067416345357240335,3.383
0.006753490025783576,3.384
0.006764226956670391,3.385
0.006773866781347578,3.386
0.006782428484495027,3.387
0.006789928661415192,3.388
0.00679638324480975,3.389
0.006801808630637676,3.39
0.006806221399502308,3.391
0.006809636942745089,3.392
0.0068120676517007955,3.393
0.006813521440694118,3.394
0.006814001256109011,3.395
0.006813505867665949,3.396
0.0068120317791139735,3.397
0.0068095757145115576,3.398
0.006806136929874362,3.399
0.006801718574626988,3.4
0.006796327485303133,3.401
0.00678997214782229,3.402
0.006782659709428458,3.403
0.006774394592629421,3.404
0.006765180484775697,3.405
0.006755024351045966,3.406
0.006743940113446741,3.407
0.00673195094963737,3.408
0.006719089967971951,3.409
0.0067053991851376525,3.41
0.006690926915126565,3.411
0.006675723992100419,3.412
0.006659840164012205,3.413
0.006643322829185034,3.414
0.006626218890108093,3.415
0.006608577952736305,3.416
0.006590454850488523,3.417
0.006571910872621876,3.418
0.006553013781856789,3.419
0.0065338368012218375,3.42
0.006514456812224987,3.421
0.006494952065680828,3.422
0.006475399756614767,3.423
0.006455873827139994,3.424
0.006436443321444367,3.425
0.006417171477228833,3.426
0.006398115467812818,3.427
0.006379326494218553,3.428
0.006360849934394141,3.429
0.006342725516630117,3.43
0.006324987880784352,3.431
0.006307667884698401,3.432
0.00629079449296475,3.433
0.006274396735628196,3.434
0.006258505263781493,3.435
0.006243153175042295,3.436
0.0062283759715574954,3.437
0.006214210743277027,3.438
0.006200694850932419,3.439
0.006187864444833201,3.44
0.006175753084247967,3.441
0.006164390562930865,3.442
0.006153801995705956,3.443
0.006144007431287238,3.444
0.006135022319341688,3.445
0.006126858756996131,3.446
0.006119527073639879,3.447
0.006113037301730133,3.448
0.006107400159615244,3.449
0.006102627250202076,3.45
0.006098730349568992,3.451
0.0060957198933971205,3.452
0.0060936031813307815,3.453
0.006092383317191637,3.454
0.006092059537064371,3.455
0.006092628395267107,3.456
0.006094084859763421,3.457
0.006096422868470254,3.458
0.006099635258136762,3.459
0.006103713038810931,3.46
0.006108644209693719,3.461
0.006114412914322916,3.462
0.006120999902259867,3.463
0.0061283842630707516,3.464
0.006136545363250964,3.465
0.006145463981649025,3.466
0.006155122236602327,3.467
0.006165502337944545,3.468
0.00617658463064837,3.469
0.006188345985041036,3.47
0.006200759553280704,3.471
0.006213795747444659,3.472
0.006227423380913411,3.473
0.006241610299537163,3.474
0.006256323555950261,3.475
0.0062715293982281775,3.476
0.0062871932346228905,3.477
0.006303279565166628,3.478
0.00631975173094935,3.479
0.006336571265582889,3.48
0.006353696790906688,3.481
0.006371083024204913,3.482
0.006388680984491386,3.483
0.00640643981062867,3.484
0.006424309377705891,3.485
0.006442242626917003,3.486
0.006460196954126555,3.487
0.006478134314755333,3.488
0.006496019964037649,3.489
0.006513820080866358,3.49
0.006531498996758006,3.491
0.006549017299042384,3.492
0.006566331754464957,3.493
0.006583396692216216,3.494
0.006600165872447925,3.495
0.006616594408055228,3.496
0.006632640758397918,3.497
0.006648268717661177,3.498
0.006663449048820524,3.499
0.00667816020642306,3.5
0.006692387553798212,3.501
0.0067061206645031395,3.502
0.006719349560182081,3.503
0.006732062951607498,3.504
0.00674425080180159,3.505
0.006755909428690404,3.506
0.0067670456689802125,3.507
0.006777678268308892,3.508
0.006787836184997089,3.509
0.0067975543233101355,3.51
0.006806868401485929,3.511
0.006815811805529737,3.512
0.00682441582058709,3.513
0.006832711327582029,3.514
0.006840729459115448,3.515
0.006848500612422401,3.516
0.006856052505783252,3.517
0.006863408399827974,3.518
0.006870586327043836,3.519
0.006877599059508935,3.52
0.006884454007025405,3.521
0.006891153072560975,3.522
0.00689769315571699,3.523
0.006904067439011936,3.524
0.006910266919689235,3.525
0.006916281676401176,3.526
0.006922101616020642,3.527
0.006927716580866452,3.528
0.006933115798059016,3.529
0.006938286756252418,3.53
0.006943213693201966,3.531
0.006947876176353317,3.532
0.0069522486358201616,3.533
0.006956301309317861,3.534
0.006960002109810136,3.535
0.006963318746894472,3.536
0.006966220845557935,3.537
0.006968681893621461,3.538
0.00697068068191016,3.539
0.006972201819399066,3.54
0.006973235021118047,3.541
0.0069737731581679665,3.542
0.006973809359573892,3.543
0.006973334031860846,3.544
0.006972333452330672,3.545
0.006970790902596282,3.546
0.006968689327727898,3.547
0.006966014012250898,3.548
0.006962754690980685,3.549
0.006958907000449965,3.55
0.006954473221949239,3.551
0.006949462313877163,3.552
0.006943889263578102,3.553
0.006937773804934043,3.554
0.006931138557621238,3.555
0.006924006650126107,3.556
0.006916399170661014,3.557
0.006908333552428545,3.558
0.006899824105345028,3.559
0.0068908844982704985,3.56
0.006881530702587219,3.561
0.006871783034681877,3.562
0.00686166662131706,3.563
0.006851210167995964,3.564
0.006840443444359302,3.565
0.0068293943282541295,3.566
0.0068180863475958715,3.567
0.0068065373923668114,3.568
0.006794759807966207,3.569
0.006782761647678784,3.57
0.006770548585166642,3.571
0.006758125893144888,3.572
0.006745499956188803,3.573
0.006732678946883544,3.574
0.0067196724788088245,3.575
0.006706490199441385,3.576
0.0066931397378836265,3.577
0.0066796253922925585,3.578
0.006665949032973185,3.579
0.0066521130390729336,3.58
0.006638123702585357,3.581
0.006623993765032847,3.582
0.006609743465797458,3.583
0.006595399901667282,3.584
0.0065809948026481,3.585
0.006566561205083812,3.586
0.006552130247975551,3.587
0.006537729839726511,3.588
0.006523385654754014,3.589
0.006509122880025409,3.59
0.0064949670472126695,3.591
0.006480943497744604,3.592
0.006467075811649318,3.593
0.006453384231564551,3.594
0.006439885476479495,3.595
0.0064265942518504935,3.596
0.00641352526874,3.597
0.006400694483864263,3.598
0.006388119015216451,3.599
0.006375815682438455,3.6
0.006363798926321831,3.601
0.006352079965513392,3.602
0.006340668330533027,3.603
0.006329574622610838,3.604
0.006318812699808261,3.605
0.006308400554459294,3.606
0.006298359858691725,3.607
0.0062887143671367645,3.608
0.006279487522549781,3.609
0.006270700055642406,3.61
0.006262368929758625,3.611
0.006254508229618369,3.612
0.006247130925029706,3.613
0.006240250189108466,3.614
0.006233879902046096,3.615
0.006228034493183854,3.616
0.006222728311471986,3.617
0.006217974665961652,3.618
0.00621378462593623,3.619
0.006210165725413889,3.62
0.006207120995311467,3.621
0.006204648934577848,3.622
0.006202744585702535,3.623
0.006201401214506661,3.624
0.006200612012210654,3.625
0.006200371517410608,3.626
0.006200676596577153,3.627
0.006201526843169788,3.628
0.006202924256666072,3.629
0.0062048720877626974,3.63
0.0062073728931427135,3.631
0.006210426458201302,3.632
0.006214028969652136,3.633
0.0062181741260406796,3.634
0.006222855201027421,3.635
0.006228066766913014,3.636
0.006233805640915746,3.637
0.0062400710875140175,3.638
0.006246864398104078,3.639
0.006254188026525889,3.64
0.006262044458129539,3.641
0.006270434911410655,3.642
0.006279357881497402,3.643
0.00628880775789144,3.644
0.006298774223630659,3.645
0.006309242839632337,3.646
0.006320196214477946,3.647
0.006331614946206235,3.648
0.006343478050968153,3.649
0.0063557628723687675,3.65
0.006368444513155884,3.651
0.006381494909796042,3.652
0.006394881751530272,3.653
0.00640856753600608,3.654
0.006422509106907114,3.655
0.0064366578057443585,3.656
0.0064509600504875815,3.657
0.006465358164287301,3.658
0.006479791416220158,3.659
0.006494197127258245,3.66
0.006508511448622294,3.661
0.0065226692534544,3.662
0.006536603086151904,3.663
0.006550242593124783,3.664
0.006563516305456628,3.665
0.006576355646087709,3.666
0.006588699102049332,3.667
0.006600494551201246,3.668
0.006611698615004094,3.669
0.006622273185131269,3.67
0.006632181649049003,3.671
0.006641388649737373,3.672
0.006649864237286991,3.673
0.006657589150920869,3.674
0.006664557859052495,3.675
0.006670778279441407,3.676
0.006676268497271212,3.677
0.006681051593991551,3.678
0.00668515088632811,3.679
0.006688588278223129,3.68
0.006691386154990746,3.681
0.006693570481249463,3.682
0.006695172964379655,3.683
0.006696231832614051,3.684
0.006696791440609888,3.685
0.006696900875423236,3.686
0.0066966116767775115,3.687
0.006695974977226621,3.688
0.006695039079412399,3.689
0.0066938488117958325,3.69
0.006692446686851468,3.691
0.006690874293410581,3.692
0.006689172528952878,3.693
0.006687380473512346,3.694
0.006685533824802292,3.695
0.006683664454001891,3.696
0.0066818016351471304,3.697
0.006679973619551458,3.698
0.006678207906683761,3.699
0.006676530037566874,3.7
0.006674962629656436,3.701
0.006673526558577512,3.702
0.00667224395552396,3.703
0.0066711409782338775,3.704
0.006670248838819535,3.705
0.006669602702368079,3.706
0.006669238896546772,3.707
0.006669191893579362,3.708
0.00666949305641515,3.709
0.0066701715828267815,3.71
0.006671255893749475,3.711
0.00667277378846586,3.712
0.006674751174084923,3.713
0.006677210227134004,3.714
0.006680168301093835,3.715
0.006683638120625152,3.716
0.00668762835562827,3.717
0.006692143528590092,3.718
0.006697183308686542,3.719
0.0067027421696683855,3.72
0.006708810119285148,3.721
0.006715374040326427,3.722
0.006722418712282378,3.723
0.006729927003268126,3.724
0.0067378790965526136,3.725
0.00674625119216836,3.726
0.006755014964319809,3.727
0.006764138598819853,3.728
0.006773588548848366,3.729
0.006783330595835803,3.73
0.006793329575597686,3.731
0.006803547979787079,3.732
0.00681394455719122,3.733
0.0068244743020399205,3.734
0.006835089918972022,3.735
0.0068457435020276205,3.736
0.00685638730699891,3.737
0.0068669732492285095,3.738
0.006877451360952829,3.739
0.006887768402074865,3.74
0.0068978683519680456,3.741
0.0069076951793410665,3.742
0.006917196405739269,3.743
0.006926325652738635,3.744
0.006935043048261645,3.745
0.006943312999779961,3.746
0.0069511005103637695,3.747
0.006958369733844823,3.748
0.0069650873227333834,3.749
0.0069712283990510104,3.75
0.006976781345216007,3.751
0.0069817496243321535,3.752
0.006986150403456939,3.753
0.0069900104231474715,3.754
0.006993360424692946,3.755
0.006996230670509661,3.756
0.006998649913606925,3.757
0.0070006474230669205,3.758
0.007002255518621753,3.759
0.00700351093074178,3.76
0.0070044549576764705,3.761
0.007005132917246177,3.762
0.0070055932785153315,3.763
0.007005886658393737,3.764
0.007006064706396159,3.765
0.007006178851032313,3.766
0.007006278930151135,3.767
0.007006411804513535,3.768
0.007006620092956131,3.769
0.0070069411424273555,3.77
0.007007406287123987,3.771
0.00700804041708967,3.772
0.007008861840178326,3.773
0.007009882322853278,3.774
0.0070111071445155115,3.775
0.007012535103837714,3.776
0.0070141585524715645,3.777
0.0070159635713119076,3.778
0.007017930375767489,3.779
0.0070200340047676885,3.78
0.0070222453245974105,3.781
0.007024532335179092,3.782
0.007026861688691952,3.783
0.007029200241618228,3.784
0.00703151640082098,3.785
0.007033781026166181,3.786
0.007035967728735969,3.787
0.007038052514133469,3.788
0.0070400127699413294,3.789
0.007041825526147138,3.79
0.0070434653345297325,3.791
0.007044903366950466,3.792
0.007046109374431984,3.793
0.00704705601523846,3.794
0.007047723552192615,3.795
0.007048103251709499,3.796
0.007048198460353083,3.797
0.007048022803854644,3.798
0.007047595827066492,3.799
0.0070469382902107625,3.8
0.007046070699343827,3.801
0.0070450161367933365,3.802
0.00704380431878514,3.803
0.007042473537495841,3.804
0.007041069629118486,3.805
0.007039642646692798,3.806
0.007038242656232988,3.807
0.007036916695071901,3.808
0.007035708188787537,3.809
0.007034658002298383,3.81
0.007033805324716993,3.811
0.007033187496840323,3.812
0.007032838890578821,3.813
0.007032789409123686,3.814
0.007033063435117158,3.815
0.007033679700578482,3.816
0.007034651710746804,3.817
0.007035988121135149,3.818
0.007037692884132269,3.819
0.0070397652376009865,3.82
0.007042199591234133,3.821
0.007044985322836144,3.822
0.007048106480412141,3.823
0.007051541382837352,3.824
0.007055262192752939,3.825
0.0070592347136514,3.826
0.007063418625281924,3.827
0.007067768046402444,3.828
0.007072232159252845,3.829
0.007076755759611131,3.83
0.007081279737037365,3.831
0.007085741579958093,3.832
0.007090076068776522,3.833
0.0070942163183112875,3.834
0.007098095213280649,3.835
0.00710164705928398,3.836
0.007104809030303566,3.837
0.007107521843921812,3.838
0.007109729109654481,3.839
0.007111375191100248,3.84
0.007112402772156164,3.841
0.0071127526700585225,3.842
0.007112367076520396,3.843
0.007111194396424097,3.844
0.007109193186453423,3.845
0.007106334061769466,3.846
0.0071025994234059356,3.847
0.007097981341863589,3.848
0.007092478271676751,3.849
0.007086091356197101,3.85
0.00707882091857555,3.851
0.007070663663987607,3.852
0.007061611341919616,3.853
0.007051651353412992,3.854
0.007040768870800263,3.855
0.007028949673068998,3.856
0.007016183184793026,3.857
0.007002465286064084,3.858
0.006987800347685281,3.859
0.006972201978214575,3.86
0.006955692192820318,3.861
0.00693829904475126,3.862
0.0069200530676704584,3.863
0.006900983516306297,3.864
0.006881116305285358,3.865
0.00686047483666374,3.866
0.006839082653432094,3.867
0.006816966146034165,3.868
0.00679415650932764,3.869
0.006770690688812809,3.87
0.006746611051014292,3.871
0.006721963613440828,3.872
0.006696795112777159,3.873
0.0066711501658736575,3.874
0.006645070324135312,3.875
0.006618595363022101,3.876
0.006591765111352541,3.877
0.006564620195135883,3.878
0.006537201426797843,3.879
0.0065095483484644,3.88
0.006481697667528159,3.881
0.0064536823329191155,3.882
0.006425531747521468,3.883
0.006397273123049745,3.884
0.00636893340296967,3.885
0.006340540748627863,3.886
0.0063121245247883375,3.887
0.006283713717158805,3.888
0.006255335851868687,3.889
0.006227018830881347,3.89
0.006198795153102666,3.891
0.006170705709356663,3.892
0.006142801125216071,3.893
0.006115140342154995,3.894
0.0060877872173578885,3.895
0.006060806419182931,3.896
0.00603425995974851,3.897
0.006008205273920228,3.898
0.005982694695763485,3.899
0.005957775435363601,3.9
0.00593348963907243,3.901
0.005909874849388255,3.902
0.005886965176776191,3.903
0.005864793120978106,3.904
0.005843391667246774,3.905
0.005822796115843307,3.906
0.005803045113449013,3.907
0.005784180540939434,3.908
0.005766246227668757,3.909
0.00574928581144549,3.91
0.005733340432438837,3.911
0.005718447151525236,3.912
0.005704638445241065,3.913
0.005691942220800233,3.914
0.005680381750068236,3.915
0.005669975572578118,3.916
0.0056607377310324775,3.917
0.005652678554659794,3.918
0.005645805915257537,3.919
0.005640126606713602,3.92
0.005635647354992578,3.921
0.005632375024763391,3.922
0.005630315826541777,3.923
0.0056294738260138635,3.924
0.005629849743538492,3.925
0.005631440954228756,3.926
0.0056342424134065445,3.927
0.005638247462433408,3.928
0.005643447904354466,3.929
0.005649833369179805,3.93
0.005657390293596968,3.931
0.0056661011544502995,3.932
0.005675944645026983,3.933
0.005686896766767965,3.934
0.00569893199281717,3.935
0.005712023612553589,3.936
0.005726143010325594,3.937
0.0057412587105405725,3.938
0.005757336619107891,3.939
0.005774341826719438,3.94
0.0057922408118578714,3.941
0.005811002814765401,3.942
0.005830599986203586,3.943
0.00585100644058166,3.944
0.005872196520240667,3.945
0.005894142759109002,3.946
0.005916814485658553,3.947
0.005940178169692205,3.948
0.00596419970197897,3.949
0.005988847624271788,3.95
0.006014096042206808,3.951
0.0060399262142487795,3.952
0.006066326145536002,3.953
0.006093288065596788,3.954
0.006120804751289231,3.955
0.006148866841030426,3.956
0.006177462517050972,3.957
0.006206578382989743,3.958
0.006236199544275327,3.959
0.006266308441126393,3.96
0.006296883388336976,3.961
0.006327897712914711,3.962
0.0063593195027924175,3.963
0.006391111897366865,3.964
0.006423234288132215,3.965
0.006455644329262546,3.966
0.006488300037195197,3.967
0.00652116142867762,3.968
0.006554191495828551,3.969
0.006587356401951518,3.97
0.006620624725796433,3.971
0.006653965561178467,3.972
0.006687346011167711,3.973
0.006720730057846239,3.974
0.006754080320119327,3.975
0.006787361607506188,3.976
0.006820544203971554,3.977
0.006853605897560032,3.978
0.006886532544646834,3.979
0.0069193171594049965,3.98
0.0069519576533771206,3.981
0.006984453504346946,3.982
0.007016802346205209,3.983
0.007048998444881159,3.984
0.0070810340194354645,3.985
0.007112901834785179,3.986
0.0071445969396275065,3.987
0.007176116719157781,3.988
0.0072074593303984415,3.989
0.00723862111052559,3.99
0.007269594040377343,3.991
0.007300364272635583,3.992
0.007330912214825994,3.993
0.007361214372833141,3.994
0.00739124674059838,3.995
0.007420988605208839,3.996
0.007450425123292067,3.997
0.007479547386158798,3.998
0.007508349741453447,3.999
0.007536826145836216,4.0
0.007564968796086539,4.001
0.007592770095726577,4.002
0.0076202252815933446,4.003
0.007647332955129708,4.004
0.007674093273760691,4.005
0.007700505020307264,4.006
0.007726562953666448,4.007
0.007752256479303939,4.008
0.007777570030941137,4.009
0.007802484922213712,4.01
0.007826981973776188,4.011
0.007851043999669393,4.012
0.007874657280968849,4.013
0.007897811458095141,4.014
0.007920497699057262,4.015
0.0079427058030909,4.016
0.007964422225709583,4.017
0.007985631025517607,4.018
0.008006317409153663,4.019
0.008026471694446724,4.02
0.008046091886030364,4.021
0.008065184050282432,4.022
0.008083760243387377,4.023
0.008101834589158252,4.024
0.008119419772937338,4.025
0.00813652677322999,4.026
0.00815316796846316,4.027
0.00816936072560683,4.028
0.008185128786939212,4.029
0.008200500650598958,4.03
0.008215505832763674,4.031
0.008230171667776573,4.032
0.008244523220286371,4.033
0.008258585781149698,4.034
0.00827238710573204,4.035
0.008285957473717475,4.036
0.008299327465917173,4.037
0.00831252468697605,4.038
0.008325571565489128,4.039
0.008338485182272527,4.04
0.008351277609897312,4.041
0.008363955554538385,4.042
0.008376520598835452,4.043
0.008388971401858923,4.044
0.008401306844990512,4.045
0.00841352809606905,4.046
0.008425638396626968,4.047
0.008437640706768668,4.048
0.00844953514652607,4.049
0.008461318777545431,4.05
0.008472987845496476,4.051
0.00848454009139177,4.052
0.008495975321290405,4.053
0.008507294332537722,4.054
0.008518497174410387,4.055
0.008529581636362997,4.056
0.008540542361283503,4.057
0.008551370444642981,4.058
0.00856205314487841,4.059
0.008572573476863394,4.06
0.00858290979393772,4.061
0.008593035697366172,4.062
0.008602920569714106,4.063
0.008612530728404988,4.064
0.008621830801295636,4.065
0.008630784645521512,4.066
0.008639355121536746,4.067
0.008647502539681745,4.068
0.008655182902154222,4.069
0.008662348056187418,4.07
0.00866894863059969,4.071
0.008674938423113392,4.072
0.00868027855520725,4.073
0.008684940620993552,4.074
0.008688908498191941,4.075
0.008692178525362429,4.076
0.008694757778719059,4.077
0.00869666027082544,4.078
0.008697901902588191,4.079
0.008698497216329494,4.08
0.008698460919510587,4.081
0.00869781311630918,4.082
0.008696584330056155,4.083
0.008694817538931697,4.084
0.008692566615124311,4.085
0.00868989190615061,4.086
0.008686854650326675,4.087
0.008683512571649185,4.088
0.008679918278973358,4.089
0.008676119876782743,4.09
0.008672161970433467,4.091
0.008668086142539763,4.092
0.008663931017997764,4.093
0.008659732126915929,4.094
0.008655521591584827,4.095
0.008651327637267512,4.096
0.008647173989590473,4.097
0.008643079265990094,4.098
0.008639056461609096,4.099
0.008635112601687572,4.1
0.008631248596423939,4.101
0.008627459260040493,4.102
0.008623733327172593,4.103
0.008620053187382343,4.104
0.00861639436919177,4.105
0.008612725587004348,4.106
0.008609010125808086,4.107
0.008605208154879316,4.108
0.008601278934098061,4.109
0.008597182279293882,4.11
0.008592879181423187,4.111
0.008588331844774753,4.112
0.00858350357065195,4.113
0.008578358751358503,4.114
0.008572862874428672,4.115
0.008566982115745364,4.116
0.008560682031777381,4.117
0.008553925370375567,4.118
0.008546670182236532,4.119
0.00853886980382446,4.12
0.008530474756397542,4.121
0.00852143514870579,4.122
0.008511702638665793,4.123
0.008501232103803907,4.124
0.008489983477848908,4.125
0.008477923893553287,4.126
0.008465029750273132,4.127
0.00845128788780159,4.128
0.008436694951670582,4.129
0.008421254367303212,4.13
0.008404971622549344,4.131
0.008387850736180612,4.132
0.008369894726874388,4.133
0.008351109230185326,4.134
0.008331505861126385,4.135
0.008311103127635158,4.136
0.008289924741899435,4.137
0.008267996139552557,4.138
0.008245340511564501,4.139
0.008221975914021828,4.14
0.00819791416880851,4.141
0.00817316069920927,4.142
0.008147714387397127,4.143
0.008121567892170393,4.144
0.00809470912398112,4.145
0.008067123649509103,4.146
0.00803879743448443,4.147
0.008009719516521978,4.148
0.007979884123519847,4.149
0.007949291557069181,4.15
0.007917947206119621,4.151
0.007885858595985444,4.152
0.007853031957946469,4.153
0.007819471338186279,4.154
0.007785181677524972,4.155
0.007750173842597024,4.156
0.007714468907838018,4.157
0.007678100527700267,4.158
0.007641115084154638,4.159
0.007603569546711726,4.16
0.0075655273457939905,4.161
0.007527053344241746,4.162
0.00748821008042273,4.163
0.007449056918404595,4.164
0.007409651120723678,4.165
0.007370048514952358,4.166
0.007330302757137731,4.167
0.007290463762331163,4.168
0.007250576284234438,4.169
0.007210679354977078,4.17
0.007170806776985222,4.171
0.007130988334104769,4.172
0.0070912511038771775,4.173
0.007051620345135744,4.174
0.0070121198291619126,4.175
0.006972771895904646,4.176
0.006933597656318267,4.177
0.006894617559018196,4.178
0.006855852174170757,4.179
0.006817322754705577,4.18
0.006779051030372151,4.181
0.006741057896702496,4.182
0.006703361691716471,4.183
0.006665978045619233,4.184
0.006628922408715305,4.185
0.0065922137555505245,4.186
0.0065558771571922,4.187
0.006519944065234035,4.188
0.006484450211239253,4.189
0.0064494320648596,4.19
0.006414923991564413,4.191
0.006380957749722871,4.192
0.006347563526759534,4.193
0.006314770518337836,4.194
0.006282606170682433,4.195
0.006251094660816465,4.196
0.006220255975982815,4.197
0.006190106480555928,4.198
0.00616066040238283,4.199
0.0061319310905519646,4.2
0.006103931412286696,4.201
0.006076673070385368,4.202
0.006050165187898698,4.203
0.0060244135672163305,4.204
0.00599942185542483,4.205
0.005975193956823922,4.206
0.005951735988371015,4.207
0.005929056729041095,4.208
0.005907166395806849,4.209
0.0058860743459453035,4.21
0.005865787105041154,4.211
0.005846307870781921,4.212
0.0058276370174194575,4.213
0.005809772206058826,4.214
0.0057927079224095734,4.215
0.005776435888179738,4.216
0.005760947292056522,4.217
0.005746235804695101,4.218
0.005732299596598489,4.219
0.0057191413035068,4.22
0.005706765935898273,4.221
0.0056951783150782365,4.222
0.00568438274033897,4.223
0.0056743858653776754,4.224
0.0056652008071487155,4.225
0.005656850095300476,4.226
0.005649366478501681,4.227
0.005642791491759686,4.228
0.005637172109004226,4.229
0.005632556586350266,4.23
0.005628991526699935,4.231
0.0056265213648420105,4.232
0.005625189023802869,4.233
0.005625035772973087,4.234
0.00562610002263701,4.235
0.00562841630346803,4.236
0.005632015206128382,4.237
0.005636923573398433,4.238
0.005643164198210764,4.239
0.005650755540419035,4.24
0.005659712125341886,4.241
0.005670045228621911,4.242
0.005681763108293979,4.243
0.005694870665652167,4.244
0.005709368932785745,4.245
0.005725254889773657,4.246
0.00574252195760032,4.247
0.00576116119059768,4.248
0.005781162846947902,4.249
0.005802517795206057,4.25
0.005825218218402948,4.251
0.005849257304371687,4.252
0.005874627970903589,4.253
0.0059013210414476346,4.254
0.005929323514154035,4.255
0.005958617507696686,4.256
0.005989180094680893,4.257
0.00602098373817636,4.258
0.006053996741033101,4.259
0.006088183202580441,4.26
0.006123502501650584,4.261
0.006159908915620265,4.262
0.006197351822067476,4.263
0.0062357762579131875,4.264
0.006275123591563176,4.265
0.006315332529297765,4.266
0.006356340751752311,4.267
0.0063980871431515715,4.268
0.006440514181059886,4.269
0.006483569838771471,4.27
0.00652720844365281,4.271
0.0065713902570506515,4.272
0.006616079876470121,4.273
0.006661243710012521,4.274
0.00670684710502246,4.275
0.006752852612219383,4.276
0.006799220887845091,4.277
0.00684591387129895,4.278
0.006892898354616089,4.279
0.006940148431429747,4.28
0.006987646281033026,4.281
0.007035381315383694,4.282
0.00708334800172425,4.283
0.007131542779552584,4.284
0.0071799607442090815,4.285
0.007228593384013078,4.286
0.007277428478516322,4.287
0.007326451661540967,4.288
0.007375648041679818,4.289
0.007425002796842968,4.29
0.007474500546074686,4.291
0.007524123711937294,4.292
0.007573850496789548,4.293
0.007623653579440986,4.294
0.007673500082156252,4.295
0.007723351942790027,4.296
0.007773165705438923,4.297
0.00782289210480166,4.298
0.007872476352827387,4.299
0.007921858930873504,4.3
0.007970975787853168,4.301
0.008019757764289695,4.302
0.008068130709955202,4.303
0.00811601744193323,4.304
0.008163340641791866,4.305
0.008210025016267329,4.306
0.008255997824182255,4.307
0.008301187519704465,4.308
0.008345521068038748,4.309
0.008388922037224687,4.31
0.008431311785875271,4.311
0.008472613680635892,4.312
0.008512758245765785,4.313
0.00855168738373977,4.314
0.008589356605565437,4.315
0.0086257345796856,4.316
0.008660799759479441,4.317
0.008694534879935358,4.318
0.00872692188407507,4.319
0.008757940449354467,4.32
0.008787570565457233,4.321
0.008815796515218183,4.322
0.008842609904203543,4.323
0.008868011104078241,4.324
0.008892009035681946,4.325
0.008914619253335076,4.326
0.008935860539386066,4.327
0.008955750739268282,4.328
0.008974303331817476,4.329
0.008991526159988422,4.33
0.00900742198521446,4.331
0.009021988972203127,4.332
0.009035220064832967,4.333
0.009047102413074343,4.334
0.009057618613960735,4.335
0.009066749719571304,4.336
0.009074478224567964,4.337
0.00908078931184697,4.338
0.009085669541842865,4.339
0.009089103745516941,4.34
0.009091073103578819,4.341
0.009091556975628471,4.342
0.009090537457031,4.343
0.00908800397326193,4.344
0.009083956625800223,4.345
0.00907840815364772,4.346
0.009071384377810611,4.347
0.009062922725551563,4.348
0.009053068395617992,4.349
0.00904186894758085,4.35
0.00902937059571915,4.351
0.009015619286346019,4.352
0.009000665314923124,4.353
0.008984567583288415,4.354
0.008967395198773731,4.355
0.008949226304797601,4.356
0.00893014486025937,4.357
0.00891023620888701,4.358
0.008889582750533087,4.359
0.008868261792024802,4.36
0.008846346370931154,4.361
0.008823907080228273,4.362
0.008801012648989925,4.363
0.0087777289233086,4.364
0.008754117038629808,4.365
0.008730231694184227,4.366
0.008706120113322386,4.367
0.008681821760787188,4.368
0.008657368519930396,4.369
0.008632784915142072,4.37
0.00860808814112613,4.371
0.008583288271389267,4.372
0.008558389540612799,4.373
0.008533393116164628,4.374
0.008508300679848034,4.375
0.008483117551981884,4.376
0.008457854185783901,4.377
0.008432525307806409,4.378
0.008407146906312942,4.379
0.008381733021196358,4.38
0.008356295331863092,4.381
0.008330846400071448,4.382
0.008305404224857262,4.383
0.008279995503949457,4.384
0.008254656601080821,4.385
0.008229432171706621,4.386
0.008204371824423117,4.387
0.008179525743437497,4.388
0.008154940989300323,4.389
0.008130660218508,4.39
0.008106722753681994,4.391
0.008083166181283699,4.392
0.008060027076350838,4.393
0.008037340723151409,4.394
0.008015140206828576,4.395
0.00799345529367589,4.396
0.00797231149746976,4.397
0.007951729641527799,4.398
0.007931726076794546,4.399
0.007912313528202809,4.4
0.00789350234668333,4.401
0.007875301780158257,4.402
0.007857720793807312,4.403
0.007840768015405177,4.404
0.007824450554315833,4.405
0.007808772081587918,4.406
0.00779373168564995,4.407
0.007779324893547513,4.408
0.007765546313252629,4.409
0.007752392179813478,4.41
0.007739861682293113,4.411
0.007727956769388097,4.412
0.007716680556497759,4.413
0.007706034787542997,4.414
0.00769601712307228,4.415
0.007686619192133496,4.416
0.007677826170419612,4.417
0.007669618161753619,4.418
0.007661973046289065,4.419
0.0076548698742192785,4.42
0.00764829153278525,4.421
0.0076422254321812004,4.422
0.007636661653130732,4.423
0.007631590225230437,4.424
0.0076270013785679274,4.425
0.0076228904783138835,4.426
0.00761926460966387,4.427
0.007616146743347082,4.428
0.007613575801390864,4.429
0.0076116028994417,4.43
0.007610285213983318,4.431
0.007609680225257662,4.432
0.007609843328288298,4.433
0.007610829055754099,4.434
0.007612692997054662,4.435
0.00761549190701772,4.436
0.007619281787687588,4.437
0.007624115221369757,4.438
0.007630039815492365,4.439
0.007637098429047106,4.44
0.0076453297456470235,4.441
0.007654767933246759,4.442
0.007665442292456575,4.443
0.007677378463705965,4.444
0.007690601092927537,4.445
0.007705136433174869,4.446
0.007721013599277615,4.447
0.007738264009711451,4.448
0.0077569191421476644,4.449
0.007777007577871341,4.45
0.007798553306942292,4.451
0.00782157646170665,4.452
0.007846095344927898,4.453
0.007872128051887119,4.454
0.007899693142327508,4.455
0.007928809493470466,4.456
0.007959495525264966,4.457
0.007991767985947144,4.458
0.008025640475829566,4.459
0.008061121867650347,4.46
0.008098214921311754,4.461
0.008136915675578659,4.462
0.008177213935778803,4.463
0.008219094416245293,4.464
0.008262537915380232,4.465
0.008307522284171184,4.466
0.008354023183043648,4.467
0.008402014655202272,4.468
0.008451469466166674,4.469
0.008502358984343645,4.47
0.008554652277154288,4.471
0.008608314438724163,4.472
0.008663305062746793,4.473
0.008719578085771233,4.474
0.008777083017199675,4.475
0.008835766388840297,4.476
0.008895572578814313,4.477
0.008956443993053622,4.478
0.009018320844798094,4.479
0.00908114063781139,4.48
0.009144837266904808,4.481
0.009209339658244683,4.482
0.009274570472566246,4.483
0.009340446116275358,4.484
0.009406878726677694,4.485
0.009473779340387189,4.486
0.00954106103062596,4.487
0.009608641295072,4.488
0.009676443286184234,4.489
0.009744395609287656,4.49
0.009812430601166065,4.491
0.009880481206148723,4.492
0.009948477266257872,4.493
0.010016343336324476,4.494
0.010083999860240061,4.495
0.010151367061984315,4.496
0.010218369455527267,4.497
0.010284939550693534,4.498
0.010351020141896164,4.499
0.010416564889758466,4.5
0.010481537173355088,4.501
0.010545907470995167,4.502
0.010609649771879536,4.503
0.010672737661237837,4.504
0.010735140665080117,4.505
0.010796821348266534,4.506
0.010857733772312278,4.507
0.010917823776288846,4.508
0.010977030836301407,4.509
0.011035290767308794,4.51
0.01109253857410875,4.511
0.011148710794217155,4.512
0.011203746648015983,4.513
0.011257587531793591,4.514
0.011310174866996673,4.515
0.011361446829490475,4.516
0.011411334942404344,4.517
0.011459761665871447,4.518
0.011506639437045748,4.519
0.011551870999873426,4.52
0.011595351303773736,4.521
0.011636971316199169,4.522
0.011676623077731116,4.523
0.011714204588467189,4.524
0.011749623060231296,4.525
0.011782795252969894,4.526
0.011813644022886585,4.527
0.01184209252892672,4.528
0.011868061666181337,4.529
0.011891475138102518,4.53
0.011912269250722297,4.531
0.011930401340478637,4.532
0.011945853554270797,4.533
0.011958631303798714,4.534
0.01196875702232531,4.535
0.011976261085746516,4.536
0.011981173510540767,4.537
0.01198352077235542,4.538
0.011983328512572207,4.539
0.011980626133394803,4.54
0.011975449374509405,4.541
0.011967839860761128,4.542
0.011957842009078935,4.543
0.01194549839347825,4.544
0.011930845968289064,4.545
0.011913915479407433,4.546
0.011894733519721954,4.547
0.011873324252580022,4.548
0.011849708665036793,4.549
0.011823902126436003,4.55
0.01179591362398835,4.551
0.011765748987677533,4.552
0.01173341641674512,4.553
0.011698931193445734,4.554
0.011662317944951043,4.555
0.011623609888116976,4.556
0.011582844972315362,4.557
0.011540060347212992,4.558
0.011495289042202818,4.559
0.011448561921718649,4.56
0.011399913203188597,4.561
0.01134938557736919,4.562
0.01129703286642192,4.563
0.01124292009112099,4.564
0.011187121580951148,4.565
0.011129718052162601,4.566
0.011070793505316581,4.567
0.011010432431444919,4.568
0.010948717353810944,4.569
0.01088572636868706,4.57
0.010821530811204428,4.571
0.010756194551228632,4.572
0.010689776220973689,4.573
0.01062233336082004,4.574
0.010553926433727377,4.575
0.010484621549360784,4.576
0.01041449157009748,4.577
0.010343615726497706,4.578
0.010272078204540895,4.579
0.010199966282977774,4.58
0.010127368538388457,4.581
0.010054373474059042,4.582
0.00998106868775548,4.583
0.009907540374471923,4.584
0.009833872643832146,4.585
0.009760146073340567,4.586
0.00968643586968833,4.587
0.009612811588362542,4.588
0.009539339742980902,4.589
0.009466087881680246,4.59
0.009393127753895728,4.591
0.009320536476892499,4.592
0.009248395817689029,4.593
0.009176790343626671,4.594
0.00910580540221611,4.595
0.009035525599862666,4.596
0.008966033923469507,4.597
0.008897411259132015,4.598
0.008829735988498122,4.599
0.008763083465418297,4.6
0.008697525257434311,4.601
0.00863312802826537,4.602
0.008569952291781539,4.603
0.00850805199591837,4.604
0.008447475572807865,4.605
0.00838826767493551,4.606
0.008330470385708137,4.607
0.008274123444837887,4.608
0.008219263655905223,4.609
0.008165923927558922,4.61
0.008114132504768745,4.611
0.008063912839610894,4.612
0.008015284276766644,4.613
0.007968263385344896,4.614
0.007922865485811241,4.615
0.007879105819046208,4.616
0.007836999929865559,4.617
0.0077965631246449,4.618
0.007757809162984352,4.619
0.007720748513481224,4.62
0.007685386621944278,4.621
0.007651722781801012,4.622
0.00761974991667814,4.623
0.007589454858550537,4.624
0.007560818491602085,4.625
0.007533815690475849,4.626
0.007508415538646862,4.627
0.007484582421798296,4.628
0.007462278274310602,4.629
0.007441465652695779,4.63
0.007422110710524087,4.631
0.007404184916923255,4.632
0.007387664699615357,4.633
0.007372528978414005,4.634
0.007358755615411531,4.635
0.0073463186687623945,4.636
0.007335187662719003,4.637
0.007325328105946099,4.638
0.007316701741675636,4.639
0.007309266009774118,4.64
0.007302973126063862,4.641
0.0072977693942650615,4.642
0.0072935952702279224,4.643
0.007290386458795382,4.644
0.007288075976196265,4.645
0.00728659674911226,4.646
0.00728588405849187,4.647
0.007285877067127352,4.648
0.0072865188513907015,4.649
0.007287754767579981,4.65
0.007289529620666184,4.651
0.0072917849760346974,4.652
0.0072944582249369555,4.653
0.0072974837023474515,4.654
0.007300794696807177,4.655
0.007304325426685728,4.656
0.007308012908269513,4.657
0.007311798725255362,4.658
0.007315630435936444,4.659
0.007319462249693934,4.66
0.007323254664613371,4.661
0.007326972883601096,4.662
0.007330583976147446,4.663
0.007334053521550286,4.664
0.0073373438450295885,4.665
0.0073404154346886925,4.666
0.007343230454987396,4.667
0.007345756230039124,4.668
0.007347967716929032,4.669
0.007349848874459182,4.67
0.007351393037617534,4.671
0.007352602458699722,4.672
0.007353487140910196,4.673
0.0073540630190687874,4.674
0.007354349509977018,4.675
0.007354366493851834,4.676
0.007354131283576718,4.677
0.007353657081384106,4.678
0.007352954042164992,4.679
0.007352032099964176,4.68
0.007350903833645758,4.681
0.007349586386764557,4.682
0.007348102188860662,4.683
0.007346478621977057,4.684
0.007344747075666249,4.685
0.007342941927758405,4.686
0.007341099820576595,4.687
0.007339259258574283,4.688
0.007337460223168697,4.689
0.007335743365275139,4.69
0.007334148453473055,4.691
