VaMe,time
0.001527853575026235,0.001
0.001667884164217871,0.002
0.0018074919240429201,0.003
0.0019465507512775254,0.004
0.002084935189217247,0.005
0.0022225207059599164,0.006
0.0023591836972451864,0.007
0.002494801408673039,0.008
0.002629252051484069,0.009
0.0027624153385300836,0.01
0.002894173467305859,0.011
0.003024412279178356,0.012
0.0031530220625726126,0.013
0.003279897388877532,0.014
0.0034049356574807747,0.015
0.0035280351214388678,0.016
0.003649094397314427,0.017
0.0037680145359480196,0.018
0.00388470228131624,0.019
0.003999072570278146,0.02
0.004111049529238947,0.021
0.004220566045958647,0.022
0.004327562194619227,0.023
0.0044319827681094555,0.024
0.004533774332507575,0.025
0.004632883027238609,0.026
0.004729254701649658,0.027
0.004822837531105166,0.028
0.004913585548893223,0.029
0.005001461551737399,0.03
0.005086438695187245,0.031
0.005168500570932386,0.032
0.005247639801279263,0.033
0.005323855401429811,0.034
0.005397149284029192,0.035
0.005467522790581256,0.036
0.005534975009610961,0.037
0.0055995038430471,0.038
0.005661108451938459,0.039
0.005719791154305762,0.04
0.0057755581488140575,0.041
0.005828419386790637,0.042
0.005878388222557301,0.043
0.005925481442077063,0.044
0.00596971990885004,0.045
0.006011129557156621,0.046
0.006049742047590861,0.047
0.00608559427758185,0.048
0.006118726182841042,0.049
0.006149177548980267,0.05
0.006176986572943212,0.051
0.006202192166849028,0.052
0.006224838437188796,0.053
0.006244978557659737,0.054
0.006262676797125104,0.055
0.006278008541896094,0.056
0.006291058479423453,0.057
0.006301917342587575,0.058
0.006310677886047179,0.059
0.006317431433576722,0.06
0.006322266708316287,0.061
0.006325271258937339,0.062
0.0063265338684198895,0.063
0.006326146357381908,0.064
0.0063242043237024,0.065
0.006320806857343582,0.066
0.006316055332462381,0.067
0.006310051460143479,0.068
0.006302895000634617,0.069
0.006294681933810153,0.07
0.006285503856083487,0.071
0.006275448429115129,0.072
0.006264599909888828,0.073
0.0062530390947277865,0.074
0.006240842699635043,0.075
0.006228082649472673,0.076
0.006214825925452752,0.077
0.006201135204369267,0.078
0.006187069843901115,0.079
0.006172686651467684,0.08
0.006158040148083978,0.081
0.006143182180604635,0.082
0.006128161036978476,0.083
0.006113020934238016,0.084
0.006097802873153521,0.085
0.0060825467877418295,0.086
0.006067294010079148,0.087
0.006052089158586101,0.088
0.0060369809229862586,0.089
0.006022021458262934,0.09
0.006007264369662727,0.091
0.005992762013141174,0.092
0.005978563872440176,0.093
0.0059647171548504576,0.094
0.005951268531887015,0.095
0.005938265255653248,0.096
0.005925755038703481,0.097
0.005913785001672722,0.098
0.005902400233504088,0.099
0.0058916424617728716,0.1
0.0058815491189342095,0.101
0.005872152858324913,0.102
0.005863481425772782,0.103
0.005855557730299188,0.104
0.005848399928075435,0.105
0.005842021354169881,0.106
0.005836430360578213,0.107
0.005831630438002606,0.108
0.005827620864847115,0.109
0.005824397597346245,0.11
0.005821953932528675,0.111
0.005820280715412623,0.112
0.005819366091223566,0.113
0.005819194911544234,0.114
0.005819747974038507,0.115
0.005821001443091092,0.116
0.0058229269587758885,0.117
0.005825492699199827,0.118
0.005828665149542404,0.119
0.005832411078039785,0.12
0.005836699218278886,0.121
0.005841501199831194,0.122
0.005846791399744825,0.123
0.005852545599229094,0.124
0.005858738838831954,0.125
0.005865343852271185,0.126
0.005872331646544762,0.127
0.00587967420554342,0.128
0.005887347790656104,0.129
0.0058953354492265,0.13
0.005903628085671938,0.131
0.0059122238859757315,0.132
0.005921126176889353,0.133
0.005930340181423374,0.134
0.005939869932637101,0.135
0.005949717195434736,0.136
0.005959882952860319,0.137
0.005970369919770299,0.138
0.005981184422331983,0.139
0.005992337176950566,0.14
0.006003843107516367,0.141
0.006015720412287901,0.142
0.0060279890739168744,0.143
0.00604066895925839,0.144
0.006053777778009387,0.145
0.006067329599905859,0.146
0.006081334720527262,0.147
0.006095800794588838,0.148
0.006110734283520029,0.149
0.006126141369975453,0.15
0.006142027988135082,0.151
0.006158398903138252,0.152
0.006175256151395158,0.153
0.006192597703349585,0.154
0.0062104170222775775,0.155
0.00622870311838215,0.156
0.00624744056356953,0.157
0.006266610113772833,0.158
0.006286190669794322,0.159
0.006306161880337307,0.16
0.006326505975763134,0.161
0.006347207898896598,0.162
0.006368253578504797,0.163
0.006389627496618609,0.164
0.0064113119229179906,0.165
0.006433288995747644,0.166
0.006455544143227967,0.167
0.006478068743022478,0.168
0.00650086104969243,0.169
0.006523925063270435,0.17
0.006547267537887049,0.171
0.006570894761167101,0.172
0.006594811727629941,0.173
0.006619024345178634,0.174
0.006643542221989437,0.175
0.006668379448902122,0.176
0.006693552725935219,0.177
0.006719078038933004,0.178
0.006744968502193541,0.179
0.0067712348097184755,0.18
0.0067978865719732166,0.181
0.006824932185398245,0.182
0.00685237720443263,0.183
0.006880223188322005,0.184
0.006908468314583438,0.185
0.006937108608822268,0.186
0.006966137950373681,0.187
0.00699554685932467,0.188
0.007025322060122817,0.189
0.0070554483183033895,0.19
0.007085911562881611,0.191
0.007116701367979049,0.192
0.007147811829584527,0.193
0.0071792406539871135,0.194
0.0072109866424775225,0.195
0.007243046545301695,0.196
0.007275413316021794,0.197
0.007308077040273021,0.198
0.007341027373074891,0.199
0.007374255544278824,0.2
0.007407755087781119,0.201
0.007441521263449549,0.202
0.0074755494703949675,0.203
0.007509833211651679,0.204
0.007544362280312324,0.205
0.0075791217473646375,0.206
0.007614092070240125,0.207
0.00764925027141495,0.208
0.007684571747987115,0.209
0.00772003198734047,0.21
0.007755607392449903,0.211
0.007791274599090722,0.212
0.007827008468827988,0.213
0.007862780500559859,0.214
0.007898559748019467,0.215
0.007934316144065114,0.216
0.007970024179223855,0.217
0.008005665289490338,0.218
0.00804122849965981,0.219
0.008076709458763735,0.22
0.00811210819255767,0.221
0.008147425955197261,0.222
0.008182661851748978,0.223
0.008217810633810474,0.224
0.008252862981509528,0.225
0.00828780789766025,0.226
0.008322635507157677,0.227
0.008357338904586656,0.228
0.008391914574851748,0.229
0.008426361452706033,0.23
0.00846067896906593,0.231
0.008494864471854668,0.232
0.008528910729390752,0.233
0.008562805073113949,0.234
0.008596531247468871,0.235
0.008630072854376763,0.236
0.008663416233530487,0.237
0.008696551302346877,0.238
0.008729469763677705,0.239
0.008762161627495216,0.24
0.008794613026995727,0.241
0.008826807318441767,0.242
0.008858727619654123,0.243
0.00889035773567739,0.244
0.008921680564224179,0.245
0.008952675476536241,0.246
0.00898331728608052,0.247
0.009013577669253621,0.248
0.009043426885383923,0.249
0.009072833495011541,0.25
0.009101762657057467,0.251
0.009130176124632466,0.252
0.009158035722860872,0.253
0.009185308173392664,0.254
0.009211967862746598,0.255
0.009237995803138261,0.256
0.009263375525238829,0.257
0.009288089814887124,0.258
0.009312122264372995,0.259
0.009335462611163579,0.26
0.009358111267453645,0.261
0.00938007996327737,0.262
0.009401388266133721,0.263
0.009422057773672703,0.264
0.009442107293662329,0.265
0.009461551465138607,0.266
0.009480401824275012,0.267
0.009498667595698333,0.268
0.009516355156103771,0.269
0.009533467018705504,0.27
0.009550001554673547,0.271
0.009565954134611348,0.272
0.009581319536104733,0.273
0.009596094674581076,0.274
0.009610280321431446,0.275
0.009623880659391296,0.276
0.009636900482797526,0.277
0.009649341866390387,0.278
0.00966120354629664,0.279
0.00967248418080813,0.28
0.009683187171116157,0.281
0.009693324382832526,0.282
0.009702917852764226,0.283
0.009711999421574254,0.284
0.00972060831609854,0.285
0.00972878684586216,0.286
0.009736575629341677,0.287
0.009744011702297424,0.288
0.009751131441234642,0.289
0.009757975885639168,0.29
0.009764594792266325,0.291
0.009771047698001278,0.292
0.009777401674941923,0.293
0.009783726539101254,0.294
0.009790090115034079,0.295
0.009796556740911884,0.296
0.009803189256516132,0.297
0.009810051475055584,0.298
0.00981720872400556,0.299
0.009824726356996017,0.3
0.009832667099240433,0.301
0.009841088250210772,0.302
0.009850040051763825,0.303
0.009859566101071025,0.304
0.009869705293135635,0.305
0.009880493994592399,0.306
0.009891967482964788,0.307
0.009904160128185272,0.308
0.009917104060223487,0.309
0.009930826829183937,0.31
0.009945349860315991,0.311
0.009960689297805678,0.312
0.009976858569474192,0.313
0.009993870710892019,0.314
0.010011739223751396,0.315
0.010030477132258941,0.316
0.010050094607467567,0.317
0.010070596868188215,0.318
0.01009198461283731,0.319
0.01011425708188412,0.32
0.010137415212270023,0.321
0.010161462320708331,0.322
0.010186401793722622,0.323
0.010212233973470194,0.324
0.010238955655913836,0.325
0.010266562893719862,0.326
0.010295054250615936,0.327
0.01032443187952386,0.328
0.01035470000723489,0.329
0.010385861616360457,0.33
0.010417915044326412,0.331
0.010450852907667833,0.332
0.010484664106910417,0.333
0.010519336870332912,0.334
0.010554860469367804,0.335
0.010591224877253601,0.336
0.010628418846821941,0.337
0.010666427411586165,0.338
0.0107052298881903,0.339
0.010744799030048371,0.34
0.010785101307694837,0.341
0.01082609773290796,0.342
0.01086774440412889,0.343
0.010909991998067758,0.344
0.010952784384697049,0.345
0.010996058496830708,0.346
0.011039747565750855,0.347
0.011083786959034093,0.348
0.011128120111912184,0.349
0.011172702613727731,0.35
0.011217503372916179,0.351
0.0112625025643242,0.352
0.011307686889022082,0.353
0.011353043544563908,0.354
0.011398555486282002,0.355
0.011444200609201371,0.356
0.011489954913013342,0.357
0.011535797217616184,0.358
0.011581713334271932,0.359
0.011627698962188812,0.36
0.011673761057973133,0.361
0.011719917501305953,0.362
0.011766195036994501,0.363
0.011812625649339626,0.364
0.011859241688148609,0.365
0.011906070994812822,0.366
0.011953134797214724,0.367
0.012000449924770052,0.368
0.012048033184387486,0.369
0.012095904721257517,0.37
0.01214408903721377,0.371
0.012192613735060075,0.372
0.012241506669022071,0.373
0.012290792487218975,0.374
0.01234048942434539,0.375
0.012390606833226436,0.376
0.012441143797991135,0.377
0.012492089243504343,0.378
0.012543423584264994,0.379
0.012595121213746736,0.38
0.012647152836495701,0.381
0.012699486891105847,0.382
0.012752089737620442,0.383
0.012804924708643493,0.384
0.012857950332973468,0.385
0.012911118083489968,0.386
0.012964370553585661,0.387
0.013017641743960598,0.388
0.013070860310577715,0.389
0.013123954547319586,0.39
0.013176857074707669,0.391
0.013229507783739197,0.392
0.013281854261414133,0.393
0.013333849582083996,0.394
0.013385447962807898,0.395
0.013436599589726397,0.396
0.013487247109547133,0.397
0.013537325851660162,0.398
0.01358676705162237,0.399
0.013635501643697695,0.4
0.013683463139187963,0.401
0.01373058935649527,0.402
0.01377682311814033,0.403
0.013822112004460423,0.404
0.013866407154903776,0.405
0.013909660986636986,0.406
0.01395182362132729,0.407
0.013992838778849112,0.408
0.01403264204685297,0.409
0.014071163877612501,0.41
0.014108335645088673,0.411
0.014144095199470736,0.412
0.01417838976838039,0.413
0.014211175485476717,0.414
0.014242413665161237,0.415
0.014272064924559185,0.416
0.01430008368942527,0.417
0.014326416142098463,0.418
0.014351002146470426,0.419
0.01437377868051186,0.42
0.014394682788196169,0.421
0.01441365415341645,0.422
0.014430637981797882,0.423
0.014445588247641474,0.424
0.014458470457564912,0.425
0.014469262337665663,0.426
0.014477950718844744,0.427
0.014484525126190544,0.428
0.014488973507207525,0.429
0.01449128603523473,0.43
0.014491465507023116,0.431
0.014489537300736835,0.432
0.014485553718751562,0.433
0.014479591317030185,0.434
0.014471742120528637,0.435
0.01446210229128731,0.436
0.014450764733814786,0.437
0.014437819382453747,0.438
0.01442335723580833,0.439
0.014407471956256666,0.44
0.014390257004619484,0.441
0.014371800411495621,0.442
0.01435218138571257,0.443
0.01433147079695219,0.444
0.014309732826643311,0.445
0.01428702455868372,0.446
0.014263393822375684,0.447
0.014238877979690567,0.448
0.014213505032662757,0.449
0.014187295408791276,0.45
0.014160262288620884,0.451
0.014132410168532415,0.452
0.014103732688044223,0.453
0.014074211196665397,0.454
0.014043815408741014,0.455
0.014012506758358419,0.456
0.013980243963802387,0.457
0.013946989279729342,0.458
0.013912713371843298,0.459
0.013877396911606317,0.46
0.01384102781473688,0.461
0.013803595223071383,0.462
0.01376508477419205,0.463
0.01372547971769463,0.464
0.013684766914253271,0.465
0.013642942788597975,0.466
0.013600015997820557,0.467
0.013556006589324881,0.468
0.013510942795657455,0.469
0.013464856898497284,0.47
0.013417781310240283,0.471
0.013369745429588086,0.472
0.013320773266951877,0.473
0.013270881521224595,0.474
0.013220077790754986,0.475
0.013168359087137281,0.476
0.013115711508625835,0.477
0.013062111651086856,0.478
0.013007529227212824,0.479
0.012951930022256882,0.48
0.012895278714045286,0.481
0.012837541272319003,0.482
0.012778686679759841,0.483
0.012718687831757298,0.484
0.012657521625501785,0.485
0.012595168357831258,0.486
0.012531610540085645,0.487
0.012466831095329593,0.488
0.012400810710707425,0.489
0.012333524678635351,0.49
0.012264941298092353,0.491
0.012195024155892258,0.492
0.01212373782735282,0.493
0.012051054290010327,0.494
0.01197695770273383,0.495
0.011901446286062049,0.496
0.011824530879129559,0.497
0.01174623058553426,0.498
0.011666566611752333,0.499
0.0115855563334734,0.5
0.011503210504211173,0.501
0.011419534860272359,0.502
0.011334534183309763,0.503
0.011248216567548208,0.504
0.011160597353284677,0.505
0.011071702675293065,0.506
0.010981572070771968,0.507
0.010890259143644332,0.508
0.01079782921387388,0.509
0.010704353860782674,0.51
0.010609905126884317,0.511
0.010514554211654648,0.512
0.010418375939875456,0.513
0.010321454686345096,0.514
0.010223887373194082,0.515
0.010125782764274283,0.516
0.010027258356110015,0.517
0.009928436492224994,0.518
0.00982944092658698,0.519
0.009730394319567372,0.52
0.009631416541611593,0.521
0.009532623405765597,0.522
0.009434125460259101,0.523
0.009336026744915533,0.524
0.009238424039328461,0.525
0.009141407429332817,0.526
0.009045062295120709,0.527
0.008949471960207626,0.528
0.008854720210907123,0.529
0.008760893251488287,0.53
0.008668080874235628,0.531
0.00857637677419093,0.532
0.008485878082973,0.533
0.00839668428014772,0.534
0.008308895646295136,0.535
0.008222611363456598,0.536
0.008137927387521008,0.537
0.008054934701872336,0.538
0.007973719129616915,0.539
0.007894363135236391,0.54
0.007816948469379347,0.541
0.007741558166398166,0.542
0.007668277179619575,0.543
0.0075971915861576264,0.544
0.0075283866819689455,0.545
0.007461944613142802,0.546
0.007397942448396078,0.547
0.007336451407980944,0.548
0.007277537072032254,0.549
0.0072212597225082675,0.55
0.007167674270739764,0.551
0.0071168298345161245,0.552
0.007068769366168068,0.553
0.00702352970137062,0.554
0.006981141961290684,0.555
0.006941631879237568,0.556
0.00690501974158663,0.557
0.006871320028490367,0.558
0.006840541213187943,0.559
0.006812686129815008,0.56
0.006787752844658015,0.561
0.006765735715992694,0.562
0.006746626408451102,0.563
0.00673041462685308,0.564
0.006717088251568578,0.565
0.006706632597186779,0.566
0.006699029095715154,0.567
0.006694254679030518,0.568
0.00669228274174815,0.569
0.006693084799044528,0.57
0.006696631451057038,0.571
0.006702892261777637,0.572
0.006711834909235684,0.573
0.006723424125949922,0.574
0.006737620815837419,0.575
0.006754381427753594,0.576
0.006773657435964316,0.577
0.006795395017577027,0.578
0.006819535590391328,0.579
0.006846017746441273,0.58
0.006874780129231021,0.581
0.0069057641121923795,0.582
0.006938915130381968,0.583
0.00697418182968029,0.584
0.007011513379421486,0.585
0.007050857394485408,0.586
0.007092160924657145,0.587
0.007135373705219334,0.588
0.007180450680691025,0.589
0.007227351974435493,0.59
0.007276040402261677,0.591
0.00732647780398572,0.592
0.007378621969040413,0.593
0.007432425154889182,0.594
0.007487833618557553,0.595
0.007544787217515255,0.596
0.007603219033165006,0.597
0.007663055485223068,0.598
0.007724217252053206,0.599
0.007786620865316335,0.6
0.007850180299619904,0.601
0.007914807704804301,0.602
0.007980412758719458,0.603
0.008046901019993568,0.604
0.008114172862990028,0.605
0.008182124219675293,0.606
0.008250648333526341,0.607
0.008319636920989248,0.608
0.00838898003450516,0.609
0.008458564706666281,0.61
0.008528273023440046,0.611
0.008597980958379428,0.612
0.00866755886806247,0.613
0.008736873037671566,0.614
0.008805787205989379,0.615
0.008874163791911097,0.616
0.008941865120071696,0.617
0.00900875499889399,0.618
0.009074700795082614,0.619
0.009139575738415902,0.62
0.009203260716221361,0.621
0.009265644487873348,0.622
0.009326621264497669,0.623
0.009386086322892877,0.624
0.009443933839634796,0.625
0.009500060815992804,0.626
0.009554375318447281,0.627
0.009606804209705512,0.628
0.009657297478688888,0.629
0.009705828470291172,0.63
0.009752390343145626,0.631
0.009796989734715895,0.632
0.009839639041076924,0.633
0.009880349547213549,0.634
0.009919128370099067,0.635
0.009955980182404902,0.636
0.009990911336050672,0.637
0.010023933839667827,0.638
0.010055068537512058,0.639
0.010084347470723695,0.64
0.010111815119939553,0.641
0.0101375280387586,0.642
0.010161552433118504,0.643
0.010183959562282907,0.644
0.010204820156977462,0.645
0.01022420111314482,0.646
0.010242166736663207,0.647
0.010258782583343385,0.648
0.010274118368269747,0.649
0.010288248457123027,0.65
0.01030125019876216,0.651
0.010313200915696506,0.652
0.010324174499673256,0.653
0.010334238418838224,0.654
0.010343451640653051,0.655
0.010351863608594622,0.656
0.010359514050569214,0.657
0.01036643332135721,0.658
0.01037264328106006,0.659
0.01037815889874725,0.66
0.010382990553115963,0.661
0.010387146625506237,0.662
0.010390635701217633,0.663
0.010393467632706209,0.664
0.010395652918759038,0.665
0.010397200309760489,0.666
0.010398113717139027,0.667
0.01039839092138045,0.668
0.010398025576775395,0.669
0.01039701108380251,0.67
0.010395344110202102,0.671
0.010393026768312089,0.672
0.010390067122860051,0.673
0.01038647786305572,0.674
0.01038227327743169,0.675
0.01037746528122621,0.676
0.010372060177281324,0.677
0.0103660578105331,0.678
0.010359452921352616,0.679
0.010352236962552894,0.68
0.01034439920685054,0.681
0.010335927133214849,0.682
0.010326806453865535,0.683
0.010317021083487124,0.684
0.01030655324681567,0.685
0.010295383796063538,0.686
0.010283492664326767,0.687
0.01027085922418605,0.688
0.01025746219095831,0.689
0.010243278662161485,0.69
0.010228282148735479,0.691
0.01021244054321663,0.692
0.01019571606909147,0.693
0.010178068109304739,0.694
0.010159457322377042,0.695
0.010139848902293216,0.696
0.010119213967331722,0.697
0.010097528876161365,0.698
0.010074772607997667,0.699
0.010050922956213185,0.7
0.010025953645923532,0.701
0.00999983488861796,0.702
0.009972537429609133,0.703
0.009944037368447994,0.704
0.009914318954141728,0.705
0.009883373941558077,0.706
0.009851197699648125,0.707
0.00981778487467395,0.708
0.009783128895885125,0.709
0.009747226377660855,0.71
0.009710082958266508,0.711
0.009671717068128985,0.712
0.009632160649897088,0.713
0.009591457143231348,0.714
0.009549657305254835,0.715
0.009506813837987583,0.716
0.009462976918930449,0.717
0.009418193270571248,0.718
0.009372509200957174,0.719
0.009325975235295486,0.72
0.009278650004438525,0.721
0.00923060256048656,0.722
0.009181912896224104,0.723
0.00913267051337446,0.724
0.009082971060053572,0.725
0.009032911648781552,0.726
0.008982586754310943,0.727
0.008932086995911616,0.728
0.008881500747677918,0.729
0.008830915921635015,0.73
0.00878041976587491,0.731
0.008730096811392645,0.732
0.008680026852641203,0.733
0.0086302847668477,0.734
0.008580941876277672,0.735
0.008532067027915426,0.736
0.008483726256399475,0.737
0.008435981300360341,0.738
0.008388888191997844,0.739
0.008342497191528844,0.74
0.00829685419167284,0.741
0.008252002639074392,0.742
0.00820798514163882,0.743
0.00816484446803998,0.744
0.008122623835254833,0.745
0.008081366439567469,0.746
0.008041114322252808,0.747
0.008001906823732873,0.748
0.007963778988093834,0.749
0.007926760282937812,0.75
0.007890873887842351,0.751
0.007856136603202018,0.752
0.007822559207905377,0.753
0.007790146937149298,0.754
0.00775889971596384,0.755
0.007728811906122657,0.756
0.007699871776601989,0.757
0.007672061485835643,0.758
0.007645358121639509,0.759
0.0076197353949483265,0.76
0.007595165265650019,0.761
0.007571619153294252,0.762
0.007549068652721064,0.763
0.007527485762543822,0.764
0.007506842688317585,0.765
0.007487111295061911,0.766
0.007468262264981607,0.767
0.007450263987018888,0.768
0.007433081198691344,0.769
0.007416673589251223,0.77
0.007400994942832798,0.771
0.00738599326586562,0.772
0.007371611610214024,0.773
0.007357789023512192,0.774
0.007344461431231389,0.775
0.0073315625061621545,0.776
0.007319024493782075,0.777
0.007306778779203338,0.778
0.007294755876176456,0.779
0.007282884556689867,0.78
0.007271090327926505,0.781
0.007259294525720688,0.782
0.007247415486618926,0.783
0.007235371664205086,0.784
0.0072230850748232316,0.785
0.007210483424851327,0.786
0.007197499771203851,0.787
0.0071840698140065926,0.788
0.007170129674807631,0.789
0.007155617961049093,0.79
0.007140482121696227,0.791
0.007124685086611792,0.792
0.007108208422005016,0.793
0.0070910506072387625,0.794
0.007073221089651388,0.795
0.007054733221274829,0.796
0.007035601012755858,0.797
0.007015841734326942,0.798
0.006995481029082624,0.799
0.006974556518242717,0.8
0.00695311861339864,0.801
0.006931228608362229,0.802
0.006908954405046219,0.803
0.0068863653052371725,0.804
0.006863528812610183,0.805
0.006840511021522639,0.806
0.006817378330294885,0.807
0.006794197356845526,0.808
0.006771032928591377,0.809
0.0067479468443669265,0.81
0.0067249992192082745,0.811
0.006702250817291029,0.812
0.0066797638372906145,0.813
0.006657600540160762,0.814
0.006635821168995941,0.815
0.006614483514196293,0.816
0.006593644937335076,0.817
0.006573365195392493,0.818
0.006553708186948972,0.819
0.006534742047257788,0.82
0.006516537800590788,0.821
0.00649916705461043,0.822
0.006482699404794742,0.823
0.006467200351651204,0.824
0.006452730369220788,0.825
0.006439344995721247,0.826
0.006427095161350784,0.827
0.006416027214439442,0.828
0.006406182658144396,0.829
0.006397597782310348,0.83
0.006390303338222924,0.831
0.006384324372418263,0.832
0.006379680323671298,0.833
0.006376385482145572,0.834
0.006374449878610613,0.835
0.006373880588798616,0.836
0.006374683307965519,0.837
0.006376863910832324,0.838
0.006380429615451806,0.839
0.006385389359526465,0.84
0.006391753092260465,0.841
0.006399530011125281,0.842
0.0064087266314008,0.843
0.006419346252553448,0.844
0.006431390272033938,0.845
0.006444859873741762,0.846
0.006459756447364701,0.847
0.006476080396970062,0.848
0.006493829422202074,0.849
0.0065129980463048435,0.85
0.006533578838368051,0.851
0.0065555636731217054,0.852
0.006578943419598757,0.853
0.006603706649615214,0.854
0.006629839653309339,0.855
0.006657328804579536,0.856
0.006686163601690453,0.857
0.006716338240551724,0.858
0.0067478510604627295,0.859
0.0067807022761867276,0.86
0.006814890928524309,0.861
0.006850412386407655,0.862
0.006887257403063725,0.863
0.006925412423328679,0.864
0.00696485999844882,0.865
0.007005578661739846,0.866
0.007047542343432508,0.867
0.0070907195931064135,0.868
0.007135072899127529,0.869
0.0071805583667443945,0.87
0.007227125716940149,0.871
0.007274718285395391,0.872
0.007323272933990597,0.873
0.00737272022520217,0.874
0.007422985176695783,0.875
0.007473988548566797,0.876
0.007525648466874586,0.877
0.007577882214426827,0.878
0.007630607954220679,0.879
0.007683746046148321,0.88
0.007737219606685739,0.881
0.007790954063771346,0.882
0.007844875620513432,0.883
0.007898908862460835,0.884
0.007952974574646773,0.885
0.008006989486176654,0.886
0.008060868543859403,0.887
0.008114528378682205,0.888
0.008167890278324381,0.889
0.008220881809843055,0.89
0.0082734368349303,0.891
0.0083254940684765,0.892
0.008376994706923428,0.893
0.008427879789919738,0.894
0.008478087797172419,0.895
0.008527552657307567,0.896
0.00857620219336635,0.897
0.008623957259486595,0.898
0.008670731916212478,0.899
0.008716434499111811,0.9
0.008760968995482926,0.901
0.00880423626349404,0.902
0.00884613491592907,0.903
0.008886561877247947,0.904
0.00892541280914644,0.905
0.008962582798891375,0.906
0.008997967797236302,0.907
0.009031467143748485,0.908
0.009062987071277229,0.909
0.009092444443659089,0.91
0.00911976941253986,0.911
0.009144905477365961,0.912
0.009167805770877372,0.913
0.009188426925554067,0.914
0.009206726315900976,0.915
0.009222667246084613,0.916
0.009236228958442587,0.917
0.009247415194023934,0.918
0.009256258193126114,0.919
0.009262817722608573,0.92
0.009267175822245429,0.921
0.009269428694989292,0.922
0.009269677843468804,0.923
0.009268023348627794,0.924
0.009264561502432716,0.925
0.009259386005717652,0.926
0.00925258996179632,0.927
0.00924426711757705,0.928
0.009234512558953445,0.929
0.00922342338627575,0.93
0.009211099560087666,0.931
0.009197644802989274,0.932
0.009183167250704836,0.933
0.009167779491522044,0.934
0.009151597708811006,0.935
0.00913473981161352,0.936
0.009117322655021444,0.937
0.009099458991960314,0.938
0.009081255581023132,0.939
0.009062813388390741,0.94
0.009044229008477473,0.941
0.009025595779364338,0.942
0.009007004000651613,0.943
0.008988540435350788,0.944
0.008970287443918585,0.945
0.00895232206380726,0.946
0.008934715262640447,0.947
0.00891753149484168,0.948
0.0089008285851737,0.949
0.008884657847884803,0.95
0.00886906424762007,0.951
0.008854086354940189,0.952
0.008839755951389023,0.953
0.008826097573218887,0.954
0.00881312871045421,0.955
0.008800861001739694,0.956
0.008789301912041313,0.957
0.00877845615196214,0.958
0.008768326417237904,0.959
0.008758913261681227,0.96
0.008750214041132688,0.961
0.008742221255587535,0.962
0.008734921377115856,0.963
0.008728295287934437,0.964
0.008722320161217798,0.965
0.00871697158771012,0.966
0.008712224956201635,0.967
0.008708055615304364,0.968
0.008704437652375666,0.969
0.008701341689343433,0.97
0.00869873301555523,0.971
0.00869657132212711,0.972
0.008694811621085659,0.973
0.008693404703447621,0.974
0.008692296409930517,0.975
0.008691426876395496,0.976
0.008690731280078435,0.977
0.008690141879599792,0.978
0.008689589730830265,0.979
0.00868900481643159,0.98
0.008688314542751405,0.981
0.008687442124735762,0.982
0.008686307180550471,0.983
0.008684829237080988,0.984
0.008682932480659062,0.985
0.008680549650919196,0.986
0.008677623732748337,0.987
0.008674106623911756,0.988
0.008669954979761318,0.989
0.008665125964476581,0.99
0.00865957709882241,0.991
0.008653271033664782,0.992
0.008646181390522395,0.993
0.008638295750409676,0.994
0.008629614706957965,0.995
0.008620147712246942,0.996
0.00860990727044841,0.997
0.008598903836617692,0.998
0.008587143717649504,0.999
0.008574630056046133,1.0
0.008561364699455185,1.001
0.008547349231752667,1.002
0.008532585088374633,1.003
0.00851707328221799,1.004
0.008500814189471732,1.005
0.008483807680652376,1.006
0.008466053663441575,1.007
0.00844755286658345,1.008
0.00842830749418456,1.009
0.008408321284223683,1.01
0.008387598553145541,1.011
0.008366142122625361,1.012
0.008343951066599967,1.013
0.008321020339270816,1.014
0.00829734329821686,1.015
0.008272915634947165,1.016
0.00824773862666176,1.017
0.00822182076508805,1.018
0.008195177637478642,1.019
0.008167830299334797,1.02
0.008139802619685938,1.021
0.008111118142791989,1.022
0.008081797071787971,1.023
0.008051854212976122,1.024
0.008021298547920917,1.025
0.007990134135605552,1.026
0.007958361388211467,1.027
0.007925978148676788,1.028
0.007892980582270961,1.029
0.007859364054752424,1.03
0.007825124101440258,1.031
0.007790257465468835,1.032
0.007754763041362202,1.033
0.007718642465409909,1.034
0.007681900094137733,1.035
0.007644542202173151,1.036
0.007606575365050143,1.037
0.00756800420924199,1.038
0.007528829327200216,1.039
0.0074890467962249645,1.04
0.007448649976575648,1.041
0.007407632596336319,1.042
0.007365991730671823,1.043
0.007323729972875094,1.044
0.007280856561229663,1.045
0.0072373874601511625,1.046
0.007193344563926897,1.047
0.007148754189379538,1.048
0.007103644915792953,1.049
0.007058044867058944,1.05
0.007011979177229545,1.051
0.006965469141941138,1.052
0.006918533661087888,1.053
0.00687119166347093,1.054
0.006823463949006933,1.055
0.006775373966031828,1.056
0.006726947669092958,1.057
0.006678212727774516,1.058
0.006629197361842243,1.059
0.006579929017631914,1.06
0.0065304330521402856,1.061
0.006480731601113266,1.062
0.006430842862691943,1.063
0.006380781053513857,1.064
0.0063305571908474955,1.065
0.006280180583943876,1.066
0.00622966056357256,1.067
0.006179007709059789,1.068
0.006128233793152295,1.069
0.0060773503369215736,1.07
0.006026367358758904,1.071
0.0059752946452640435,1.072
0.005924145764838658,1.073
0.005872942574328661,1.074
0.005821717957645161,1.075
0.005770515861025292,1.076
0.005719388743756631,1.077
0.005668393294332627,1.078
0.005617586046843344,1.079
0.005567020918022385,1.08
0.005516749144905516,1.081
0.005466819855787322,1.082
0.005417279709835001,1.083
0.005368171878970423,1.084
0.005319535371853334,1.085
0.005271404939112896,1.086
0.005223811177443508,1.087
0.00517678104574948,1.088
0.005130339319891711,1.089
0.005084510676001815,1.09
0.005039321597417184,1.091
0.0049948015869751995,1.092
0.004950983474588723,1.093
0.004907902791947293,1.094
0.004865596345152445,1.095
0.004824100298675439,1.096
0.004783448434702014,1.097
0.004743671410091987,1.098
0.00470479708272245,1.099
0.004666851034279855,1.1
0.004629856596070386,1.101
0.004593834469946246,1.102
0.004558802374022938,1.103
0.004524775052960027,1.104
0.004491764757373151,1.105
0.004459782049347058,1.106
0.004428836647497934,1.107
0.004398938028819338,1.108
0.004370095620526215,1.109
0.004342318565650495,1.11
0.004315615157281253,1.111
0.004289992067482009,1.112
0.004265453508141826,1.113
0.004242000620090285,1.114
0.004219631552542016,1.115
0.004198342407708056,1.116
0.004178128675806247,1.117
0.0041589866075904085,1.118
0.004140914116404228,1.119
0.004123910954063277,1.12
0.004107978083994319,1.121
0.004093116402236244,1.122
0.0040793252119058895,1.123
0.004066601037222154,1.124
0.004054937091297644,1.125
0.004044323152740354,1.126
0.004034745596299197,1.127
0.004026187662981462,1.128
0.00401862987583058,1.129
0.0040120502055048645,1.13
0.0040064240600129,1.131
0.0040017249192867855,1.132
0.003997926120780565,1.133
0.003995003158255561,1.134
0.003992935361216735,1.135
0.003991706179663568,1.136
0.003991301847305789,1.137
0.003991709060676666,1.138
0.0039929132856650505,1.139
0.003994898731109166,1.14
0.003997649078330675,1.141
0.004001147462466905,1.142
0.004005375531599713,1.143
0.004010312721014135,1.144
0.0040159366036092445,1.145
0.00402222377266758,1.146
0.004029150203468775,1.147
0.00403669071907039,1.148
0.004044817964069391,1.149
0.004053501762546377,1.15
0.0040627093381992415,1.151
0.004072405875037004,1.152
0.004082554689371581,1.153
0.0040931168374393955,1.154
0.004104050452895614,1.155
0.004115310296719059,1.156
0.004126847664868086,1.157
0.004138610391615739,1.158
0.004150543049329344,1.159
0.0041625877725016405,1.16
0.004174685673462735,1.161
0.004186778448499425,1.162
0.004198809874597246,1.163
0.004210726995530094,1.164
0.004222480800047922,1.165
0.004234026203716052,1.166
0.004245321169674282,1.167
0.004256324966770277,1.168
0.00426699632306178,1.169
0.004277293130705985,1.17
0.004287174513917562,1.171
0.004296603991101966,1.172
0.004305551922440612,1.173
0.004313996352337247,1.174
0.004321922023735759,1.175
0.004329317738681558,1.176
0.004336173239803861,1.177
0.004342477886418174,1.178
0.004348222152083705,1.179
0.004353400131332193,1.18
0.004358010718413615,1.181
0.004362056659800144,1.182
0.004365542157658085,1.183
0.004368471048376076,1.184
0.004370847345780708,1.185
0.004372677524973239,1.186
0.004373972485618411,1.187
0.0043747480095561045,1.188
0.004375023720836986,1.189
0.004374821036611598,1.19
0.004374160838397873,1.191
0.004373061859915758,1.192
0.004371540488780843,1.193
0.004369611628919652,1.194
0.004367289653038626,1.195
0.00436458882912083,1.196
0.004361523120704556,1.197
0.00435810550178877,1.198
0.004354347047162764,1.199
0.00435025611001037,1.2
0.004345837855697002,1.201
0.004341094303610425,1.202
0.004336024881527217,1.203
0.004330627365910735,1.204
0.004324899004464031,1.205
0.004318837607642361,1.206
0.004312442429768194,1.207
0.004305714691359233,1.208
0.004298657597145749,1.209
0.004291275703710882,1.21
0.004283573603131657,1.211
0.004275554470863551,1.212
0.0042672197673544795,1.213
0.004258570818266502,1.214
0.0042496114203098125,1.215
0.0042403501597476955,1.216
0.004230801775210268,1.217
0.004220987358971002,1.218
0.004210933416871226,1.219
0.0042006700390025565,1.22
0.004190228605369557,1.221
0.0041796395611376075,1.222
0.004168930863200249,1.223
0.004158127474274414,1.224
0.004147251687607979,1.225
0.004136323733994912,1.226
0.004125362360699655,1.227
0.004114385341769168,1.228
0.004103409884186042,1.229
0.00409245283614783,1.23
0.0040815306076549115,1.231
0.004070658767170363,1.232
0.004059851360035538,1.233
0.004049120082633964,1.234
0.004038473515908073,1.235
0.004027916634276746,1.236
0.004017450740187612,1.237
0.004007073881566388,1.238
0.003996781720143534,1.239
0.003986568699091347,1.24
0.003976429239286455,1.241
0.003966358641509396,1.242
0.003956353400805839,1.243
0.00394641074087921,1.244
0.00393652746174104,1.245
0.003926698823035816,1.246
0.003916918535567083,1.247
0.003907180082750406,1.248
0.003897478421513018,1.249
0.0038878111044192013,1.25
0.0038781785774523138,1.251
0.0038685838398175598,1.252
0.0038590317473214254,1.253
0.0038495281774413395,1.254
0.0038400791412233604,1.255
0.003830689823102819,1.256
0.0038213635868572637,1.257
0.003812101276142568,1.258
0.0038029012608532383,1.259
0.0037937602405682448,1.26
0.003784674336952289,1.261
0.003775640052982925,1.262
0.0037666549309561827,1.263
0.003757717855711912,1.264
0.0037488290014633984,1.265
0.0037399894785638916,1.266
0.003731200773225419,1.267
0.003722464071385337,1.268
0.0037137795205928357,1.269
0.00370514544475819,1.27
0.0036965576661397268,1.271
0.003688009395991935,1.272
0.0036794920322423905,1.273
0.003670996598178232,1.274
0.0036625152809564875,1.275
0.0036540426762880405,1.276
0.003645576462850573,1.277
0.0036371173097666533,1.278
0.003628667955387198,1.279
0.0036202316342014563,1.28
0.003611810550795155,1.281
0.003603405467408196,1.282
0.0035950167179823085,1.283
0.0035866457537620487,1.284
0.0035782962332769116,1.285
0.0035699743314466206,1.286
0.003561688317510474,1.287
0.0035534475577336496,1.288
0.0035452611510162963,1.289
0.003537136613727062,1.29
0.0035290793678594613,1.291
0.003521093433642896,1.292
0.0035131827692179776,1.293
0.00350535242757537,1.294
0.0034976091218040795,1.295
0.0034899610822473072,1.296
0.0034824172265132624,1.297
0.0034749858812477452,1.298
0.00346767363622673,1.299
0.003460484973540496,1.3
0.003453422682002522,1.301
0.003446488439294469,1.302
0.0034396831086924056,1.303
0.003433006755872539,1.304
0.0034264585296794004,1.305
0.0034200364791172303,1.306
0.0034137372966737043,1.307
0.003407555937130732,1.308
0.003401485132776669,1.309
0.0033955150436995735,1.31
0.0033896333584469518,1.311
0.0033838258398589415,1.312
0.0033780769774640253,1.313
0.003372370451625117,1.314
0.0033666893176156286,1.315
0.003361015916285224,1.316
0.0033553315183897903,1.317
0.0033496157560627196,1.318
0.003343846181457547,1.319
0.003337998542067678,1.32
0.0033320479881116306,1.321
0.0033259707516044936,1.322
0.0033197456336156034,1.323
0.0033133548055857853,1.324
0.00330678358959699,1.325
0.0033000191367174104,1.326
0.003293048710359989,1.327
0.0032858591602036393,1.328
0.0032784383637658914,1.329
0.0032707773898146193,1.33
0.003262871629619069,1.331
0.003254720154494039,1.332
0.0032463237415655305,1.333
0.0032376831587601286,1.334
0.0032287991155707544,1.335
0.0032196733446685473,1.336
0.0032103091449826723,1.337
0.003200710650120176,1.338
0.0031908816910620917,1.339
0.003180825782981502,1.34
0.0031705476226982095,1.341
0.0031600548791200075,1.342
0.003149358989015432,1.343
0.0031384745707845082,1.344
0.003127417775949321,1.345
0.0031162046002486247,1.346
0.0031048504515248094,1.347
0.003093371172094428,1.348
0.0030817843669022947,1.349
0.0030701099888980447,1.35
0.003058369994526771,1.351
0.0030465873135150884,1.352
0.003034784494274576,1.353
0.0030229825167367263,1.354
0.0030112002353141023,1.355
0.0029994544313392524,1.356
0.002987759952231903,1.357
0.0029761295833549565,1.358
0.002964573855040266,1.359
0.002953101173416972,1.36
0.002941718333122964,1.361
0.002930431143205837,1.362
0.0029192449286682028,1.363
0.0029081648184790636,1.364
0.002897195768120816,1.365
0.0028863422574886446,1.366
0.00287560769099817,1.367
0.002864993815418447,1.368
0.0028545006726584206,1.369
0.002844127227359069,1.37
0.0028338722400052434,1.371
0.0028237349442454874,1.372
0.0028137154237273484,1.373
0.002803814768596098,1.374
0.002794035113701769,1.375
0.0027843796133971395,1.376
0.002774852332660148,1.377
0.00276545798790343,1.378
0.0027562014786251744,1.379
0.002747087200473783,1.38
0.002738118260199624,1.381
0.002729295916561276,1.382
0.0027206195297344573,1.383
0.0027120868954752346,1.384
0.0027036945896560414,1.385
0.0026954381183508782,1.386
0.0026873119114019105,1.387
0.0026793093041719575,1.388
0.0026714226771177743,1.389
0.002663643884714273,1.39
0.0026559649963159653,1.391
0.00264837922312026,1.392
0.002640881779352036,1.393
0.002633470383865564,1.394
0.002626145176374293,1.395
0.0026189079741868247,1.396
0.0026117610322846842,1.397
0.002604705859443061,1.398
0.0025977428431312173,1.399
0.0025908718610631663,1.4
0.0025840932639150035,1.401
0.0025774086067578915,1.402
0.0025708209339672453,1.403
0.0025643346004098327,1.404
0.002557954638707679,1.405
0.002551685800371261,1.406
0.0025455316715301546,1.407
0.0025394943643851247,1.408
0.0025335747906642036,1.409
0.002527772950807254,1.41
0.002522087795476791,1.411
0.0025165168275029268,1.412
0.0025110560316701173,1.413
0.002505700449344097,1.414
0.00250044506979871,1.415
0.002495285549302341,1.416
0.0024902185507141225,1.417
0.0024852416868734566,1.418
0.0024803531173018404,1.419
0.002475550892178488,1.42
0.0024708321752982642,1.421
0.002466192573299634,1.422
0.002461625873743657,1.423
0.0024571242868566484,1.424
0.0024526789592108178,1.425
0.0024482805227858534,1.426
0.0024439196281106786,1.427
0.0024395874633676234,1.428
0.00243527621965507,1.429
0.0024309794235490615,1.43
0.002426692039741908,1.431
0.002422410261745767,1.432
0.0024181309633590406,1.433
0.002413850873840512,1.434
0.002409565675935744,1.435
0.0024052693227169302,1.436
0.0024009537342525446,1.437
0.0023966088393994607,1.438
0.0023922229487362886,1.439
0.0023877833973796956,1.44
0.002383277135066348,1.441
0.0023786908238436267,1.442
0.0023740104287393233,1.443
0.0023692211564318305,1.444
0.00236430863928074,1.445
0.0023592610713367114,1.446
0.00235407124096538,1.447
0.0023487376786452832,1.448
0.002343264584713383,1.449
0.0023376605567289647,1.45
0.002331936520769892,1.451
0.0023261037279536283,1.452
0.0023201728241308652,1.453
0.0023141541673349893,1.454
0.0023080585357649923,1.455
0.002301897490292369,1.456
0.0022956833637253664,1.457
0.0022894291025021595,1.458
0.002283148101606661,1.459
0.0022768540492256366,1.46
0.002270560697324838,1.461
0.0022642814466152157,1.462
0.002258028765502036,1.463
0.0022518137373193203,1.464
0.0022456460340482057,1.465
0.002239534156854169,1.466
0.0022334854927984703,1.467
0.00222750611711239,1.468
0.0022216008353606537,1.469
0.002215773833294931,1.47
0.002210029628529451,1.471
0.002204373760787006,1.472
0.0021988129127054937,1.473
0.0021933544145698275,1.474
0.002188005357592718,1.475
0.0021827718878299008,1.476
0.0021776592028192555,1.477
0.0021726721482855944,1.478
0.002167815869521749,1.479
0.0021630961191671533,1.48
0.0021585190976552847,1.481
0.002154090856912643,1.482
0.002149816542733128,1.483
0.0021456999957474242,1.484
0.0021417439229873643,1.485
0.0021379502107483155,1.486
0.002134319890922969,1.487
0.0021308528284328305,1.488
0.00212754767466628,1.489
0.002124402442021699,1.49
0.0021214154058745546,1.491
0.002118585809695006,1.492
0.0021159140928188516,1.493
0.002113401563709059,1.494
0.0021110496248903394,1.495
0.0021088590085210977,1.496
0.0021068296539866836,1.497
0.0021049613488655474,1.498
0.0021032545750721255,1.499
0.002101710977559326,1.5
0.002100333232206702,1.501
0.0020991243559822835,1.502
0.00209808686416957,1.503
0.0020972224997321785,1.504
0.0020965328182687808,1.505
0.0020960200515530783,1.506
0.0020956875438105506,1.507
0.0020955395261834015,1.508
0.002095580368428754,1.509
0.002095813784768172,1.51
0.0020962426517253537,1.511
0.0020968696267765112,1.512
0.002097698071220872,1.513
0.0020987327250390543,1.514
0.0020999799280522514,1.515
0.002101447381223799,1.516
0.002103143518926778,1.517
0.0021050766410475688,1.518
0.0021072541104090394,1.519
0.0021096820385405747,1.52
0.0021123655689129174,1.521
0.0021153093478382557,1.522
0.002118517725377478,1.523
0.0021219945376670757,1.524
0.00212574260919572,1.525
0.0021297633419820185,1.526
0.0021340566333509035,1.527
0.0021386209254451146,1.528
0.002143453209961489,1.529
0.0021485492729470886,1.53
0.0021539044396047128,1.531
0.0021595145717998128,1.532
0.002165376870018088,1.533
0.0021714901962029583,1.534
0.002177854791548739,1.535
0.002184471438159604,1.536
0.0021913405322975853,1.537
0.0021984618767141636,1.538
0.0022058354814438815,1.539
0.002213462730813936,1.54
0.0022213471509615773,1.541
0.002229494501900195,1.542
0.002237912240694747,1.543
0.002246608534583664,1.544
0.0022555911394452053,1.545
0.002264866598958433,1.546
0.002274440076219405,1.547
0.0022843156515147383,1.548
0.0022944966681154567,1.549
0.0023049858913588937,1.55
0.0023157854615350557,1.551
0.0023268966902487837,1.552
0.0023383197803722743,1.553
0.002350053570045206,1.554
0.0023620953792752378,1.555
0.0023744409732876976,1.556
0.002387084583647767,1.557
0.0024000188822491998,1.558
0.0024132348425504467,1.559
0.002426721607884044,1.56
0.002440466636841983,1.561
0.0024544562117743613,1.562
0.0024686760559215542,1.563
0.0024831117125307636,1.564
0.0024977484707534563,1.565
0.0025125708605314365,1.566
0.0025275621239658256,1.567
0.0025427042259687275,1.568
0.002557978471369939,1.569
0.0025733662148356914,1.57
0.002588849174891258,1.571
0.0026044091954628484,1.572
0.002620027562800772,1.573
0.002635684314577188,1.574
0.0026513581458741313,1.575
0.002667027039913459,1.576
0.0026826690973189293,1.577
0.0026982630056899028,1.578
0.002713787946411992,1.579
0.002729222973829622,1.58
0.002744546110829896,1.581
0.0027597336322261936,1.582
0.002774759841714426,1.583
0.0027895970970891236,1.584
0.0028042156992192217,1.585
0.002818583689761463,1.586
0.0028326667587410645,1.587
0.0028464282465588114,1.588
0.0028598293661595275,1.589
0.0028728299916476845,1.59
0.002885390007750395,1.591
0.0028974707724985153,1.592
0.0029090361816554765,1.593
0.0029200529328334197,1.594
0.002930489756271598,1.595
0.0029403159356305593,1.596
0.002949500401802301,1.597
0.0029580126098946147,1.598
0.002965824817410092,1.599
0.0029729143504986237,1.6
0.0029792648355660063,1.601
0.002984865992960024,1.602
0.0029897119452242235,1.603
0.0029937987080353246,1.604
0.0029971226447134147,1.605
0.002999681265790835,1.606
0.003001475545581545,1.607
0.003002511887472437,1.608
0.003002802771942431,1.609
0.0030023660725321216,1.61
0.003001223402265449,1.611
0.002999397961999624,1.612
0.0029969125365762886,1.613
0.0029937885613766616,1.614
0.0029900466684541767,1.615
0.002985707990596645,1.616
0.0029807952901001774,1.617
0.0029753335690738104,1.618
0.0029693501441205757,1.619
0.0029628742394934614,1.62
0.002955936220600563,1.621
0.0029485666419029576,1.622
0.0029407953014809617,1.623
0.0029326504633140956,1.624
0.002924158332434606,1.625
0.0029153427707950793,1.626
0.0029062251523280635,1.627
0.0028968242739325105,1.628
0.0028871564189706803,1.629
0.002877235747129245,1.63
0.0028670749964961493,1.631
0.002856686320232929,1.632
0.002846082086954442,1.633
0.0028352755123114835,1.634
0.0028242810212180895,1.635
0.0028131142875053084,1.636
0.0028017919496764695,1.637
0.0027903310493110176,1.638
0.0027787482764038847,1.639
0.0027670591440920704,1.64
0.0027552773096475146,1.641
0.002743414326251325,1.642
0.002731479904115288,1.643
0.0027194824470309215,1.644
0.002707429619273972,1.645
0.002695328850860651,1.646
0.00268318772039712,1.647
0.002671014129073156,1.648
0.0026588161949552486,1.649
0.0026466018483626815,1.65
0.0026343781738749814,1.651
0.0026221506959516905,1.652
0.0026099229992670283,1.653
0.00259769687530523,1.654
0.0025854726695464843,1.655
0.002573249392910454,1.656
0.0025610245131958104,1.657
0.0025487937297616614,1.658
0.0025365511485265385,1.659
0.0025242899441016513,1.66
0.0025120032142905407,1.661
0.002499684719956039,1.662
0.002487329352890858,1.663
0.0024749332444907483,1.664
0.0024624934622426192,1.665
0.0024500072832573366,1.666
0.0024374712747358912,1.667
0.002424880878724819,1.668
0.002412231078499726,1.669
0.002399517858154423,1.67
0.002386739747004344,1.671
0.002373899010432667,1.672
0.0023610022763111867,1.673
0.0023480604537736796,1.674
0.002335087889955275,1.675
0.002322100847434949,1.676
0.002309115786164871,1.677
0.0022961484453575196,1.678
0.002283214223478374,1.679
0.0022703291015746378,1.68
0.0022575101720320543,1.681
0.002244775592380703,1.682
0.0022321442044203723,1.683
0.0022196350886371854,1.684
0.0022072672474129206,1.685
0.0021950594645931843,1.686
0.002183030235235747,1.687
0.002171197568574934,1.688
0.002159578590771696,1.689
0.0021481892596160444,1.69
0.0021370446376080135,1.691
0.002126159684935198,1.692
0.0021155500698396158,1.693
0.0021052325775648127,1.694
0.002095224991276268,1.695
0.0020855455041323863,1.696
0.002076211883126358,1.697
0.0020672407921512176,1.698
0.0020586476075149756,1.699
0.0020504466069870032,1.7
0.002042651121926279,1.701
0.002035273431039979,1.702
0.002028324464593386,1.703
0.0020218134925954496,1.704
0.0020157479397012626,1.705
0.0020101333958391777,1.706
0.0020049738425602912,1.707
0.0020002720793292424,1.708
0.0019960302766818885,1.709
0.0019922505386102346,1.71
0.0019889353513372686,1.711
0.0019860878199952983,1.712
0.001983711639491602,1.713
0.0019818107969189255,1.714
0.0019803890472716687,1.715
0.001979449295051877,1.716
0.0019789931612489453,1.717
0.001979020960900292,1.718
0.0019795319779738335,1.719
0.001980524727428593,1.72
0.0019819970246485368,1.721
0.0019839458507693946,1.722
0.0019863670634213447,1.723
0.0019892550706973734,1.724
0.0019926026745754532,1.725
0.0019964011805059744,1.726
0.002000640606184357,1.727
0.0020053097586864507,1.728
0.0020103961216526756,1.729
0.0020158857294098895,1.73
0.00202176330917583,1.731
0.002028012747227571,1.732
0.0020346176150243633,1.733
0.002041561449470202,1.734
0.002048827644868952,1.735
0.00205639899098803,1.736
0.0020642570892857983,1.737
0.0020723819818793225,1.738
0.0020807520698087386,1.739
0.0020893441422006284,1.74
0.0020981336033556227,1.741
0.0021070951681665716,1.742
0.002116203922550721,1.743
0.0021254363366065092,1.744
0.002134770858348913,1.745
0.0021441878383725767,1.746
0.0021536687218005465,1.747
0.0021631949534270775,1.748
0.002172747626653733,1.749
0.0021823084686511296,1.75
0.0021918615454973246,1.751
0.0022013947465484357,1.752
0.0022109006158338856,1.753
0.002220376405254048,1.754
0.002229823312176063,1.755
0.0022392449695346913,1.756
0.0022486456596119654,1.757
0.0022580293635278445,1.758
0.00226740036486375,1.759
0.0022767647113900082,1.76
0.002286131388813119,1.761
0.002295512728855488,1.762
0.0023049240583054545,1.763
0.002314382735332663,1.764
0.00232390681189534,1.765
0.0023335137682063355,1.766
0.00234321995804451,1.767
0.00235304098070136,1.768
0.002362992436987606,1.769
0.002373090449560789,1.77
0.002383351762926848,1.771
0.0023937934899657376,1.772
0.002404432646687122,1.773
0.002415285641385621,1.774
0.0024263678354254155,1.775
0.0024376931954942314,1.776
0.0024492739897727014,1.777
0.0024611205471699055,1.778
0.002473241225123006,1.779
0.0024856426429264865,1.78
0.0024983299882384356,1.781
0.002511307147745622,1.782
0.0025245765524979915,1.783
0.0025381388398336008,1.784
0.002551992649010051,1.785
0.0025661347225876224,1.786
0.0025805600359462785,1.787
0.002595261714000556,1.788
0.0026102310727776747,1.789
0.0026254582214263263,1.79
0.0026409330550919556,1.791
0.002656646101399627,1.792
0.0026725888465753494,1.793
0.00268875341238491,1.794
0.002705131700644656,1.795
0.0027217145089661176,1.796
0.0027384913059801588,1.797
0.002755450802800922,1.798
0.0027725817065037163,1.799
0.0027898730220297326,1.8
0.0028073137030826915,1.801
0.002824891849739317,1.802
0.0028425940459119556,1.803
0.002860405371932562,1.804
0.0028783099111509202,1.805
0.0028962911153111465,1.806
0.002914331654939183,1.807
0.002932412854561214,1.808
0.002950514192614578,1.809
0.0029686133552264864,1.81
0.0029866868159822276,1.811
0.003004710492648849,1.812
0.0030226601484190565,1.813
0.003040511488134753,1.814
0.0030582400353832083,1.815
0.0030758208986214042,1.816
0.0030932284850373583,1.817
0.0031104361245396007,1.818
0.0031274155659594366,1.819
0.003144136586448737,1.82
0.003160567211897709,1.821
0.0031766747093999754,1.822
0.0031924269000950327,1.823
0.003207793191470506,1.824
0.0032227449447650835,1.825
0.0032372550024969593,1.826
0.0032512964885588616,1.827
0.0032648415441735258,1.828
0.0032778609894637207,1.829
0.0032903251820076023,1.83
0.00330220528328343,1.831
0.003313474108429109,1.832
0.003324106343743334,1.833
0.0033340782532456344,1.834
0.003343367076726199,1.835
0.0033519503133584276,1.836
0.0033598049841555362,1.837
0.0033669068493563433,1.838
0.0033732297197161345,1.839
0.0033787454487775263,1.84
0.0033834250947188797,1.841
0.0033872409692167664,1.842
0.003390168907302574,1.843
0.003392190254165352,1.844
0.0033932931841122,1.845
0.0033934730271405916,1.846
0.003392731422926577,1.847
0.0033910743245399847,1.848
0.0033885093868364835,1.849
0.003385044138515957,1.85
0.003380686200294807,1.851
0.0033754451326663496,1.852
0.003369334395017007,1.853
0.0033623724295168697,1.854
0.0033545827005904572,1.855
0.0033459928805648484,1.856
0.003336633530701787,1.857
0.0033265366911229,1.858
0.003315734726368987,1.859
0.0033042595973105907,1.86
0.0032921425280272834,1.861
0.003279413899378504,1.862
0.003266103168917371,1.863
0.0032522386685482426,1.864
0.003237847218753555,1.865
0.003222953613301566,1.866
0.003207580201960962,1.867
0.0031917468846255487,1.868
0.003175471615079486,1.869
0.0031587712200222113,1.87
0.003141662306274697,1.871
0.003124162121206175,1.872
0.0031062892477713745,1.873
0.0030880640130446,1.874
0.003069508528843252,1.875
0.003050646357009807,1.876
0.0030315018765703088,1.877
0.0030120994886837457,1.878
0.002992462804267392,1.879
0.002972613927435004,1.88
0.0029525729011186073,1.881
0.002932357333317688,1.882
0.0029119821837678733,1.883
0.0028914596934492007,1.884
0.002870799483621721,1.885
0.0028500088665734382,1.886
0.0028290933687911417,1.887
0.002808057420622679,1.888
0.002786905137581809,1.889
0.00276564109777869,1.89
0.002744271012484855,1.891
0.0027228021925389746,1.892
0.002701243724683454,1.893
0.002679606291614274,1.894
0.002657901606255889,1.895
0.0026361414824732673,1.896
0.002614336798440865,1.897
0.0025924970098973625,1.898
0.0025706306763641886,1.899
0.002548746641040511,1.9
0.0025268552076810197,1.901
0.0025049689771097765,1.902
0.0024831032007682423,1.903
0.002461275544890303,1.904
0.0024395052412869967,1.905
0.002417811837630557,1.906
0.0023962141779075513,1.907
0.0023747302922588836,1.908
0.002353378153259432,1.909
0.002332176608356802,1.91
0.00231114594638193,1.911
0.0022903079576573624,1.912
0.002269685508175866,1.913
0.0022493017013598725,1.914
0.0022291789079829875,1.915
0.0022093382503661496,1.916
0.002189799876031062,1.917
0.0021705836194647627,1.918
0.0021517094707634125,1.919
0.0021331976569952836,1.92
0.0021150683986323974,1.921
0.0020973414736814994,1.922
0.002080035744046311,1.923
0.002063168768675816,1.924
0.00204675656236997,1.925
0.0020308134880936703,1.926
0.002015352220205837,1.927
0.0020003837067659952,1.928
0.001985917122010694,1.929
0.001971959897740415,1.93
0.001958517908122025,1.931
0.0019455957626265373,1.932
0.0019331971207895789,1.933
0.0019213249925501311,1.934
0.0019099820155302962,1.935
0.0018991706874124912,1.936
0.001888893504551444,1.937
0.0018791529412297658,1.938
0.001869951219361295,1.939
0.001861289888395465,1.94
0.001853169402927448,1.941
0.001845589014203754,1.942
0.0018385470839498124,1.943
0.0018320415705045951,1.944
0.0018260703988804766,1.945
0.0018206316063341932,1.946
0.0018157232456492746,1.947
0.0018113430530542086,1.948
0.001807487973051318,1.949
0.0018041537887071657,1.95
0.0018013350970329418,1.951
0.0017990255805438583,1.952
0.0017972183265716635,1.953
0.0017959060483100746,1.954
0.0017950812095380885,1.955
0.0017947360852259093,1.956
0.0017948627711351494,1.957
0.0017954531386874578,1.958
0.001796498719367523,1.959
0.0017979904946150169,1.96
0.0017999185841992317,1.961
0.001802271950687136,1.962
0.0018050384042968945,1.963
0.0018082050813030234,1.964
0.0018117592232010996,1.965
0.0018156889397210744,1.966
0.001819983722145564,1.967
0.0018246345592460244,1.968
0.0018296335945510809,1.969
0.001834973377349114,1.97
0.001840645973059832,1.971
0.0018466424386167908,1.972
0.001852952909110629,1.973
0.0018595669064933734,1.974
0.0018664733751999844,1.975
0.0018736603816837225,1.976
0.001881114757992132,1.977
0.001888821965076983,1.978
0.0018967661324476074,1.979
0.0019049300407452928,1.98
0.0019132950667637943,1.981
0.0019218413271982933,1.982
0.001930548038512868,1.983
0.0019393938383935085,1.984
0.0019483568459901517,1.985
0.001957414411211792,1.986
0.0019665427110501805,1.987
0.0019757165482172045,1.988
0.001984909535351999,1.989
0.0019940943846382566,1.99
0.002003242922134002,1.991
0.0020123258686838372,1.992
0.0020213128994887833,1.993
0.0020301733652276378,1.994
0.0020388774137761454,1.995
0.0020473969561723994,1.996
0.002055706100216792,1.997
0.0020637808677109832,1.998
0.0020715982548009785,1.999
0.0020791352288562037,2.0
0.002086368604588486,2.001
0.0020932760806494036,2.002
0.0020998377003776164,2.003
0.0021060369307898067,2.004
0.0021118610936417454,2.005
0.002117301183391434,2.006
0.0021223511858343594,2.007
0.002127007037767531,2.008
0.002131265369546653,2.009
0.0021351223445792208,2.01
0.002138573203479909,2.011
0.002141612837193621,2.012
0.0021442369465994046,2.013
0.0021464431615815177,2.014
0.0021482318526351843,2.015
0.0021496065736632377,2.016
0.00215057411489563,2.017
0.0021511441732173678,2.018
0.0021513286650983185,2.019
0.0021511407298907648,2.02
0.0021505935827005316,2.021
0.0021496996338526853,2.022
0.0021484703348196767,2.023
0.0021469167144973784,2.024
0.002145050104865976,2.025
0.0021428826704416926,2.026
0.0021404276652175346,2.027
0.0021376994531508214,2.028
0.002134713337717586,2.029
0.0021314852564917005,2.03
0.0021280314120557544,2.031
0.002124367924430691,2.032
0.0021205105831228425,2.033
0.0021164747291143433,2.034
0.0021122752141387404,2.035
0.0021079263086656325,2.036
0.0021034414285826066,2.037
0.0020988327553647544,2.038
0.0020941111432189563,2.039
0.0020892866065375525,2.04
0.0020843691821223823,2.041
0.0020793697791864087,2.042
0.0020743008037243725,2.043
0.002069176452186978,2.044
0.002064012606380867,2.045
0.002058826320728786,2.046
0.0020536349641026544,2.047
0.002048455299873588,2.048
0.0020433030962163094,2.049
0.002038193598756122,2.05
0.002033142460334515,2.051
0.002028166527989618,2.052
0.0020232842162250823,2.053
0.002018515391735027,2.054
0.0020138807590592395,2.055
0.002009400944713111,2.056
0.002005095839323619,2.057
0.002000984705774259,2.058
0.0019970868758784938,2.059
0.001993422406451134,2.06
0.0019900122781586946,2.061
0.001986878061480476,2.062
0.0019840411963329705,2.063
0.0019815222835702744,2.064
0.0019793408492095196,2.065
0.0019775156046697613,2.066
0.0019760647536741075,2.067
0.001975005974194478,2.068
0.0019743560798054886,2.069
0.001974130653871698,2.07
0.0019743439958240976,2.071
0.001975009410187533,2.072
0.0019761395440711584,2.073
0.0019777465195870993,2.074
0.001979841811576077,2.075
0.0019824359245964734,2.076
0.0019855380187388705,2.077
0.0019891557533959475,2.078
0.001993295500547025,2.079
0.0019979627735963964,2.08
0.002003162638060443,2.081
0.002008899994737006,2.082
0.0020151796871003733,2.083
0.002022006397578428,2.084
0.0020293843354599844,2.085
0.0020373167755067755,2.086
0.0020458055985541853,2.087
0.0020548510507039635,2.088
0.002064451785047493,2.089
0.0020746050012355336,2.09
0.002085306495628965,2.091
0.0020965505840583216,2.092
0.0021083299447894137,2.093
0.0021206355090454855,2.094
0.0021334565417981907,2.095
0.00214678090027575,2.096
0.0021605953079974387,2.097
0.002174885488457894,2.098
0.0021896360731994205,2.099
0.0022048303259522544,2.1
0.0022204499480169984,2.101
0.0022364752508423945,2.102
0.0022528856383034076,2.103
0.0022696600737578893,2.104
0.0022867772798856106,2.105
0.0023042156007853864,2.106
0.0023219525936062,2.107
0.0023399645147820264,2.108
0.002358225895804564,2.109
0.0023767093457281066,2.11
0.0023953856055878523,2.111
0.0024142237719750026,2.112
0.0024331915426436443,2.113
0.0024522553237493533,2.114
0.0024713800969137154,2.115
0.0024905291706739706,2.116
0.0025096642104508573,2.117
0.002528745784141423,2.118
0.0025477341578401206,2.119
0.00256658987767598,2.12
0.0025852738213148654,2.121
0.002603746666841606,2.122
0.002621968269155474,2.123
0.002639897835640719,2.124
0.0026574952075112414,2.125
0.0026747225667031454,2.126
0.0026915457204148485,2.127
0.002707934529493852,2.128
0.002723862334160407,2.129
0.002739304466657566,2.13
0.00275423656454184,2.131
0.0027686340559755066,2.132
0.0027824734805483543,2.133
0.002795734705758946,2.134
0.0028084027705679512,2.135
0.00282046886392015,2.136
0.002831930424363174,2.137
0.0028427904674634893,2.138
0.00285305629767228,2.139
0.0028627377705539377,2.14
0.0028718453905364092,2.141
0.0028803888712826504,2.142
0.0028883768334925556,2.143
0.002895817572221983,2.144
0.0029027201229064924,2.145
0.002909095027544043,2.146
0.002914954676815642,2.147
0.0029203132786119407,2.148
0.0029251865173428836,2.149
0.002929590981333852,2.15
0.0029335434519699726,2.151
0.0029370601588484396,2.152
0.002940156097498105,2.153
0.0029428444820525563,2.154
0.0029451363776396983,2.155
0.0029470405301422918,2.156
0.0029485633773675022,2.157
0.002949709185241247,2.158
0.002950480216638671,2.159
0.0029508768198689044,2.16
0.0029508973319800785,2.161
0.002950537849082168,2.162
0.0029497922093101193,2.163
0.0029486524829854,2.164
0.002947109795477971,2.165
0.0029451550774415186,2.166
0.002942779470449976,2.167
0.0029399742433599994,2.168
0.002936730189515234,2.169
0.002933036855673825,2.17
0.0029288824159461957,2.171
0.002924254662907624,2.172
0.002919142613249112,2.173
0.002913537902904813,2.174
0.002907435485044795,2.175
0.002900833395914365,2.176
0.002893731524816932,2.177
0.0028861299373784182,2.178
0.0028780281852194994,2.179
0.0028694265300204915,2.18
0.0028603282300149924,2.181
0.0028507414883046853,2.182
0.0028406804427203334,2.183
0.0028301651134858496,2.184
0.002819220420560343,2.185
0.002807874544732046,2.186
0.002796156981660124,2.187
0.002784096756069796,2.188
0.0027717214467864577,2.189
0.0027590573501327046,2.19
0.002746130344347564,2.191
0.0027329668209549476,2.192
0.0027195944126013217,2.193
0.002706042445766429,2.194
0.002692342054759968,2.195
0.002678525924612072,2.196
0.002664627699652764,2.197
0.002650681171478262,2.198
0.0026367194133439893,2.199
0.002622774037551314,2.2
0.0026088747133156576,2.201
0.0025950490031891233,2.202
0.002581322476282678,2.203
0.002567718967398364,2.204
0.0025542608053701283,2.205
0.0025409688497488236,2.206
0.002527862300758739,2.207
0.0025149584984158896,2.208
0.0025022730285571195,2.209
0.0024898201682646624,2.21
0.0024776133880100603,2.211
0.0024656656561428537,2.212
0.002453989474154524,2.213
0.002442596675472546,2.214
0.002431498063322463,2.215
0.002420702979180883,2.216
0.002410218909212652,2.217
0.002400051260844969,2.218
0.002390203368935552,2.219
0.0023806766243230832,2.22
0.002371470557339994,2.221
0.0023625827976803977,2.222
0.002354008973943857,2.223
0.0023457427221612553,2.224
0.0023377758934080496,2.225
0.002330098859431672,2.226
0.002322700773706185,2.227
0.0023155697293255526,2.228
0.002308692799154463,2.229
0.00230205594245399,2.23
0.00229564376398613,2.231
0.002289439217445304,2.232
0.002283423547321625,2.233
0.002277576707909863,2.234
0.002271878156488856,2.235
0.002266307772298282,2.236
0.0022608467383459364,2.237
0.002255478242070845,2.238
0.0022501878083629003,2.239
0.002244963075590031,2.24
0.0022397929111878036,2.241
0.002234666230562765,2.242
0.002229571579891905,2.243
0.0022244981671049324,2.244
0.0022194376544942213,2.245
0.0022143855900784324,2.246
0.0022093419737754883,2.247
0.002204310935603112,2.248
0.0021992997057782198,2.249
0.002194317168396132,2.25
0.0021893723722156426,2.251
0.0021844734968890843,2.252
0.0021796276382313687,2.253
0.0021748412287150146,2.254
0.00217012056538001,2.255
0.0021654721312917135,2.256
0.0021609027115699246,2.257
0.002156419413915161,2.258
0.0021520297018378636,2.259
0.0021477415079878865,2.26
0.0021435634250050583,2.261
0.002139504896048013,2.262
0.002135576278560178,2.263
0.002131788660368715,2.264
0.002128153370198453,2.265
0.0021246812621991597,2.266
0.002121382081490355,2.267
0.002118264288290694,2.268
0.0021153353549351905,2.269
0.0021126021429108523,2.27
0.0021100710219050457,2.271
0.0021077476788507973,2.272
0.002105636731544812,2.273
0.002103741329258947,2.274
0.0021020629429986336,2.275
0.0021006015057776226,2.276
0.002099355962671585,2.277
0.0020983251551837077,2.278
0.0020975088329025066,2.279
0.002096908500046344,2.28
0.002096527800053445,2.281
0.002096372231444993,2.282
0.002096448218879396,2.283
0.002096762051747306,2.284
0.002097319557196302,2.285
0.0020981267789705453,2.286
0.0020991909340795896,2.287
0.002100520848900379,2.288
0.0021021266662208716,2.289
0.0021040189770657734,2.29
0.0021062077703394772,2.291
0.002108701804061611,2.292
0.002111508624602513,2.293
0.0021146347310460802,2.294
0.0021180854465602766,2.295
0.002121864800188815,2.296
0.0021259758778554307,2.297
0.002130421507785784,2.298
0.00213520477727407,2.299
0.0021403290658774327,2.3
0.002145797571748211,2.301
0.002151612587855912,2.302
0.0021577750433975176,2.303
0.0021642845958114456,2.304
0.00217113996147267,2.305
0.0021783390415450817,2.306
0.0021858787145129744,2.307
0.0021937544585463094,2.308
0.0022019601793511093,2.309
0.002210488472930177,2.31
0.0022193310787060683,2.311
0.0022284791246371407,2.312
0.0022379229765097787,2.313
0.0022476518170457824,2.314
0.0022576534631321464,2.315
0.002267914851849152,2.316
0.0022784229910582333,2.317
0.002289165870620637,2.318
0.0023001330419740946,2.319
0.00231131576237995,2.32
0.002322706672939378,2.321
0.002334299042334964,2.322
0.002346085780459324,2.323
0.002358058751407325,2.324
0.002370208889988376,2.325
0.002382527006027376,2.326
0.002395004722029682,2.327
0.002407635153424664,2.328
0.002420413207645015,2.329
0.0024333354678455856,2.33
0.0024463996613040503,2.331
0.002459603758759635,2.332
0.002472944952975976,2.333
0.002486419106322423,2.334
0.0025000210778295374,2.335
0.002513745601496372,2.336
0.00252758810866303,2.337
0.0025415451971178,2.338
0.0025556146892136786,2.339
0.0025697952969504266,2.34
0.0025840859709372267,2.341
0.002598485057268201,2.342
0.002612989471349514,2.343
0.0026275942032345455,2.344
0.0026422923191938568,2.345
0.0026570752571289605,2.346
0.0026719331177745584,2.347
0.0026868548495872324,2.348
0.0027018283611760126,2.349
0.00271684061553659,2.35
0.002731877745176499,2.351
0.002746925198252856,2.352
0.0027619679001796233,2.353
0.0027769903993517045,2.354
0.0027919769531464926,2.355
0.0028069115037958406,2.356
0.0028217775092942527,2.357
0.002836557636540982,2.358
0.002851233370711679,2.359
0.00286578461699355,2.36
0.00288018935415776,2.361
0.002894423351019799,2.362
0.002908459942933637,2.363
0.0029222699536576944,2.364
0.0029358219098781896,2.365
0.0029490825909044434,2.366
0.002962017825610895,2.367
0.0029745934239821126,2.368
0.0029867761421122265,2.369
0.0029985345865183323,2.37
0.0030098399851161044,2.371
0.003020666770153197,2.372
0.003030992906968146,2.373
0.0030407998740644695,2.374
0.0030500721932873527,2.375
0.003058796448531607,2.376
0.003066959854853651,2.377
0.003074548843696177,2.378
0.0030815485758714334,2.379
0.003087943815842947,2.38
0.003093720522586261,2.381
0.0030988673255744727,2.382
0.0031033765966695815,2.383
0.003107245114874299,2.384
0.0031104743568961413,2.385
0.003113070459803846,2.386
0.0031150438975113322,2.387
0.0031164088965518894,2.388
0.003117182598852939,2.389
0.0031173839739042464,2.39
0.003117032499027643,2.391
0.003116146808586142,2.392
0.0031147438839103903,2.393
0.0031128392763698463,2.394
0.0031104481255927806,2.395
0.0031075863205070097,2.396
0.0031042714024616187,2.397
0.0031005230983011016,2.398
0.003096363462721173,2.399
0.0030918166559220387,2.4
0.0030869084347202196,2.401
0.003081665476350018,2.402
0.0030761146646185286,2.403
0.0030702824405519653,2.404
0.003064194268848981,2.405
0.0030578742257801016,2.406
0.0030513446923154343,2.407
0.0030446261326327892,2.408
0.0030377369340505813,2.409
0.003030693269165938,2.41
0.0030235089299910606,2.411
0.0030161951668961923,2.412
0.00300876073928762,2.413
0.0030012123633041373,2.414
0.002993555469954128,2.415
0.002985795030873679,2.416
0.0029779362525210727,2.417
0.0029699849974709736,2.418
0.0029619478392727623,2.419
0.002953831721766128,2.42
0.002945643261644105,2.421
0.0029373878691288436,2.422
0.0029290690866099678,2.423
0.0029206885127099104,2.424
0.002912246206145018,2.425
0.002903741117177439,2.426
0.0028951712384748334,2.427
0.0028865334274427524,2.428
0.002877822975162958,2.429
0.0028690331383541302,2.43
0.0028601549947911723,2.431
0.0028511777936109533,2.432
0.0028420895570242543,2.433
0.002832877564681943,2.434
0.0028235284804523876,2.435
0.0028140280330926077,2.436
0.0028043605471744825,2.437
0.0027945090394493307,2.438
0.0027844562429421684,2.439
0.002774186058196915,2.44
0.0027636846882502374,2.441
0.0027529410628119116,2.442
0.0027419464431953904,2.443
0.0027306932600742913,2.444
0.002719173644494379,2.445
0.002707378720357119,2.446
0.002695299353245957,2.447
0.0026829277491379577,2.448
0.0026702589137247617,2.449
0.002657291572192937,2.45
0.002644028503800811,2.451
0.0026304763072971383,2.452
0.0026166446595505674,2.453
0.002602545163699617,2.454
0.002588189937296299,2.455
0.002573590323300221,2.456
0.0025587563579120174,2.457
0.002543697223617853,2.458
0.0025284221343959664,2.459
0.002512941028306038,2.46
0.0024972649013879846,2.461
0.0024814058615432078,2.462
0.002465377031844818,2.463
0.0024491924447948396,2.464
0.0024328670206551456,2.465
0.0024164166266323495,2.466
0.002399858121050182,2.467
0.0023832092485755675,2.468
0.0023664882822874564,2.469
0.0023497133866523783,2.47
0.002332901837573814,2.471
0.0023160694549735268,2.472
0.0022992305400212757,2.473
0.0022823981801954516,2.474
0.002265584556863751,2.475
0.0022488010921207524,2.476
0.0022320585059121766,2.477
0.002215366909433594,2.478
0.0021987360178152672,2.479
0.002182175489219908,2.48
0.002165695320787255,2.481
0.002149306180731475,2.482
0.002133019541459244,2.483
0.00211684750348937,2.484
0.002100802262760361,2.485
0.00208489537652769,2.486
0.0020691373093145614,2.487
0.002053537659705167,2.488
0.0020381058696501003,2.489
0.0020228519053109516,2.49
0.00200778661807215,2.491
0.001992921744713513,2.492
0.0019782696146378865,2.493
0.0019638426847438,2.494
0.0019496530266423047,2.495
0.0019357118435557744,2.496
0.001922029071975762,2.497
0.0019086132064012095,2.498
0.0018954715127557033,2.499
0.0018826106063835038,2.5
0.0018700371677675988,2.501
0.0018577585347056705,2.502
0.001845782959642678,2.503
0.0018341194029409462,2.504
0.0018227769062192064,2.505
0.0018117639011632294,2.506
0.0018010879730837267,2.507
0.0017907561840056672,2.508
0.0017807754848917418,2.509
0.0017711527589982312,2.51
0.0017618944632407634,2.511
0.0017530062201723635,2.512
0.001744492809448665,2.513
0.0017363586196986022,2.514
0.001728608179899622,2.515
0.0017212464240169796,2.516
0.0017142786125130115,2.517
0.0017077099821025852,2.518
0.001701545241191289,2.519
0.001695788070734008,2.52
0.0016904408194637094,2.521
0.0016855044640754686,2.522
0.0016809787007681662,2.523
0.0016768620180536225,2.524
0.001673151734961917,2.525
0.001669844054321303,2.526
0.001666934167252368,2.527
0.001664416419960679,2.528
0.0016622845331962103,2.529
0.0016605318491954508,2.53
0.0016591515702787567,2.531
0.0016581369458002547,2.532
0.0016574813570427835,2.533
0.0016571782475841566,2.534
0.0016572208631962715,2.535
0.0016576018366444183,2.536
0.0016583128043733525,2.537
0.0016593443056184837,2.538
0.0016606859835891644,2.539
0.0016623268273301339,2.54
0.0016642552088756292,2.541
0.0016664586873150404,2.542
0.0016689237938537773,2.543
0.0016716361107899438,2.544
0.0016745807114941903,2.545
0.0016777427068506968,2.546
0.0016811076378397858,2.547
0.0016846616287752502,2.548
0.0016883913177273438,2.549
0.001692283605320441,2.55
0.0016963252604952723,2.551
0.0017005024399215057,2.552
0.0017048002904847322,2.553
0.0017092029069687951,2.554
0.00171369376073214,2.555
0.001718256438101884,2.556
0.0017228754793358508,2.557
0.0017275372018282227,2.558
0.00173223040686951,2.559
0.001736946845363905,2.56
0.0017416813213729993,2.561
0.0017464313498111702,2.562
0.0017511963592844665,2.563
0.001755976572746159,2.564
0.0017607719780052494,2.565
0.0017655819618635717,2.566
0.0017704057333137546,2.567
0.001775243005392596,2.568
0.0017800943811869644,2.569
0.0017849612694500478,2.57
0.0017898453834013083,2.571
0.0017947480180453834,2.572
0.0017996694434387812,2.573
0.0018046086479578314,2.574
0.0018095633040206385,2.575
0.0018145297539512177,2.576
0.0018195031551911866,2.577
0.0018244779998023368,2.578
0.0018294488861861325,2.579
0.0018344112499879953,2.58
0.0018393618650617669,2.581
0.0018442990330085733,2.582
0.0018492224420996574,2.583
0.001854132720203437,2.584
0.0018590307201275134,2.585
0.0018639167342921414,2.586
0.0018687901696980743,2.587
0.0018736500645814046,2.588
0.0018784961241515789,2.589
0.0018833296810935245,2.59
0.0018881542702866585,2.591
0.0018929757339148214,2.592
0.0018978018711354205,2.593
0.001902641726901181,2.594
0.0019075046637696729,2.595
0.0019123994444236645,2.596
0.0019173336646131688,2.597
0.0019223137185404966,2.598
0.001927345079977875,2.599
0.001932432576119812,2.6
0.00193758055117657,2.601
0.0019427929608353907,2.602
0.0019480734345874253,2.603
0.0019534253038599033,2.604
0.0019588515604617635,2.605
0.0019643546952603334,2.606
0.001969936378796322,2.607
0.0019755970576555153,2.608
0.001981335728042474,2.609
0.001987150058584259,2.61
0.001993036658952997,2.611
0.0019989911664656445,2.612
0.0020050080712932616,2.613
0.0020110805234564693,2.614
0.002017200463123852,2.615
0.002023359133041331,2.616
0.002029547716388455,2.617
0.0020357578534141263,2.618
0.0020419819417670675,2.619
0.0020482131942890056,2.62
0.002054445437179031,2.621
0.0020606726286422636,2.622
0.002066888199083729,2.623
0.0020730846484442135,2.624
0.0020792538988835996,2.625
0.002085388350566731,2.626
0.002091482093946799,2.627
0.0020975317859800446,2.628
0.0021035369479574855,2.629
0.002109499624305453,2.63
0.0021154234943072934,2.631
0.002121312661375332,2.632
0.0021271704985417863,2.633
0.00213299899691948,2.634
0.0021387986955884427,2.635
0.0021445687670846912,2.636
0.0021503069112795855,2.637
0.0021560091501019803,2.638
0.0021616697795593465,2.639
0.0021672815580171044,2.64
0.002172836000335951,2.641
0.002178323640552388,2.642
0.0021837342126402822,2.643
0.002189056710701331,2.644
0.002194279259147402,2.645
0.002199388805353241,2.646
0.002204370927068813,2.647
0.002209210166137221,2.648
0.0022138909436049416,2.649
0.0022183987217530604,2.65
0.0022227210629018265,2.651
0.002226848371753189,2.652
0.00223077419506739,2.653
0.002234495030341887,2.654
0.002238009684682448,2.655
0.0022413183032224016,2.656
0.0022444212368559163,2.657
0.0022473179876669517,2.658
0.0022500065305915682,2.659
0.0022524831071353063,2.66
0.0022547422116450918,2.661
0.00225677650433206,2.662
0.002258576732073502,2.663
0.0022601317587957227,2.664
0.002261428605595696,2.665
0.0022624525765956006,2.666
0.00226318777454996,2.667
0.0022636180730498177,2.668
0.00226372830552814,2.669
0.0022635054018131594,2.67
0.0022629392726865164,2.671
0.002262023309264733,2.672
0.002260754448433214,2.673
0.0022591328381341065,2.674
0.0022571611872080873,2.675
0.002254843896044418,2.676
0.0022521860515213703,2.677
0.00224919239949055,2.678
0.002245866565211258,2.679
0.0022422108686929692,2.68
0.002238226748237116,2.681
0.0022339153934751183,2.682
0.0022292782295199594,2.683
0.002224317174855277,2.684
0.002219034749499478,2.685
0.0022134341551296732,2.686
0.002207519442287569,2.687
0.002201295818789188,2.688
0.0021947700652580854,2.689
0.0021879509452609035,2.69
0.0021808494580855277,2.691
0.002173478796045381,2.692
0.0021658539289405843,2.693
0.0021579908209762985,2.694
0.002149905424426659,2.695
0.0021416128523608206,2.696
0.0021331272202265825,2.697
0.0021244622026633632,2.698
0.0021156318506513464,2.699
0.0021066512674845247,2.7
0.0020975370413518503,2.701
0.002088307450531073,2.702
0.0020789824567333357,2.703
0.002069583485551969,2.704
0.0020601329782296324,2.705
0.002050653717379084,2.706
0.002041168020665737,2.707
0.0020316970573823964,2.708
0.002022260562767944,2.709
0.0020128769262235595,2.71
0.0020035633630436024,2.711
0.001994336000628744,2.712
0.0019852099461918717,2.713
0.0019761994468841873,2.714
0.0019673181692372557,2.715
0.001958579528669955,2.716
0.0019499969440558707,2.717
0.0019415839025335297,2.718
0.0019333537819043363,2.719
0.0019253194557322844,2.72
0.001917492799695866,2.721
0.0019098843207940508,2.722
0.0019025030868103825,2.723
0.001895356890423106,2.724
0.0018884524354773264,2.725
0.0018817954342090228,2.726
0.0018753906438305709,2.727
0.0018692419134013227,2.728
0.001863352298086782,2.729
0.0018577242613847002,2.73
0.0018523599362665246,2.731
0.0018472613689604095,2.732
0.001842430643293684,2.733
0.001837869794509089,2.734
0.0018335804705121163,2.735
0.0018295634487808512,2.736
0.0018258183450363052,2.737
0.0018223437856143292,2.738
0.0018191379058640153,2.739
0.0018161988416872568,2.74
0.0018135250348950858,2.741
0.0018111153214429604,2.742
0.001808968819029729,2.743
0.0018070846529184533,2.744
0.001805461576466332,2.745
0.0018040975541832184,2.746
0.0018029893749300847,2.747
0.0018021323684115297,2.748
0.0018015203050221185,2.749
0.0018011455061458924,2.75
0.001800999113748863,2.751
0.0018010714656890975,2.752
0.0018013525511134795,2.753
0.0018018325023695003,2.754
0.0018025020422739572,2.755
0.0018033527762364274,2.756
0.0018043772029202264,2.757
0.0018055683333771822,2.758
0.0018069190147333202,2.759
0.0018084214778269622,2.76
0.0018100676223822105,2.761
0.0018118498581286687,2.762
0.0018137618673378696,2.763
0.0018157988851402525,2.764
0.0018179574413520999,2.765
0.0018202346648326791,2.766
0.001822627411467992,2.767
0.0018251317110374778,2.768
0.0018277428935664477,2.769
0.0018304561707850168,2.77
0.0018332671583680357,2.771
0.0018361720464988925,2.772
0.00183916737743319,2.773
0.001842249499831989,2.774
0.001845413921703029,2.775
0.0018486549778106614,2.776
0.001851966053219999,2.777
0.001855340116599564,2.778
0.0018587701873298474,2.779
0.0018622495883677819,2.78
0.0018657719819372433,2.781
0.0018693312295513388,2.782
0.0018729211502964017,2.783
0.0018765352601225781,2.784
0.001880166561021829,2.785
0.001883807420039568,2.786
0.0018874495389853275,2.787
0.0018910839717369515,2.788
0.0018947011084917216,2.789
0.001898290528364112,2.79
0.001901840728629204,2.791
0.0019053390258140135,2.792
0.0019087720096085498,2.793
0.0019121265748871608,2.794
0.001915391226916455,2.795
0.0019185573314005843,2.796
0.0019216200324269565,2.797
0.0019245786001197503,2.798
0.0019274360745931097,2.799
0.0019301982416382254,2.8
0.001932872170459602,2.801
0.001935464814437981,2.802
0.0019379823174796743,2.803
0.0019404301693011136,2.804
0.0019428136505962204,2.805
0.0019451380726826647,2.806
0.0019474088109057686,2.807
0.0019496313094138587,2.808
0.0019518111669405503,2.809
0.0019539543204753758,2.81
0.0019560672696461016,2.811
0.0019581572514895517,2.812
0.0019602322836069315,2.813
0.001962301030937215,2.814
0.001964372503115875,2.815
0.0019664556409716635,2.816
0.0019685588816765556,2.817
0.0019706897851553265,2.818
0.001972854764320128,2.819
0.0019750589123551064,2.82
0.001977305882054423,2.821
0.0019795977660187927,2.822
0.0019819349961939393,2.823
0.001984316379585802,2.824
0.0019867393357051884,2.825
0.001989200227987228,2.826
0.0019916946257126753,2.827
0.0019942174118705754,2.828
0.001996762726002386,2.829
0.0019993237662964116,2.83
0.002001892498695886,2.831
0.0020044593905418785,2.832
0.0020070133639551006,2.833
0.00200954204728054,2.834
0.002012032147972652,2.835
0.002014469680906735,2.836
0.0020168398870253324,2.837
0.0020191269707124995,2.838
0.0020213141939695333,2.839
0.0020233847432099346,2.84
0.0020253231028561016,2.841
0.0020271163542963776,2.842
0.00202875501334472,2.843
0.002030233220488784,2.844
0.0020315482295203803,2.845
0.0020326992635636486,2.846
0.0020336860954395675,2.847
0.0020345081970754284,2.848
0.0020351651430895335,2.849
0.002035657937936651,2.85
0.002035990390211965,2.851
0.0020361699938156686,2.852
0.002036208155361145,2.853
0.0020361197591426926,2.854
0.002035922161164565,2.855
0.0020356338072157576,2.856
0.002035272897507885,2.857
0.0020348567163458535,2.858
0.002034401792121816,2.859
0.00203392428443031,2.86
0.0020334399916331998,2.861
0.0020329639493726595,2.862
0.002032509991309931,2.863
0.002032090655972585,2.864
0.0020317174471816157,2.865
0.002031401105477148,2.866
0.002031151616374222,2.867
0.002030977946596158,2.868
0.0020308877384881763,2.869
0.002030887304383087,2.87
0.0020309820370704237,2.871
0.002031176993926288,2.872
0.0020314773491491396,2.873
0.0020318885549801794,2.874
0.002032416162739866,2.875
0.002033065343747879,2.876
0.002033840276716052,2.877
0.0020347436671724582,2.878
0.002035776542773647,2.879
0.002036938210672594,2.88
0.002038226273484146,2.881
0.002039636780674395,2.882
0.002041164523440398,2.883
0.0020428032948819302,2.884
0.002044545934628935,2.885
0.00204638412972535,2.886
0.0020483081659662086,2.887
0.002050306926965332,2.888
0.0020523681913564946,2.889
0.0020544789503858588,2.89
0.002056625468102519,2.891
0.002058793035575221,2.892
0.0020609656246841084,2.893
0.002063125773275865,2.894
0.0020652547806421684,2.895
0.002067332897016267,2.896
0.0020693392469755376,2.897
0.002071251710383231,2.898
0.002073047227563198,2.899
0.00207470263285312,2.9
0.0020761956494846,2.901
0.00207750561949097,2.902
0.002078613711127534,2.903
0.0020795024798004355,2.904
0.0020801549265123866,2.905
0.0020805537297554485,2.906
0.0020806814632280163,2.907
0.0020805218309620428,2.908
0.002080061193041296,2.909
0.002079289749683482,2.91
0.0020782021469854003,2.911
0.0020767974353006606,2.912
0.00207507836320647,2.913
0.0020730500540228408,2.914
0.0020707184136326637,2.915
0.0020680891680588593,2.916
0.0020651682478011434,2.917
0.002061963100852585,2.918
0.00205848392914007,2.919
0.0020547442674614847,2.92
0.0020507608137946614,2.921
0.002046552644984602,2.922
0.0020421400801586714,2.923
0.0020375435116425163,2.924
0.002032782491907936,2.925
0.00202787525445341,2.926
0.0020228386970063718,2.927
0.0020176887203997786,2.928
0.002012440733724121,2.929
0.002007110115800265,2.93
0.0020017124549613604,2.931
0.001996263458037081,2.932
0.0019907785090155883,2.933
0.0019852720618285863,2.934
0.0019797573249763574,2.935
0.0019742465289971276,2.936
0.0019687515046094457,2.937
0.0019632841452237003,2.938
0.001957856609020879,2.939
0.0019524813069748438,2.94
0.001947170776013533,2.941
0.0019419375505526602,2.942
0.001936794117197284,2.943
0.0019317529772324628,2.944
0.0019268267734475263,2.945
0.0019220283897251461,2.946
0.0019173709237549192,2.947
0.0019128674686059864,2.948
0.001908530704034343,2.949
0.0019043723853707012,2.95
0.00190040290654628,2.951
0.0018966310812043444,2.952
0.001893064098230326,2.953
0.0018897075524073913,2.954
0.0018865656040996165,2.955
0.0018836413167872595,2.956
0.0018809370222094403,2.957
0.001878454492207308,2.958
0.0018761947961691875,2.959
0.0018741579639930822,2.96
0.0018723428735539832,2.961
0.0018707476470642876,2.962
0.0018693703052381216,2.963
0.0018682092490790408,2.964
0.001867263375861672,2.965
0.001866531829371527,2.966
0.001866013477907957,2.967
0.001865706301557243,2.968
0.0018656069199130983,2.969
0.0018657103705553102,2.97
0.0018660100604313474,2.971
0.0018664978646216867,2.972
0.0018671644607122328,2.973
0.0018679998698127235,2.974
0.0018689940549622677,2.975
0.0018701374547260177,2.976
0.0018714213661742143,2.977
0.0018728381037147503,2.978
0.001874380879673036,2.979
0.0018760433775757378,2.98
0.0018778190929044627,2.981
0.0018797007944198554,2.982
0.0018816806010422777,2.983
0.0018837507534496447,2.984
0.0018859046127746783,2.985
0.0018881373763883515,2.986
0.0018904462562231556,2.987
0.0018928300528720588,2.988
0.0018952882293140501,2.989
0.0018978198885522888,2.99
0.001900423265018443,2.991
0.001903095897353277,2.992
0.0019058349347512067,2.993
0.0019086370407936856,2.994
0.0019114979997428441,2.995
0.001914412592594259,2.996
0.0019173750625891435,2.997
0.001920379846860699,2.998
0.0019234220827054613,2.999
0.001926497690665531,3.0
0.001929603053471741,3.001
0.0019327343990706873,3.002
0.0019358871082360677,3.003
0.00193905529674822,3.004
0.0019422319009795403,3.005
0.0019454091343687635,3.006
0.00194857905345111,3.007
0.001951734118985634,3.008
0.0019548677225827947,3.009
0.001957974625140166,3.01
0.001961051224349212,3.011
0.001964095563604526,3.012
0.0019671070137412326,3.013
0.0019700855965984845,3.014
0.0019730311124223666,3.015
0.001975942613534582,3.016
0.0019788187204559764,3.017
0.001981658581559035,3.018
0.001984462841124477,3.019
0.001987234185242174,3.02
0.001989977339560854,3.021
0.001992698557903172,3.022
0.001995404744114921,3.023
0.0019981024653485356,3.024
0.0020007972610580735,3.025
0.002003493552788032,3.026
0.0020061950236159014,3.027
0.0020089050801530566,3.028
0.002011627173525435,3.029
0.0020143649677678683,3.03
0.002017122396022615,3.031
0.0020199036209626402,3.032
0.0020227128831444745,3.033
0.0020255542075759687,3.034
0.0020284309582821736,3.035
0.0020313453379749735,3.036
0.002034298103477124,3.037
0.002037288701972554,3.038
0.002040315698565903,3.039
0.002043377229054837,3.04
0.0020464713542993913,3.041
0.002049596300779962,3.042
0.0020527505792639423,3.043
0.0020559329622525605,3.044
0.0020591423023888673,3.045
0.0020623771962556916,3.046
0.0020656355328868368,3.047
0.0020689140081283125,3.048
0.0020722077369656642,3.049
0.0020755100862765745,3.05
0.0020788127045292286,3.051
0.0020821055907331086,3.052
0.0020853770877487313,3.053
0.0020886137993329835,3.054
0.002091800510332296,3.055
0.0020949202281567835,3.056
0.002097954389910239,3.057
0.0021008831332507416,3.058
0.002103685462816001,3.059
0.0021063391963442135,3.06
0.0021088208048085752,3.061
0.002111105571581645,3.062
0.0021131683920685984,3.063
0.002114985037584941,3.064
0.0021165334749322583,3.065
0.0021177949398698127,3.066
0.0021187545620051066,3.067
0.002119401408445241,3.068
0.002119727920033982,3.069
0.0021197288264850466,3.07
0.002119399752551647,3.071
0.00211873598922228,3.072
0.0021177320918444337,3.073
0.002116382497020544,3.074
0.0021146826082515946,3.075
0.0021126297586221733,3.076
0.002110223862936056,3.077
0.0021074677509876384,3.078
0.0021043671889805944,3.079
0.0021009306248777797,3.08
0.002097168734825482,3.081
0.002093093880708514,3.082
0.002088719590875575,3.083
0.002084060142373027,3.084
0.0020791302682400636,3.085
0.0020739449589216347,3.086
0.002068519288100076,3.087
0.0020628681759255444,3.088
0.002057006007057988,3.089
0.0020509461523839497,3.09
0.0020447007348605374,3.091
0.00203828099504784,3.092
0.0020316981684831473,3.093
0.0020249644849393727,3.094
0.0020180939952635798,3.095
0.002011103085798632,3.096
0.0020040106247549766,3.097
0.0019968377592584487,3.098
0.001989607445790484,3.099
0.0019823438331065275,3.1
0.001975071619205794,3.101
0.0019678154771331996,3.102
0.0019605996002419893,3.103
0.0019534473722544127,3.104
0.0019463811355754199,3.105
0.0019394220167559153,3.106
0.001932589764715169,3.107
0.001925902588186979,3.108
0.0019193770655781888,3.109
0.0019130282361425046,3.11
0.0019068698772963047,3.111
0.001900914869340047,3.112
0.0018951755597469454,3.113
0.0018896640799965208,3.114
0.0018843925777358066,3.115
0.0018793733392864626,3.116
0.001874618813917934,3.117
0.0018701415923076583,3.118
0.0018659544016236913,3.119
0.0018620701412258628,3.12
0.0018585019186415973,3.121
0.0018552630043898169,3.122
0.0018523666406307633,3.123
0.0018498257013814124,3.124
0.0018476522658998653,3.125
0.0018458572047920026,3.126
0.0018444498961631326,3.127
0.0018434381533284625,3.128
0.0018428283348469153,3.129
0.0018426255307818923,3.13
0.0018428337536459637,3.131
0.001843456128158953,3.132
0.0018444951051315554,3.133
0.0018459527317130418,3.134
0.0018478309942241975,3.135
0.0018501322054109814,3.136
0.0018528593505884778,3.137
0.0018560162694119605,3.138
0.0018596075634325425,3.139
0.00186363818880407,3.14
0.001868112808955294,3.141
0.001873035164717634,3.142
0.0018784078300919341,3.143
0.0018842324714980782,3.144
0.0018905103435750002,3.145
0.0018972427347362754,3.146
0.0019044312727908433,3.147
0.0019120780763224674,3.148
0.0019201857388607005,3.149
0.0019287571474961161,3.15
0.001937795153353384,3.151
0.0019473021203417363,3.152
0.001957279425879972,3.153
0.0019677271080785937,3.154
0.00197864386908261,3.155
0.001990027416741725,3.156
0.002001874928348038,3.157
0.002014183459121026,3.158
0.0020269502083873105,3.159
0.0020401725627293282,3.16
0.002053847826987905,3.161
0.002067972694625556,3.162
0.0020825428529529007,3.163
0.002097553184701751,3.164
0.00211299850056304,3.165
0.0021288742834312587,3.166
0.002145177031196632,3.167
0.0021619040733379096,3.168
0.0021790529030815587,3.169
0.0021966203035499294,3.17
0.002214601870064639,3.171
0.002232992309133637,3.172
0.002251786168117505,3.173
0.0022709784350367183,3.174
0.0022905647947734976,3.175
0.0023105415629616007,3.176
0.002330905372734803,3.177
0.0023516527054857814,3.178
0.00237277934491371,3.179
0.0023942798181564363,3.18
0.0024161469458608012,3.181
0.002438371710839284,3.182
0.002460943522471858,3.183
0.002483850668381748,3.184
0.0025070806772310504,3.185
0.0025306204420622895,3.186
0.002554456046626477,3.187
0.0025785723290111073,3.188
0.002602952403768594,3.189
0.0026275774742989693,3.19
0.002652427004454284,3.191
0.0026774789381940932,3.192
0.0027027096614913233,3.193
0.002728093719790131,3.194
0.0027536036152812984,3.195
0.0027792100125891704,3.196
0.0028048823223593487,3.197
0.002830589365924403,3.198
0.002856299873366267,3.199
0.0028819826799018748,3.2
0.0029076065434811863,3.201
0.00293313955387755,3.202
0.0029585483454986038,3.203
0.0029837977696171697,3.204
0.003008851525501955,3.205
0.0030336734102421312,3.206
0.0030582285104620967,3.207
0.003082483982363581,3.208
0.003106409318155452,3.209
0.0031299760844437177,3.21
0.0031531571763627206,3.211
0.0031759256599473602,3.212
0.0031982535035958107,3.213
0.003220110950655745,3.214
0.003241467084817548,3.215
0.0032622911979810067,3.216
0.0032825542005929568,3.217
0.003302229684456689,3.218
0.003321294518356476,3.219
0.0033397289327455233,3.22
0.0033575161232423777,3.221
0.003374641469916343,3.222
0.003391091509651578,3.223
0.003406852804474354,3.224
0.003421910821908327,3.225
0.003436248975664294,3.226
0.003449848115148372,3.227
0.0034626866999881555,3.228
0.0034747415504765766,3.229
0.0034859888875858405,3.23
0.0034964054928936427,3.231
0.0035059699057516953,3.232
0.003514663552816741,3.233
0.0035224716772933647,3.234
0.0035293839385133934,3.235
0.003535394579994225,3.236
0.0035405021015347347,3.237
0.003544708411992114,3.238
0.0035480174824064183,3.239
0.0035504336476684007,3.24
0.0035519601372514613,3.241
0.0035525987794166477,3.242
0.003552351184223277,3.243
0.0035512206060014655,3.244
0.0035492135524124546,3.245
0.0035463407637947304,3.246
0.003542617508817717,3.247
0.0035380632550164183,3.248
0.0035327008596552404,3.249
0.003526555465493683,3.25
0.0035196532733023497,3.251
0.0035120203198925073,3.252
0.00350368134808085,3.253
0.0034946588703271097,3.254
0.0034849726000790605,3.255
0.0034746393597641333,3.256
0.0034636733422295446,3.257
0.0034520865257856234,3.258
0.0034398891866154026,3.259
0.0034270905465238867,3.26
0.0034136995580409334,3.261
0.0033997257592776418,3.262
0.003385180079252119,3.263
0.0033700754480459035,3.264
0.0033544270640195953,3.265
0.0033382521969138696,3.266
0.003321569471958585,3.267
0.003304397681464273,3.268
0.003286754454095654,3.269
0.0032686555244987947,3.27
0.0032501150964733857,3.271
0.0032311468898974247,3.272
0.0032117651581869623,3.273
0.0031919853695322247,3.274
0.003171824526770107,3.275
0.0031513011529554656,3.276
0.0031304349905738383,3.277
0.0031092464697620456,3.278
0.003087755989145932,3.279
0.003065983043517136,3.28
0.0030439454003220495,3.281
0.0030216588327173144,3.282
0.00299913772611329,3.283
0.0029763962181520473,3.284
0.0029534493291165486,3.285
0.0029303138028135074,3.286
0.0029070085288401886,3.287
0.002883554456695589,3.288
0.002859973985249444,3.289
0.0028362899055942676,3.29
0.002812524196760194,3.291
0.002788697297874496,3.292
0.0027648283037615467,3.293
0.002740935792845893,3.294
0.002717038676944049,3.295
0.0026931567721942998,3.296
0.002669311070936539,3.297
0.002645523764651918,3.298
0.0026218180726235852,3.299
0.0025982179128334402,3.3
0.0025747474295877764,3.301
0.002551430390496013,3.302
0.0025282894983508224,3.303
0.002505345777782497,3.304
0.002482618315339427,3.305
0.002460124463063845,3.306
0.002437880278331403,3.307
0.0024159009392435826,3.308
0.002394201058163517,3.309
0.0023727948828465364,3.31
0.0023516963520346886,3.311
0.0023309189657870827,3.312
0.0023104754596826194,3.313
0.002290377339536763,3.314
0.0022706344366770492,3.315
0.0022512546765923592,3.316
0.002232244056042259,3.317
0.0022136066678876557,3.318
0.0021953448409114977,3.319
0.00217745961418561,3.32
0.0021599514904504374,3.321
0.0021428211807122868,3.322
0.002126070085404042,3.323
0.002109700347180095,3.324
0.00209371440812507,3.325
0.0020781142572071903,3.326
0.0020629009421693463,3.327
0.0020480748456923937,3.328
0.002033636543503609,3.329
0.0020195876795958624,3.33
0.002005931516997617,3.331
0.001992673087062472,3.332
0.00197981896236123,3.333
0.0019673767330811143,3.334
0.0019553542976566895,3.335
0.001943759096703506,3.336
0.0019325975073755531,3.337
0.0019218746938940558,3.338
0.0019115949899355092,3.339
0.0019017625157069025,3.34
0.0018923816602449872,3.341
0.0018834572164319228,3.342
0.0018749940785704755,3.343
0.001866996635084882,3.344
0.0018594683302173413,3.345
0.0018524117676752831,3.346
0.0018458291127575039,3.347
0.0018397222700239808,3.348
0.0018340926385568852,3.349
0.0018289407027333102,3.35
0.0018242659259202535,3.351
0.0018200671168324264,3.352
0.0018163429672638364,3.353
0.001813092433847628,3.354
0.0018103148879947501,3.355
0.0018080100674942522,3.356
0.0018061778534616026,3.357
0.0018048178775561968,3.358
0.0018039290338118204,3.359
0.001803509179800974,3.36
0.001803555335575478,3.361
0.0018040643132615337,3.362
0.0018050333973668958,3.363
0.0018064607634290474,3.364
0.0018083455087069223,3.365
0.0018106872821185976,3.366
0.001813485618699449,3.367
0.0018167392966775674,3.368
0.0018204461205847137,3.369
0.0018246031548142087,3.37
0.001829206966886797,3.371
0.0018342535131451244,3.372
0.0018397377736432093,3.373
0.0018456535677814103,3.374
0.0018519937469683872,3.375
0.0018587504434379766,3.376
0.0018659150101381573,3.377
0.001873477744337075,3.378
0.0018814278216816886,3.379
0.0018897536350003612,3.38
0.0018984432390446813,3.381
0.0019074845199912856,3.382
0.0019168649722843363,3.383
0.001926571230990844,3.384
0.0019365887492429658,3.385
0.0019469019411533632,3.386
0.001957494660055052,3.387
0.001968350639370302,3.388
0.0019794536782696435,3.389
0.001990787536252468,3.39
0.00200233556883978,3.391
0.002014080222300356,3.392
0.0020260026785891855,3.393
0.0020380829556744667,3.394
0.002050300444962512,3.395
0.0020626345781509996,3.396
0.002075065345730384,3.397
0.002087573533677226,3.398
0.002100140641176361,3.399
0.0021127485132862475,3.4
0.0021253787645694384,3.401
0.0021380121276449947,3.402
0.0021506280001255206,3.403
0.002163204470273887,3.404
0.0021757187929096235,3.405
0.0021881480178096956,3.406
0.002200469535566761,3.407
0.0022126614680063115,3.408
0.002224702889041088,3.409
0.002236573861789698,3.41
0.002248255269789415,3.411
0.002259728421609525,3.412
0.0022709744303254396,3.413
0.0022819734926048927,3.414
0.002292704430505512,3.415
0.0023031448358531523,3.416
0.0023132717284123417,3.417
0.002323062371288924,3.418
0.002332495021906632,3.419
0.002341549560771394,3.42
0.0023502079670013154,3.421
0.002358454597935199,3.422
0.0023662762335315223,3.423
0.002373661862660693,3.424
0.0023806021997272095,3.425
0.0023870889177730293,3.426
0.00239311366503554,3.427
0.002398667260716817,3.428
0.002403739717302604,3.429
0.0024083212911770553,3.43
0.0024124040453667684,3.431
0.002415983312116991,3.432
0.002419058757767406,3.433
0.0024216349348377634,3.434
0.0024237212768568658,3.435
0.0024253315506857762,3.436
0.002426482821808815,3.437
0.0024271940144227895,3.438
0.0024274843487430368,3.439
0.002427372368023715,3.44
0.002426876153116445,3.441
0.0024260143913928797,3.442
0.00242480742280082,3.443
0.0024232777238580054,3.444
0.0024214497339401834,3.445
0.0024193491244050196,3.446
0.002417001713611574,3.447
0.002414432359214318,3.448
0.0024116642366375767,3.449
0.002408718612074991,3.45
0.002405614811961351,3.451
0.0024023702577946693,3.452
0.002399000745859033,3.453
0.002395520960041371,3.454
0.002391944957459069,3.455
0.0023882864391611756,3.456
0.00238455878119097,3.457
0.0023807749040171628,3.458
0.002376947108278988,3.459
0.0023730869939180064,3.46
0.002369205508172377,3.461
0.002365313069567525,3.462
0.0023614196426307095,3.463
0.0023575346299315823,3.464
0.002353666506672285,3.465
0.002349822326001355,3.466
0.0023460075131054555,3.467
0.002342226257008024,3.468
0.002338482319705731,3.469
0.00233477992955057,3.47
0.0023311246220146255,3.471
0.002327523971203006,3.472
0.0023239881209567714,3.473
0.0023205300141468017,3.474
0.0023171652509415,3.475
0.0023139115723064614,3.476
0.002310788036665691,3.477
0.002307814006251938,3.478
0.002305008144026914,3.479
0.002302387782972737,3.48
0.0022999689740139106,3.481
0.002297767110795805,3.482
0.0022957977562288604,3.483
0.002294077395934283,3.484
0.002292623992142537,3.485
0.002291457258307596,3.486
0.0022905986163536413,3.487
0.0022900708652145007,3.488
0.0022898976509952104,3.489
0.0022901028577457638,3.49
0.002290710022179314,3.491
0.002291741828843278,3.492
0.0022932196927862945,3.493
0.0022951634077216145,3.494
0.0022975908701470906,3.495
0.0023005179751161733,3.496
0.0023039587612682477,3.497
0.0023079257490129334,3.498
0.0023124303702527532,3.499
0.0023174834293285293,3.5
0.002323095536967296,3.501
0.002329277446828186,3.502
0.00233604024421306,3.503
0.00234339537638441,3.504
0.0023513545485906386,3.505
0.0023599295209051022,3.506
0.002369131829134167,3.507
0.002378972432023731,3.508
0.0023894612705951663,3.509
0.0024006067966202316,3.51
0.0024124157145108344,3.511
0.002424893181169559,3.512
0.002438043395872765,3.513
0.0024518703095339203,3.514
0.0024663782593979675,3.515
0.0024815724308380324,3.516
0.002497459069265077,3.517
0.00251404537969201,3.518
0.002531339089268376,3.519
0.0025493477132200134,3.52
0.0025680777014190424,3.521
0.0025875338253627195,3.522
0.0026077190885899115,3.523
0.0026286350483919903,3.524
0.0026502822299981784,3.525
0.0026726604651760946,3.526
0.002695769131005887,3.527
0.002719607267966923,3.528
0.0027441735418131763,3.529
0.0027694660273269436,3.53
0.0027954818139453194,3.531
0.002822216474911409,3.532
0.0028496635663754592,3.533
0.0028778144242663853,3.534
0.0029066583308928824,3.535
0.0029361828071763412,3.536
0.002966373795341975,3.537
0.0029972157175025436,3.538
0.0030286915026249673,3.539
0.0030607826610106782,3.54
0.003093469427257813,3.541
0.003126730919123037,3.542
0.0031605451989992948,3.543
0.0031948890953167604,3.544
0.0032297377630849887,3.545
0.00326506435510527,3.546
0.003300840411966672,3.547
0.003337037150521898,3.548
0.003373627226237168,3.549
0.003410586421377037,3.55
0.003447894852317557,3.551
0.0034855373793262596,3.552
0.0035235030011941007,3.553
0.003561783175791991,3.554
0.0036003696420396597,3.555
0.0036392533839446762,3.556
0.003678425934226654,3.557
0.0037178821375382755,3.558
0.0037576226886349507,3.559
0.003797655570388268,3.56
0.0038379961496881132,3.561
0.0038786659669881045,3.562
0.003919690520371263,3.563
0.003961096577894689,3.564
0.004002909872521916,3.565
0.0040451541237949236,3.566
0.004087851487899053,3.567
0.0041310234968009564,3.568
0.004174691649342047,3.569
0.00421887751259285,3.57
0.004263602469757624,3.571
0.004308887240156912,3.572
0.004354751268330429,3.573
0.004401212049035889,3.574
0.004448284431297896,3.575
0.004495979961142791,3.576
0.004544306406989358,3.577
0.004593267622135086,3.578
0.004642863700598977,3.579
0.0046930911951632934,3.58
0.004743943201598099,3.581
0.0047954092188065844,3.582
0.004847474843291504,3.583
0.004900121638159337,3.584
0.004953327538280298,3.585
0.005007067736468172,3.586
0.005061315712360765,3.587
0.005116044122758476,3.588
0.0051712253458713366,3.589
0.005226831493889851,3.59
0.0052828337818906146,3.591
0.005339201345156963,3.592
0.0053959000238903865,3.593
0.005452891888927445,3.594
0.005510135665582214,3.595
0.0055675873045962785,3.596
0.0056251999305668016,3.597
0.005682923175181879,3.598
0.005740702742852779,3.599
0.00579848105417548,3.6
0.00585619875802603,3.601
0.005913796129135607,3.602
0.005971213513364078,3.603
0.006028390477185254,3.604
0.006085264364601908,3.605
0.00614177019904756,3.606
0.006197843121509487,3.607
0.006253422220362425,3.608
0.006308453842639353,3.609
0.006362893385101157,3.61
0.006416705306242894,3.611
0.006469861501118918,3.612
0.006522338501409187,3.613
0.006574114105199334,3.614
0.006625164174726522,3.615
0.0066754605788499075,3.616
0.006724970897620645,3.617
0.006773659385925517,3.618
0.006821488157236715,3.619
0.006868418038410957,3.62
0.00691440905203416,3.621
0.0069594205872763335,3.622
0.007003411294600974,3.623
0.007046338734616238,3.624
0.007088158853890121,3.625
0.0071288254386370955,3.626
0.007168289760929626,3.627
0.00720650063071495,3.628
0.007243404980102136,3.629
0.007278948955257187,3.63
0.0073130793359885045,3.631
0.007345745013446217,3.632
0.007376898256705791,3.633
0.007406495546145786,3.634
0.007434497783815303,3.635
0.007460869696817069,3.636
0.007485578278861685,3.637
0.007508590269318857,3.638
0.007529869449587916,3.639
0.007549375668242205,3.64
0.007567066836759112,3.641
0.007582902906465921,3.642
0.007596850177976451,3.643
0.0076088851208988674,3.644
0.0076189972221602864,3.645
0.007627190365288305,3.646
0.007633482441459678,3.647
0.007637903252447662,3.648
0.0076404911351197315,3.649
0.007641288953040799,3.65
0.00764034007174776,3.651
0.007637684926816915,3.652
0.0076333590413158936,3.653
0.007627393083003711,3.654
0.0076198144658823335,3.655
0.0076106494498747795,3.656
0.007599925161342335,3.657
0.007587671444200308,3.658
0.007573922554684576,3.659
0.007558718676660498,3.66
0.007542107160019213,3.661
0.007524143289648965,3.662
0.007504890320130366,3.663
0.007484418508342009,3.664
0.0074628029661194225,3.665
0.007440120372898047,3.666
0.007416445486214825,3.667
0.007391849632960571,3.668
0.007366402363529996,3.669
0.007340174615184817,3.67
0.0073132410778559,3.671
0.007285680919521301,3.672
0.007257576989544852,3.673
0.007229013930148006,3.674
0.007200075786565649,3.675
0.00717084367423433,3.676
0.007141393904434938,3.677
0.007111796814435463,3.678
0.00708211636887134,3.679
0.007052410338057112,3.68
0.007022730744436363,3.681
0.0069931244214580975,3.682
0.006963633660285671,3.683
0.006934296871041612,3.684
0.006905149107049434,3.685
0.006876222302059343,3.686
0.006847545137976436,3.687
0.0068191425420141396,3.688
0.006791034891240256,3.689
0.006763237218979985,3.69
0.006735758988821895,3.691
0.006708604745345149,3.692
0.006681775292858777,3.693
0.006655268885788503,3.694
0.006629082194746903,3.695
0.006603210974625866,3.696
0.006577650398705585,3.697
0.006552395052431312,3.698
0.006527438591265004,3.699
0.006502773062765429,3.7
0.006478387888910915,3.701
0.006454268657191096,3.702
0.006430396296744468,3.703
0.006406747345893355,3.704
0.006383295362238135,3.705
0.006360012891083656,3.706
0.00633687348313891,3.707
0.0063138535230451535,3.708
0.006290933672195525,3.709
0.006268099701732028,3.71
0.006245342523455163,3.711
0.006222657309509732,3.712
0.006200041704322899,3.713
0.006177493328817229,3.714
0.006155007389430237,3.715
0.006132575861640262,3.716
0.006110188911240652,3.717
0.006087837502106131,3.718
0.006065515857167041,3.719
0.0060432232685690805,3.72
0.006020965139322715,3.721
0.0059987531485149745,3.722
0.00597660446543236,3.723
0.005954540020114495,3.724
0.005932581971386746,3.725
0.005910750961631354,3.726
0.005889064428119764,3.727
0.005867536776812445,3.728
0.005846180553434669,3.729
0.00582500711691357,3.73
0.005804026152574311,3.731
0.005783244411285291,3.732
0.005762664863921864,3.733
0.0057422870919452175,3.734
0.005722108225989363,3.735
0.005702123126628128,3.736
0.0056823236706047804,3.737
0.005662698699059995,3.738
0.005643236035959322,3.739
0.005623925917145067,3.74
0.005604764150437327,3.741
0.005585753966572714,3.742
0.005566906172018852,3.743
0.005548237583461441,3.744
0.005529768047760587,3.745
0.005511517051286558,3.746
0.005493501886775071,3.747
0.005475738484201423,3.748
0.005458243560578694,3.749
0.005441036159894833,3.75
0.00542413799582924,3.751
0.005407572887950184,3.752
0.0053913657122143435,3.753
0.005375541174980917,3.754
0.0053601225137153196,3.755
0.005345130194624262,3.756
0.005330580977097208,3.757
0.005316487823187492,3.758
0.005302860518315097,3.759
0.005289706237266539,3.76
0.005277029425841089,3.761
0.0052648311511666514,3.762
0.005253108946466535,3.763
0.005241857957320803,3.764
0.005231072891685854,3.765
0.005220749685773055,3.766
0.005210886213984189,3.767
0.005201481789493328,3.768
0.005192535573703704,3.769
0.005184044736534818,3.77
0.005176003780073299,3.771
0.005168405575291222,3.772
0.005161243074439824,3.773
0.005154510457582264,3.774
0.005148203317914891,3.775
0.005142318009382577,3.776
0.005136850466372629,3.777
0.00513179491050101,3.778
0.005127142841787322,3.779
0.005122882573226881,3.78
0.0051189993542765065,3.781
0.005115475911108067,3.782
0.005112293078280008,3.783
0.005109430142831263,3.784
0.005106864562535761,3.785
0.005104571152296301,3.786
0.0051025217370332995,3.787
0.005100686326340778,3.788
0.005099035541221097,3.789
0.005097543114937559,3.79
0.005096187559281055,3.791
0.005094952542283595,3.792
0.005093825792430215,3.793
0.005092796751561786,3.794
0.005091854143669794,3.795
0.00509098535459972,3.796
0.005090178250556185,3.797
0.005089423887295166,3.798
0.005088718304303536,3.799
0.00508806273407008,3.8
0.00508746227275757,3.801
0.005086923388225286,3.802
0.005086451190002564,3.803
0.0050860478538444515,3.804
0.005085712670232716,3.805
0.005085442541455234,3.806
0.0050852317555834265,3.807
0.005085071142552477,3.808
0.005084947378902617,3.809
0.005084842792080485,3.81
0.005084735490383525,3.811
0.005084599990833852,3.812
0.005084408796499436,3.813
0.005084134754148528,3.814
0.005083753474973303,3.815
0.005083245084614393,3.816
0.005082594724023824,3.817
0.005081791529932157,3.818
0.005080826292208371,3.819
0.005079688766469236,3.82
0.0050783663733899075,3.821
0.00507684516669405,3.822
0.00507511202517735,3.823
0.005073156665007379,3.824
0.005070972993469964,3.825
0.005068559763875104,3.826
0.005065920515055828,3.827
0.005063062812038052,3.828
0.005059996822500972,3.829
0.005056733286183912,3.83
0.005053281339958372,3.831
0.005049647418807455,3.832
0.00504583606757644,3.833
0.005041851919263123,3.834
0.005037701560712937,3.835
0.005033394676930467,3.836
0.005028944289448662,3.837
0.005024366006886974,3.838
0.005019676364833426,3.839
0.0050148907345992835,3.84
0.005010021871689744,3.841
0.005005079955845268,3.842
0.005000073716333134,3.843
0.004995011557504659,3.844
0.004989902089124875,3.845
0.004984754035855519,3.846
0.004979575677027389,3.847
0.004974373999316075,3.848
0.004969153748734389,3.849
0.0049639165423373465,3.85
0.004958660143189744,3.851
0.004953377972387827,3.852
0.004948058957437444,3.853
0.004942687768501227,3.854
0.004937245372870828,3.855
0.004931709821441123,3.856
0.004926057218931752,3.857
0.004920262787258019,3.858
0.004914301869143717,3.859
0.004908150715457463,3.86
0.0049017869411351195,3.861
0.00489518956816318,3.862
0.004888338561457251,3.863
0.0048812137192096525,3.864
0.004873793186461542,3.865
0.004866052877258116,3.866
0.004857968004492507,3.867
0.004849516156207775,3.868
0.004840680302358878,3.869
0.004831450564171741,3.87
0.004821824207057736,3.871
0.004811803752507782,3.872
0.004801393871246943,3.873
0.004790598925004844,3.874
0.00477942303057671,3.875
0.0047678723873546495,3.876
0.004755957927482417,3.877
0.0047436968731196716,3.878
0.004731112852075753,3.879
0.004718234599704272,3.88
0.004705093457897769,3.881
0.004691720683768118,3.882
0.00467814649955843,3.883
0.004664401691547086,3.884
0.0046505200990232445,3.885
0.004636539898025009,3.886
0.0046225029794968245,3.887
0.0046084527880334335,3.888
0.004594431697194448,3.889
0.0045804793159596085,3.89
0.004566632044651885,3.891
0.0045529230127383325,3.892
0.004539382221980622,3.893
0.004526037338070078,3.894
0.004512914589485086,3.895
0.00450003878764814,3.896
0.004487432560901817,3.897
0.0044751160605747175,3.898
0.004463107962708656,3.899
0.00445142699940357,3.9
0.004440092783636701,3.901
0.004429125477588417,3.902
0.00441854452298752,3.903
0.004408367088631539,3.904
0.004398607113497216,3.905
0.004389275221888121,3.906
0.004380378877021803,3.907
0.004371922224747414,3.908
0.004363905835818673,3.909
0.00435632680316025,3.91
0.0043491792947766535,3.911
0.004342455326061604,3.912
0.0043361454723837446,3.913
0.004330239247657437,3.914
0.004324724841911355,3.915
0.004319588401160773,3.916
0.004314814021468689,3.917
0.00431038540196027,3.918
0.004306288444834122,3.919
0.0043025133136419015,3.92
0.004299055016292681,3.921
0.004295912200318416,3.922
0.004293084738202929,3.923
0.004290572026207104,3.924
0.004288373692922638,3.925
0.004286492082227824,3.926
0.004284934525390843,3.927
0.004283714211971706,3.928
0.004282849502472271,3.929
0.004282361978772422,3.93
0.004282273875496867,3.931
0.004282605978065009,3.932
0.0042833769292162874,3.933
0.00428460370959499,3.934
0.0042863021603361294,3.935
0.004288486824045246,3.936
0.004291170176204781,3.937
0.004294361718227691,3.938
0.004298067431333286,3.939
0.004302289662043942,3.94
0.004307027191243875,3.941
0.004312275625458874,3.942
0.004318028444700186,3.943
0.004324278523261129,3.944
0.0043310195994791184,3.945
0.004338247307924873,3.946
0.004345959586138776,3.947
0.004354156430881449,3.948
0.004362839132094182,3.949
0.004372009207564125,3.95
0.004381667258815381,3.951
0.004391811863319612,3.952
0.004402438674111,3.953
0.004413540260698053,3.954
0.00442510714069819,3.955
0.004437129655906427,3.956
0.004449599877351409,3.957
0.004462512905523546,3.958
0.004475867236365674,3.959
0.004489664156064607,3.96
0.004503906409437946,3.961
0.004518596581891274,3.962
0.0045337357014345915,3.963
0.004549322441132582,3.964
0.004565352966200702,3.965
0.004581821049200223,3.966
0.00459871797046094,3.967
0.004616032412961999,3.968
0.00463375140807327,3.969
0.004651862881778158,3.97
0.0046703589073048835,3.971
0.004689238203091743,3.972
0.00470850683904247,3.973
0.004728176686189191,3.974
0.004748262266054043,3.975
0.004768778412334044,3.976
0.004789740902318729,3.977
0.004811169150081212,3.978
0.004833088269441043,3.979
0.004855529045054211,3.98
0.00487852598082506,3.981
0.004902114383910341,3.982
0.004926327891171931,3.983
0.0049511975587850825,3.984
0.0049767522576805575,3.985
0.005003019113542676,3.986
0.005030023203379022,3.987
0.005057786685097779,3.988
0.005086328066656636,3.989
0.00511566218324409,3.99
0.005145800695153862,3.991
0.00517675239082348,3.992
0.005208522895480207,3.993
0.005241114150316857,3.994
0.005274524361407408,3.995
0.005308748505084314,3.996
0.005343778725225128,3.997
0.005379604088921211,3.998
0.005416209959329927,3.999
0.005453577827906567,4.0
0.005491686029615369,4.001
0.005530510770445285,4.002
0.005570026642485339,4.003
0.005610206240233545,4.004
0.005651019153273427,4.005
0.005692431498982838,4.006
0.005734407045323932,4.007
0.005776909500103594,4.008
0.00581990469713011,4.009
0.005863361783877315,4.01
0.005907253007621557,4.011
0.005951552040188163,4.012
0.005996231483477743,4.013
0.006041261186419474,4.014
0.006086608651414659,4.015
0.006132240874780389,4.016
0.006178126031542445,4.017
0.0062242341943619045,4.018
0.00627053709227222,4.019
0.006317007166102884,4.02
0.006363616155390632,4.021
0.006410333428988894,4.022
0.0064571246868457026,4.023
0.006503952135394221,4.024
0.0065507765640749,4.025
0.006597560397917481,4.026
0.00664427040088843,4.027
0.006690879105643809,4.028
0.006737364369016137,4.029
0.00678370689035518,4.03
0.006829886962044803,4.031
0.006875883360706825,4.032
0.006921675829747799,4.033
0.006967248916506407,4.034
0.007012594090174098,4.035
0.0070577089967618035,4.036
0.007102594257854896,4.037
0.007147249498284016,4.038
0.007191671220480312,4.039
0.007235853461748917,4.04
0.007279789164275972,4.041
0.007323469947860317,4.042
0.007366884401432854,4.043
0.007410017186783944,4.044
0.007452850673491919,4.045
0.007495368075311911,4.046
0.00753755600187174,4.047
0.007579405403658613,4.048
0.007620910705146275,4.049
0.007662067246690752,4.05
0.007702868045022848,4.051
0.0077433021864698505,4.052
0.007783356347907126,4.053
0.00782301814047328,4.054
0.00786227913332154,4.055
0.007901136663451613,4.056
0.007939594324465922,4.057
0.007977661205911485,4.058
0.008015350080151529,4.059
0.008052674824610107,4.06
0.00808964746150217,4.061
0.008126275414855052,4.062
0.00816255974003968,4.063
0.008198494469213051,4.064
0.00823406643693123,4.065
0.008269255345665189,4.066
0.008304034287566209,4.067
0.008338370315977674,4.068
0.008372224418057591,4.069
0.00840555115256934,4.07
0.008438298917721195,4.071
0.008470411161152968,4.072
0.008501827775866238,4.073
0.0085324859546826,4.074
0.008562320574540096,4.075
0.008591264720851886,4.076
0.008619251010809154,4.077
0.00864621400709063,4.078
0.00867209336673089,4.079
0.008696836744414696,4.08
0.008720401202761033,4.081
0.008742752168337515,4.082
0.008763859714393555,4.083
0.00878369357344846,4.084
0.008802220262259538,4.085
0.008819404487878713,4.086
0.008835212989262587,4.087
0.008849617867870212,4.088
0.00886259845946859,4.089
0.008874142039753346,4.09
0.008884243763786609,4.091
0.008892906151139046,4.092
0.00890013829808835,4.093
0.00890595487464967,4.094
0.00891037486592352,4.095
0.00891341995139737,4.096
0.008915112384778918,4.097
0.008915472349073349,4.098
0.00891451554138653,4.099
0.008912252817608879,4.1
0.008908692994691342,4.101
0.00890384766611652,4.102
0.008897736101757451,4.103
0.008890389030125385,4.104
0.008881850633631413,4.105
0.008872178386271658,4.106
0.008861440725765486,4.107
0.008849712880308731,4.108
0.008837071706347085,4.109
0.008823591466927124,4.11
0.008809342750525013,4.111
0.008794394568740729,4.112
0.008778817348446363,4.113
0.008762684900907522,4.114
0.008746074986876058,4.115
0.008729068760252003,4.116
0.008711749474568127,4.117
0.008694200859553402,4.118
0.008676505516460235,4.119
0.008658743556438675,4.12
0.008640991562436607,4.121
0.008623321842522841,4.122
0.00860580187536257,4.123
0.00858849379010272,4.124
0.008571453707001212,4.125
0.008554731145925011,4.126
0.008538369378028854,4.127
0.008522407322926659,4.128
0.008506882328017221,4.129
0.008491832586257504,4.13
0.008477298411721637,4.131
0.008463322211439913,4.132
0.008449947444349173,4.133
0.008437217069858319,4.134
0.00842517189007455,4.135
0.008413848923867259,4.136
0.0084032798627342,4.137
0.00839348999494714,4.138
0.00838449816953337,4.139
0.008376317711179002,4.14
0.008368957431225175,4.141
0.008362421980435202,4.142
0.008356711362152892,4.143
0.008351819868657255,4.144
0.008347734997756392,4.145
0.008344437029921568,4.146
0.00834189979813543,4.147
0.008340092784103487,4.148
0.008338984164459096,4.149
0.008338543993326045,4.15
0.008338746495438892,4.151
0.008339570538620318,4.152
0.008340997755130848,4.153
0.00834300908122123,4.154
0.008345582514422818,4.155
0.008348694393877974,4.156
0.008352322919565463,4.157
0.008356450873357712,4.158
0.008361065976146874,4.159
0.008366158904990918,4.16
0.00837171985847699,4.161
0.008377735479349228,4.162
0.008384188014232056,4.163
0.008391056698820587,4.164
0.008398319463863583,4.165
0.008405953359501601,4.166
0.008413933334410574,4.167
0.00842223017648034,4.168
0.008430809731920197,4.169
0.008439634930661799,4.17
0.00844866951893602,4.171
0.0084578813099452,4.172
0.008467243649548978,4.173
0.008476734579737615,4.174
0.008486333808469653,4.175
0.008496018987117703,4.176
0.00850576412741325,4.177
0.008515541411657414,4.178
0.008525324260988005,4.179
0.008535088938246891,4.18
0.008544813774565344,4.181
0.008554476498627303,4.182
0.008564051298067166,4.183
0.008573507726997056,4.184
0.008582811761970326,4.185
0.008591926964660697,4.186
0.008600814052695941,4.187
0.008609429795907118,4.188
0.008617727955025179,4.189
0.008625663591534449,4.19
0.008633199094323833,4.191
0.0086403092459662,4.192
0.008646983437693104,4.193
0.008653223944499461,4.194
0.008659040668108822,4.195
0.008664445973537592,4.196
0.00866945476127795,4.197
0.008674090537503891,4.198
0.00867839268768574,4.199
0.008682420186252893,4.2
0.008686250231025044,4.201
0.008689972485535326,4.202
0.008693681325504377,4.203
0.008697470144529325,4.204
0.008701430337418976,4.205
0.008705653134824621,4.206
0.008710230654879657,4.207
0.008715254686511291,4.208
0.008720814013807853,4.209
0.008726992056494598,4.21
0.008733866101827355,4.211
0.008741507684444448,4.212
0.008749982820014306,4.213
0.008759351591288466,4.214
0.00876966743316407,4.215
0.008780976544989228,4.216
0.008793317609918779,4.217
0.008806721773356894,4.218
0.008821212718422842,4.219
0.008836806669586793,4.22
0.008853512221703394,4.221
0.00887133012524944,4.222
0.008890253483013954,4.223
0.008910268714311885,4.224
0.008931357110748411,4.225
0.008953496516517442,4.226
0.008976662725413139,4.227
0.009000830274709501,4.228
0.009025972435280128,4.229
0.009052060421658063,4.23
0.009079062108601028,4.231
0.009106940711032614,4.232
0.009135653832415956,4.233
0.009165152996992302,4.234
0.009195383404996822,4.235
0.00922628351794656,4.236
0.009257784608924088,4.237
0.009289811166201565,4.238
0.009322282661418622,4.239
0.009355115893736454,4.24
0.009388226589757258,4.241
0.00942152935891982,4.242
0.009454935969315988,4.243
0.009488353372368271,4.244
0.009521683483225428,4.245
0.009554824662523442,4.246
0.00958767246329438,4.247
0.009620118494581099,4.248
0.009652050126023317,4.249
0.009683353998073204,4.25
0.00971392200039854,4.251
0.009743656043688197,4.252
0.009772469322086245,4.253
0.009800283404911196,4.254
0.009827022638081702,4.255
0.009852610613342378,4.256
0.009876972870339153,4.257
0.009900044251407447,4.258
0.009921776043245862,4.259
0.009942139769417538,4.26
0.009961126632233265,4.261
0.009978742561484304,4.262
0.009995000491892076,4.263
0.010009914474976376,4.264
0.010023500158442077,4.265
0.010035780595823007,4.266
0.010046792093839305,4.267
0.010056586383422212,4.268
0.010065228603761377,4.269
0.010072792166658543,4.27
0.010079352297611999,4.271
0.01008498074113284,4.272
0.010089743712390773,4.273
0.010093702705533301,4.274
0.010096915766016012,4.275
0.010099437679978538,4.276
0.010101319274694135,4.277
0.010102606619927769,4.278
0.010103340777842675,4.279
0.010103558412702376,4.28
0.010103293139711065,4.281
0.010102577103580198,4.282
0.010101442057856161,4.283
0.01009991923303487,4.284
0.010098037594819,4.285
0.010095821284767676,4.286
0.010093288641320673,4.287
0.010090454244085369,4.288
0.010087332223887122,4.289
0.010083938127214292,4.29
0.010080288218658001,4.291
0.010076396678121467,4.292
0.010072272394705643,4.293
0.01006791721333843,4.294
0.01006332560989377,4.295
0.010058484627526919,4.296
0.010053374417027559,4.297
0.010047970176711269,4.298
0.01004224422623164,4.299
0.01003616615557168,4.3
0.010029701249430293,4.301
0.010022810340571536,4.302
0.010015453443670965,4.303
0.010007595326735053,4.304
0.00999920954155304,4.305
0.009990279123011798,4.306
0.009980793738921146,4.307
0.009970744557963018,4.308
0.009960120160676954,4.309
0.009948906584401174,4.31
0.009937090872223086,4.311
0.009924664946646226,4.312
0.009911627814158724,4.313
0.009897985956058898,4.314
0.009883752332611666,4.315
0.009868944413850273,4.316
0.009853581600708894,4.317
0.009837682373098157,4.318
0.009821261452673953,4.319
0.009804327363266474,4.32
0.009786881147836945,4.321
0.009768916908620164,4.322
0.009750423924370392,4.323
0.009731389508634301,4.324
0.009711801967791783,4.325
0.00969165324014946,4.326
0.009670940783573237,4.327
0.00964966825711554,4.328
0.009627844630266285,4.329
0.009605481588639936,4.33
0.009582589769965535,4.331
0.009559175629149647,4.332
0.009535241007256254,4.333
0.00951078530894888,4.334
0.009485807992984065,4.335
0.009460309386287159,4.336
0.009434289202366402,4.337
0.009407743709640795,4.338
0.009380664463804785,4.339
0.009353040733188765,4.34
0.009324863953149604,4.341
0.009296131006223328,4.342
0.009266844569282645,4.343
0.009237010352097296,4.344
0.009206633295311673,4.345
0.009175716874895217,4.346
0.00914426735055659,4.347
0.009112299946026938,4.348
0.009079843102127422,4.349
0.009046939493208386,4.35
0.00901364421464619,4.351
0.00898002103835286,4.352
0.008946137636878902,4.353
0.008912060792546271,4.354
0.008877853340956338,4.355
0.008843574390679912,4.356
0.008809282164039893,4.357
0.008775037170890695,4.358
0.008740904056476727,4.359
0.008706951715293402,4.36
0.008673251926876084,4.361
0.008639877037348573,4.362
0.008606897228709868,4.363
0.008574377965167732,4.364
0.008542378484092677,4.365
0.0085109518764718,4.366
0.008480146101902205,4.367
0.008450004666734134,4.368
0.00842056624789366,4.369
0.008391863575513112,4.37
0.008363922762697379,4.371
0.008336763845302806,4.372
0.00831040188829835,4.373
0.008284847712078654,4.374
0.008260108035991224,4.375
0.008236185240534648,4.376
0.008213076957879732,4.377
0.00819077563486606,4.378
0.008169268107920635,4.379
0.008148535155221478,4.38
0.00812855100512798,4.381
0.00810928285043559,4.382
0.008090690534515863,4.383
0.008072726731679105,4.384
0.008055337932429216,4.385
0.00803846626965885,4.386
0.008022051907239418,4.387
0.008006035473635159,4.388
0.007990359883065616,4.389
0.00797497095967533,4.39
0.007959816570616214,4.391
0.007944844344111704,4.392
0.007929998816646888,4.393
0.007915219918430099,4.394
0.007900444130430905,4.395
0.007885607459291774,4.396
0.007870648632023577,4.397
0.007855511767783128,4.398
0.007840148195262648,4.399
0.007824516981534326,4.4
0.007808583774166817,4.401
0.00779231781099709,4.402
0.007775687992209941,4.403
0.007758660677101852,4.404
0.007741201400606354,4.405
0.007723279428521804,4.406
0.0077048723956352275,4.407
0.007685969293680917,4.408
0.007666571060141839,4.409
0.007646688394580083,4.41
0.0076263371770632,4.411
0.007605533600436157,4.412
0.007584292230119399,4.413
0.007562627662983427,4.414
0.007540556708839139,4.415
0.007518098160189575,4.416
0.0074952702439872575,4.417
0.007472088112901908,4.418
0.007448563238182482,4.419
0.007424703737104078,4.42
0.0074005139882701776,4.421
0.007375994864144077,4.422
0.0073511467311406205,4.423
0.00732597418059239,4.424
0.0073004897068349546,4.425
0.007274714707727464,4.426
0.007248677445353937,4.427
0.007222408897650236,4.428
0.00719593935267114,4.429
0.007169298536972866,4.43
0.007142518719033426,4.431
0.00711563777437866,4.432
0.007088700284128727,4.433
0.007061756670614955,4.434
0.007034861107931462,4.435
0.007008068914291324,4.436
0.006981433913019044,4.437
0.006955006122139452,4.438
0.006928830116328046,4.439
0.006902944244288291,4.44
0.0068773806528667015,4.441
0.006852165960597885,4.442
0.006827322196296593,4.443
0.006802867302333019,4.444
0.006778814891536416,4.445
0.006755174219788699,4.446
0.006731951707449396,4.447
0.006709153848324067,4.448
0.006686790038407394,4.449
0.00666487406204144,4.45
0.006643423755620352,4.451
0.006622459065576779,4.452
0.006601999240282028,4.453
0.006582060154183104,4.454
0.006562652676885906,4.455
0.006543782385123405,4.456
0.006525450193657736,4.457
0.006507653413438781,4.458
0.006490387004665277,4.459
0.0064736447426465915,4.46
0.006457419876597501,4.461
0.0064417049861146556,4.462
0.00642649107426838,4.463
0.006411766245989264,4.464
0.00639751441532035,4.465
0.006383714356154744,4.466
0.006370339206176556,4.467
0.006357356390553011,4.468
0.006344727845783533,4.469
0.006332410299991368,4.47
0.006320355391644019,4.471
0.006308509991008955,4.472
0.006296817682405524,4.473
0.006285221864137204,4.474
0.006273669761639044,4.475
0.006262116062674332,4.476
0.006250524962253946,4.477
0.006238869751128872,4.478
0.006227129704501964,4.479
0.00621528576426606,4.48
0.006203318699994528,4.481
0.006191211937396402,4.482
0.006178956694855827,4.483
0.006166555834527652,4.484
0.006154024970575944,4.485
0.00614139089629008,4.486
0.006128688033010674,4.487
0.006115954003122014,4.488
0.006103225553381768,4.489
0.00609053598213402,4.49
0.006077914482519696,4.491
0.006065386580874396,4.492
0.0060529745111657434,4.493
0.006040697107173768,4.494
0.006028569477409735,4.495
0.006016602933163914,4.496
0.0060048055586471505,4.497
0.005993183539214977,4.498
0.005981742985105494,4.499
0.005970491635903063,4.5
0.005959439651096277,4.501
0.005948598821705979,4.502
0.00593798045932978,4.503
0.005927593771571807,4.504
0.005917446360323145,4.505
0.005907546026140393,4.506
0.0058979018035142895,4.507
0.005888523318483566,4.508
0.005879418923052426,4.509
0.00587059367134971,4.51
0.005862048186250118,4.511
0.005853778625199609,4.512
0.0058457771309267425,4.513
0.005838032401099263,4.514
0.005830530596694879,4.515
0.005823256766357816,4.516
0.005816196544706062,4.517
0.005809337553422361,4.518
0.0058026698937279735,4.519
0.005796185388797747,4.52
0.00578987569721877,4.521
0.005783730164081656,4.522
0.005777734884647147,4.523
0.0057718735951406705,4.524
0.005766129332655244,4.525
0.005760485612459707,4.526
0.005754926822446193,4.527
0.005749438066360494,4.528
0.00574400478392246,4.529
0.005738612457448842,4.53
0.005733246580064168,4.531
0.005727892865481842,4.532
0.005722537523098318,4.533
0.005717167375627836,4.534
0.005711769635163717,4.535
0.005706331193083817,4.536
0.005700837366163633,4.537
0.005695270590245248,4.538
0.00568961033770964,4.539
0.005683835080582269,4.54
0.005677925619050529,4.541
0.005671868578319264,4.542
0.005665659318057459,4.543
0.00565930367531276,4.544
0.005652817945140681,4.545
0.005646226695622962,4.546
0.005639558844757357,4.547
0.00563284415209844,4.548
0.005626112819490737,4.549
0.005619398221788917,4.55
0.0056127399630771495,4.551
0.005606184941511001,4.552
0.005599786100034916,4.553
0.005593599610259729,4.554
0.005587681546324385,4.555
0.00558208513916076,4.556
0.005576859259235649,4.557
0.005572047987615022,4.558
0.005567690930724904,4.559
0.005563824100797829,4.56
0.0055604807651348925,4.561
0.005557691501880917,4.562
0.00555548373931604,4.563
0.0055538820666724215,4.564
0.0055529098754018465,4.565
0.005552591270897997,4.566
0.005552951849400907,4.567
0.00555401775290923,4.568
0.00555581366995097,4.569
0.0055583617678313605,4.57
0.005561682781981086,4.571
0.005565797944735022,4.572
0.005570729806090137,4.573
0.005576501381774989,4.574
0.0055831342753837705,4.575
0.005590647209924612,4.576
0.0055990561290926635,4.577
0.00560837548606269,4.578
0.005618619453699743,4.579
0.00562980228007619,4.58
0.005641937667545549,4.581
0.005655037401649184,4.582
0.0056691098628231205,4.583
0.0056841592526481665,4.584
0.00570018564817429,4.585
0.0057171851036284735,4.586
0.005735149445340437,4.587
0.0057540663928502475,4.588
0.005773920361298837,4.589
0.005794693244481017,4.59
0.0058163643317880745,4.591
0.005838909569567009,4.592
0.005862301513014871,4.593
0.005886510881067024,4.594
0.005911508963480392,4.595
0.00593726950824738,4.596
0.005963769309278262,4.597
0.005990987226648221,4.598
0.0060189019871144545,4.599
0.0060474902433490805,4.6
0.006076726571770412,4.601
0.006106585318007037,4.602
0.006137042662998539,4.603
0.006168077762519917,4.604
0.0061996728247964905,4.605
0.006231812202225427,4.606
0.006264480518006411,4.607
0.006297660635179208,4.608
0.0063313334071815955,4.609
0.006365480059012623,4.61
0.006400085269450369,4.611
0.0064351383064219754,4.612
0.006470631311801068,4.613
0.006506556327798586,4.614
0.006542904176126797,4.615
0.006579666317818183,4.616
0.006616837372559829,4.617
0.006654415812828737,4.618
0.0066924024378531895,4.619
0.0067307975715572,4.62
0.0067695986794146425,4.621
0.006808800020394496,4.622
0.006848394346938764,4.623
0.006888375246237267,4.624
0.0069287389296403415,4.625
0.0069694849947254155,4.626
0.00701061592100239,4.627
0.007052135181543059,4.628
0.00709404454188416,4.629
0.007136342269310397,4.63
0.007179023638746536,4.631
0.00722208293671723,4.632
0.007265515062151151,4.633
0.007309315665768245,4.634
0.007353479735641928,4.635
0.007397999315905448,4.636
0.007442861877664631,4.637
0.007488050316870371,4.638
0.007533543660643211,4.639
0.007579316977003387,4.64
0.007625340444837885,4.641
0.007671578895382131,4.642
0.007717992505285606,4.643
0.0077645377003300485,4.644
0.007811167143249679,4.645
0.007857828767151829,4.646
0.007904464678384245,4.647
0.007951010904384227,4.648
0.007997398286967135,4.649
0.008043554003980073,4.65
0.008089403085458984,4.651
0.00813486949555629,4.652
0.008179876394714833,4.653
0.008224345244906629,4.654
0.008268194041804084,4.655
0.008311336309999091,4.656
0.00835368269974641,4.657
0.0083951450003663,4.658
0.008435640641403886,4.659
0.008475095838700665,4.66
0.008513446222745412,4.661
0.00855063438949691,4.662
0.008586605275931435,4.663
0.008621302711369102,4.664
0.008654670422532916,4.665
0.008686656709621932,4.666
0.008717219181393005,4.667
0.008746327065677153,4.668
0.008773960522897362,4.669
0.008800107265748681,4.67
0.008824757517982711,4.671
0.008847899664599337,4.672
0.00886951938905962,4.673
0.008889602679950757,4.674
0.008908140218362044,4.675
0.008925130688924915,4.676
0.008940582001733121,4.677
0.008954510061217048,4.678
0.008966935022766697,4.679
0.008977876482020771,4.68
0.008987351318449249,4.681
0.008995376520285652,4.682
0.009001974598338887,4.683
0.009007177870391304,4.684
0.00901103007556157,4.685
0.009013585109281375,4.686
0.009014903007759487,4.687
0.00901504454746315,4.688
0.00901406780841493,4.689
0.009012028920809509,4.69
0.009008984807578042,4.691
0.009004994189654851,4.692
0.009000115688447574,4.693
0.008994404816174986,4.694
0.00898791263984883,4.695
0.008980686631583214,4.696
0.008972771237326092,4.697
0.008964206854182526,4.698
0.008955029703626185,4.699
0.00894527508976104,4.7
0.008934982699668262,4.701
0.008924200961076966,4.702
0.00891298883643422,4.703
0.008901414641708674,4.704
0.00888955208470966,4.705
0.008877475026089881,4.706
0.008865254235313941,4.707
0.00885295816685233,4.708
0.008840655662089117,4.709
0.008828417244431975,4.71
0.008816313970575113,4.711
0.008804414666968094,4.712
0.008792782940018168,4.713
0.008781475158591423,4.714
0.00877053973673379,4.715
0.008760017476395142,4.716
0.008749942811377021,4.717
0.008740345557240044,4.718
0.008731252436688278,4.719
0.008722687893452694,4.72
0.008714674137996132,4.721
0.008707230635581438,4.722
0.008700373347415627,4.723
0.008694113994758838,4.724
0.008688459499366995,4.725
0.008683411603379059,4.726
0.008678966523386306,4.727
0.008675114407159776,4.728
0.008671838594002185,4.729
